complaint,category
"I am being blackmailed by my ex-boyfriend who is threatening to expose personal information about me. The blackmail attempts started a few days ago through messages on Facebook. They are asking for Rs. 20,000 failing which they threaten to defame me publicly. I have not given in to any of their demands so far. The mental pressure from these continuous threats is becoming unbearable. I have kept records of all the messages and calls related to this matter. I request immediate action to stop this blackmail and protect my privacy. Please advise on the legal steps I can take against this person.",Blackmail
"I want to report an incident of eve teasing that happened in Borivali. This morning around 8 am, a man at the bus stop passed vulgar comments at me while I was walking. They also whistled and made inappropriate gestures towards me and my friend. When I tried to ignore them and walk away, they followed for some distance. This kind of behaviour has made me feel unsafe while commuting alone. Other women in the area have also faced similar harassment at the same spot. I request increased police patrolling in this area to prevent such incidents. I am ready to identify the individuals if a line-up or CCTV review is arranged.",Eve Teasing
"I want to report continuous harassment I am facing from my ex-boyfriend in Hadapsar. It started 3rd of this month and has not stopped since then. My ex-boyfriend keeps passing insulting comments about me in front of others. Last week, this person again misbehaved with me near my house. I have asked them politely to stop, but they continue to trouble me. This is affecting my mental peace and I am scared to step out alone. I request the police to take strict action against the person responsible. I am ready to provide any further details required for the investigation.",Harassment
"I, along with my family, am being harassed by my colleague residing in Pimpri. The harassment has been going on for 15th july now. They pass lewd remarks and try to create trouble whenever they see me. Last night around 9 pm the situation became worse when they confronted me directly. I feel unsafe going to work because of this constant harassment. My family members have also witnessed this behaviour on multiple occasions. I request immediate intervention so that this harassment stops permanently. Kindly register my complaint and take necessary legal action.",Harassment
"I am filing this complaint against my father-in-law for continuous domestic abuse at home. Since 10th of last month, I have been subjected to physical assault and harassment. I am also denied basic necessities and confined to the house without reason. There have been repeated threats of violence whenever I try to speak up. My relatives are aware of the situation and can testify to the abuse. I fear for my safety and the safety of my children living with me. I request immediate protection and appropriate legal action under the law. Kindly guide me regarding shelter and legal support available for my situation.",Domestic Violence
"I want to report a broken streetlight and damaged footpath in Baner causing safety issues. This problem has persisted for last friday without any repair work being done. Elderly people and children find it very difficult to walk safely in this area. During the rains, the area gets waterlogged, increasing the risk of falls. There have been a few incidents of people slipping and getting injured here. I along with other residents request immediate repair of this public infrastructure. This poses a continuous risk to pedestrians and vehicles passing through daily. I request quick action from the municipal authorities to resolve this matter.",Public Safety
"I want to report that my classmate is blackmailing me using Snapchat. Since since the last two weeks, this person has threatened to leak my private photos and information. They are demanding Rs. 35,000 in exchange for not making the content public. I have refused to pay, after which the threats have become more frequent. This blackmail has caused me severe mental stress and fear of social embarrassment. I have saved all the chat conversations and screenshots as evidence. I request the cyber crime department to investigate and take strict action. I am willing to cooperate fully to ensure this person is held accountable.",Blackmail
"I want to raise a public safety concern regarding the condition of roads in Nashik Road. There is an open manhole near the main road that has been uncovered since 2nd august. Several two-wheeler riders have already met with minor accidents at this spot. There are no warning signs or barricades placed around the hazardous area. At night, due to poor street lighting, the risk of accidents increases further. Local residents have raised this issue before, but no action has been taken. I request the concerned authorities to repair the manhole and ensure proper lighting. This is a serious public safety hazard that needs urgent attention.",Public Safety
"I am being blackmailed by a group of boys who is threatening to expose personal information about me. The blackmail attempts started 3rd of this month through messages on a dating app. They are asking for Rs. 50,000 failing which they threaten to defame me publicly. I have not given in to any of their demands so far. The mental pressure from these continuous threats is becoming unbearable. I have kept records of all the messages and calls related to this matter. I request immediate action to stop this blackmail and protect my privacy. Please advise on the legal steps I can take against this person.",Blackmail
"I am reporting an eve teasing incident that occurred near Chinchwad bus stop. This morning around 8 am, a man at the bus stop started teasing me and passing lewd remarks. They also tried to click photographs of me without my permission. I confronted them, but they laughed it off and continued their behaviour. This is not the first time such incidents have happened at this location. Several other girls have complained informally about the same group. I request strict action and regular police presence to ensure women's safety. I am willing to assist with identification if the individuals are traced.",Eve Teasing
"I want to report that I have received serious threats from a group of boys in Thane. Since last friday, this person has been threatening to harm me and my family. They have warned me of dire consequences if I do not comply with their demands. The threats have been made both in person and over phone calls. I am extremely worried about the safety of my family due to these threats. I have not responded to any of their demands, which has escalated their anger. I request police protection and immediate action against the person threatening me. I can provide call recordings and witness details to support this complaint.",Threat
"I want to report a broken streetlight and damaged footpath in Chinchwad causing safety issues. This problem has persisted for since the last two weeks without any repair work being done. Elderly people and children find it very difficult to walk safely in this area. During the rains, the area gets waterlogged, increasing the risk of falls. There have been a few incidents of people slipping and getting injured here. I along with other residents request immediate repair of this public infrastructure. This poses a continuous risk to pedestrians and vehicles passing through daily. I request quick action from the municipal authorities to resolve this matter.",Public Safety
"I am filing this complaint against my mother-in-law for continuous domestic abuse at home. Since 3rd of this month, I have been subjected to physical assault and harassment. I am also denied basic necessities and confined to the house without reason. There have been repeated threats of violence whenever I try to speak up. My relatives are aware of the situation and can testify to the abuse. I fear for my safety and the safety of my children living with me. I request immediate protection and appropriate legal action under the law. Kindly guide me regarding shelter and legal support available for my situation.",Domestic Violence
"I am filing this complaint against my mother-in-law for continuous domestic abuse at home. Since a few days ago, I have been subjected to physical assault and harassment. I am also denied basic necessities and confined to the house without reason. There have been repeated threats of violence whenever I try to speak up. My relatives are aware of the situation and can testify to the abuse. I fear for my safety and the safety of my children living with me. I request immediate protection and appropriate legal action under the law. Kindly guide me regarding shelter and legal support available for my situation.",Domestic Violence
"I, along with my family, am being harassed by my neighbour residing in Vashi. The harassment has been going on for a few days ago now. They pass lewd remarks and try to create trouble whenever they see me. On monday afternoon the situation became worse when they confronted me directly. I feel unsafe going to work because of this constant harassment. My family members have also witnessed this behaviour on multiple occasions. I request immediate intervention so that this harassment stops permanently. Kindly register my complaint and take necessary legal action.",Harassment
"I want to report an incident of eve teasing that happened in Kalyan. On monday afternoon, two men on a bike passed vulgar comments at me while I was walking. They also whistled and made inappropriate gestures towards me and my friend. When I tried to ignore them and walk away, they followed for some distance. This kind of behaviour has made me feel unsafe while commuting alone. Other women in the area have also faced similar harassment at the same spot. I request increased police patrolling in this area to prevent such incidents. I am ready to identify the individuals if a line-up or CCTV review is arranged.",Eve Teasing
"I am filing this complaint against my husband and his family for continuous domestic abuse at home. Since last friday, I have been subjected to physical assault and harassment. I am also denied basic necessities and confined to the house without reason. There have been repeated threats of violence whenever I try to speak up. My relatives are aware of the situation and can testify to the abuse. I fear for my safety and the safety of my children living with me. I request immediate protection and appropriate legal action under the law. Kindly guide me regarding shelter and legal support available for my situation.",Domestic Violence
"I want to report continuous harassment I am facing from a stranger in Dadar. It started 3rd of this month and has not stopped since then. A stranger keeps passing insulting comments about me in front of others. Two days back, this person again misbehaved with me near my house. I have asked them politely to stop, but they continue to trouble me. This is affecting my mental peace and I am scared to step out alone. I request the police to take strict action against the person responsible. I am ready to provide any further details required for the investigation.",Harassment
"I want to file a complaint regarding stalking by my husband in Wakad. Since 3rd of this month, this person has been following me almost every day. Early this morning, I noticed the same person waiting outside my house again. They also follow me to my workplace and wait near the gate. I have noticed the same vehicle following my auto-rickshaw multiple times. This constant following has made me extremely anxious and fearful for my safety. I request the police to investigate and stop this person from stalking me. I am willing to identify the person and provide further details if needed.",Stalking
"I want to raise a public safety concern regarding the condition of roads in Nashik Road. There is an open manhole near the main road that has been uncovered since a few days ago. Several two-wheeler riders have already met with minor accidents at this spot. There are no warning signs or barricades placed around the hazardous area. At night, due to poor street lighting, the risk of accidents increases further. Local residents have raised this issue before, but no action has been taken. I request the concerned authorities to repair the manhole and ensure proper lighting. This is a serious public safety hazard that needs urgent attention.",Public Safety
"Someone on Telegram has been repeatedly sending me inappropriate messages and comments. This harassment began last friday and has increased in frequency recently. The person has also commented obscene things on my public posts. I tried to reason with them, but they continued with more vulgar messages. They also tagged my friends and family in embarrassing and false posts. I am extremely disturbed and unable to use social media peacefully anymore. I request that the account be tracked down and appropriate action be taken. I am attaching the necessary screenshots to support my complaint.",Cyber Harassment
"This is to report a theft incident involving my wife's handbag in the Camp area locality. It occurred last week, when I had briefly stepped away from the spot. On returning, I found that my belongings had been taken by someone unknown. The estimated loss is approximately Rs. 1,00,000, which is a significant amount for me. There were a few people nearby, but no one noticed the theft taking place. I have checked with nearby shops and residents, but there is no lead yet. I request that the case be registered and investigated at the earliest. I am willing to cooperate fully with the investigation process.",Theft
"A person, identified as my ex-boyfriend, has been stalking me for 15th july now. Yesterday evening, they were seen standing near my college gate watching me. They repeatedly try to talk to me even after I have refused multiple times. My friends have also noticed this person following me on different days. This person seems to know my daily routine, which is very concerning. I fear this may escalate into something more dangerous if not stopped. I request that strict action be taken against this individual immediately. Please guide me on the next steps to ensure my safety.",Stalking
"I want to file a complaint regarding stalking by my ex-partner in Vile Parle. Since 2nd august, this person has been following me almost every day. While i was returning from work, I noticed the same person waiting outside my house again. They also follow me to my workplace and wait near the gate. I have noticed the same vehicle following my auto-rickshaw multiple times. This constant following has made me extremely anxious and fearful for my safety. I request the police to investigate and stop this person from stalking me. I am willing to identify the person and provide further details if needed.",Stalking
"I want to file a complaint regarding stalking by an unknown person in Shivaji Nagar. Since on the 18th, this person has been following me almost every day. During my evening walk, I noticed the same person waiting outside my house again. They also follow me to my workplace and wait near the gate. I have noticed the same vehicle following my auto-rickshaw multiple times. This constant following has made me extremely anxious and fearful for my safety. I request the police to investigate and stop this person from stalking me. I am willing to identify the person and provide further details if needed.",Stalking
"I, along with my family, am being harassed by a stranger residing in Chinchwad. The harassment has been going on for 10th of last month now. They pass lewd remarks and try to create trouble whenever they see me. Two days back the situation became worse when they confronted me directly. I feel unsafe going to work because of this constant harassment. My family members have also witnessed this behaviour on multiple occasions. I request immediate intervention so that this harassment stops permanently. Kindly register my complaint and take necessary legal action.",Harassment
"I want to report an incident of eve teasing that happened in Kalyan. During my evening walk, a group of boys passed vulgar comments at me while I was walking. They also whistled and made inappropriate gestures towards me and my friend. When I tried to ignore them and walk away, they followed for some distance. This kind of behaviour has made me feel unsafe while commuting alone. Other women in the area have also faced similar harassment at the same spot. I request increased police patrolling in this area to prevent such incidents. I am ready to identify the individuals if a line-up or CCTV review is arranged.",Eve Teasing
"I want to report a broken streetlight and damaged footpath in Baner causing safety issues. This problem has persisted for a few days ago without any repair work being done. Elderly people and children find it very difficult to walk safely in this area. During the rains, the area gets waterlogged, increasing the risk of falls. There have been a few incidents of people slipping and getting injured here. I along with other residents request immediate repair of this public infrastructure. This poses a continuous risk to pedestrians and vehicles passing through daily. I request quick action from the municipal authorities to resolve this matter.",Public Safety
"Someone on Facebook has been repeatedly sending me inappropriate messages and comments. This harassment began 10th of last month and has increased in frequency recently. The person has also commented obscene things on my public posts. I tried to reason with them, but they continued with more vulgar messages. They also tagged my friends and family in embarrassing and false posts. I am extremely disturbed and unable to use social media peacefully anymore. I request that the account be tracked down and appropriate action be taken. I am attaching the necessary screenshots to support my complaint.",Cyber Harassment
"I want to report domestic violence I am facing from my mother-in-law at my residence in Shivaji Nagar. The physical and mental abuse has continued for since the last two weeks. I am often beaten and verbally abused over small household matters. They have also threatened to throw me out of the house without any support. My children have witnessed these incidents, which has affected them badly. I have tried to resolve this peacefully, but the abuse continues to escalate. I request protection and legal action against those responsible for this abuse. I am ready to provide medical records and witness statements if required.",Domestic Violence
"I want to report that I have received serious threats from my brother-in-law in Vile Parle. Since last friday, this person has been threatening to harm me and my family. They have warned me of dire consequences if I do not comply with their demands. The threats have been made both in person and over phone calls. I am extremely worried about the safety of my family due to these threats. I have not responded to any of their demands, which has escalated their anger. I request police protection and immediate action against the person threatening me. I can provide call recordings and witness details to support this complaint.",Threat
"I am reporting an eve teasing incident that occurred near Pimpri bus stop. While i was returning from work, some youths started teasing me and passing lewd remarks. They also tried to click photographs of me without my permission. I confronted them, but they laughed it off and continued their behaviour. This is not the first time such incidents have happened at this location. Several other girls have complained informally about the same group. I request strict action and regular police presence to ensure women's safety. I am willing to assist with identification if the individuals are traced.",Eve Teasing
"I want to report that I am being harassed online through a dating app. An unknown user has been sending me abusive and threatening messages since 15th july. They have also created a fake profile using my photos without my consent. This person is messaging my friends and relatives with objectionable content about me. I have tried blocking the account, but new fake accounts keep appearing. This online harassment is causing me a lot of stress and embarrassment. I request cyber crime cell to trace the account and take strict action. I can share screenshots and chat history as proof of the harassment.",Cyber Harassment
"I want to report a broken streetlight and damaged footpath in Thane causing safety issues. This problem has persisted for 10th of last month without any repair work being done. Elderly people and children find it very difficult to walk safely in this area. During the rains, the area gets waterlogged, increasing the risk of falls. There have been a few incidents of people slipping and getting injured here. I along with other residents request immediate repair of this public infrastructure. This poses a continuous risk to pedestrians and vehicles passing through daily. I request quick action from the municipal authorities to resolve this matter.",Public Safety
"I want to report the theft of my wife's handbag that happened in Shivaji Nagar. The incident took place while I was returning from work, near the main market area. When I realised it was missing, I immediately checked the surroundings but found nothing. I suspect it was stolen by someone who was following me for a while. The approximate value of the stolen item is around Rs. 75,000. I have already informed the local shopkeepers in case they noticed anything unusual. I request the police to investigate the matter and help recover my belongings. I am ready to provide any additional details or CCTV footage location if available.",Theft
"I am filing a complaint regarding threats issued to me by my classmate residing in Dadar. The threats began a few days ago after a minor dispute between us. They have threatened to attack me and damage my property if I speak up. This has caused significant fear and anxiety for me and my family members. I have avoided any confrontation, but the threats have continued regardless. Neighbours in the area are also aware of the tension and can confirm this. I request that appropriate legal action be taken to ensure my safety. Please treat this matter with urgency given the serious nature of the threats.",Threat
"I want to report that an unidentified man is blackmailing me using an unknown phone number. Since 2nd august, this person has threatened to leak my private photos and information. They are demanding Rs. 75,000 in exchange for not making the content public. I have refused to pay, after which the threats have become more frequent. This blackmail has caused me severe mental stress and fear of social embarrassment. I have saved all the chat conversations and screenshots as evidence. I request the cyber crime department to investigate and take strict action. I am willing to cooperate fully to ensure this person is held accountable.",Blackmail
"I want to report that I am being harassed online through a dating app. An unknown user has been sending me abusive and threatening messages since a few days ago. They have also created a fake profile using my photos without my consent. This person is messaging my friends and relatives with objectionable content about me. I have tried blocking the account, but new fake accounts keep appearing. This online harassment is causing me a lot of stress and embarrassment. I request cyber crime cell to trace the account and take strict action. I can share screenshots and chat history as proof of the harassment.",Cyber Harassment
"I want to report that I have received serious threats from my ex-partner in Chinchwad. Since 22nd june, this person has been threatening to harm me and my family. They have warned me of dire consequences if I do not comply with their demands. The threats have been made both in person and over phone calls. I am extremely worried about the safety of my family due to these threats. I have not responded to any of their demands, which has escalated their anger. I request police protection and immediate action against the person threatening me. I can provide call recordings and witness details to support this complaint.",Threat
"I want to report that I have received serious threats from a group of boys in Shivaji Nagar. Since 10th of last month, this person has been threatening to harm me and my family. They have warned me of dire consequences if I do not comply with their demands. The threats have been made both in person and over phone calls. I am extremely worried about the safety of my family due to these threats. I have not responded to any of their demands, which has escalated their anger. I request police protection and immediate action against the person threatening me. I can provide call recordings and witness details to support this complaint.",Threat
"I want to report that I have received serious threats from my husband in Nashik Road. Since 22nd june, this person has been threatening to harm me and my family. They have warned me of dire consequences if I do not comply with their demands. The threats have been made both in person and over phone calls. I am extremely worried about the safety of my family due to these threats. I have not responded to any of their demands, which has escalated their anger. I request police protection and immediate action against the person threatening me. I can provide call recordings and witness details to support this complaint.",Threat
"I want to report a suspicious activity noticed in Nagpur city. Since 2nd august, unknown individuals have been gathering near the abandoned building at odd hours. Residents suspect some illegal activity may be taking place there at night. There have been loud noises and occasional arguments heard from the location. This has raised safety concerns among the families living nearby. No official action has been taken despite informing the local ward office. I request the authorities to investigate this matter and ensure resident safety. I am willing to provide further details or accompany officials if required.",Other
"I want to report an incident of eve teasing that happened in Pimpri. Early this morning, two men on a bike passed vulgar comments at me while I was walking. They also whistled and made inappropriate gestures towards me and my friend. When I tried to ignore them and walk away, they followed for some distance. This kind of behaviour has made me feel unsafe while commuting alone. Other women in the area have also faced similar harassment at the same spot. I request increased police patrolling in this area to prevent such incidents. I am ready to identify the individuals if a line-up or CCTV review is arranged.",Eve Teasing
"I want to report that I have received serious threats from my brother-in-law in Kothrud. Since 2nd august, this person has been threatening to harm me and my family. They have warned me of dire consequences if I do not comply with their demands. The threats have been made both in person and over phone calls. I am extremely worried about the safety of my family due to these threats. I have not responded to any of their demands, which has escalated their anger. I request police protection and immediate action against the person threatening me. I can provide call recordings and witness details to support this complaint.",Threat
"I am filing this complaint against my husband for continuous domestic abuse at home. Since a few days ago, I have been subjected to physical assault and harassment. I am also denied basic necessities and confined to the house without reason. There have been repeated threats of violence whenever I try to speak up. My relatives are aware of the situation and can testify to the abuse. I fear for my safety and the safety of my children living with me. I request immediate protection and appropriate legal action under the law. Kindly guide me regarding shelter and legal support available for my situation.",Domestic Violence
"I want to raise a public safety concern regarding the condition of roads in Dadar. There is an open manhole near the main road that has been uncovered since 2nd august. Several two-wheeler riders have already met with minor accidents at this spot. There are no warning signs or barricades placed around the hazardous area. At night, due to poor street lighting, the risk of accidents increases further. Local residents have raised this issue before, but no action has been taken. I request the concerned authorities to repair the manhole and ensure proper lighting. This is a serious public safety hazard that needs urgent attention.",Public Safety
"I want to report a suspicious activity noticed in Sadar Bazar. Since last friday, unknown individuals have been gathering near the abandoned building at odd hours. Residents suspect some illegal activity may be taking place there at night. There have been loud noises and occasional arguments heard from the location. This has raised safety concerns among the families living nearby. No official action has been taken despite informing the local ward office. I request the authorities to investigate this matter and ensure resident safety. I am willing to provide further details or accompany officials if required.",Other
"I want to file a complaint regarding stalking by a shopkeeper nearby in Kharadi. Since 15th july, this person has been following me almost every day. When i was coming back from the market, I noticed the same person waiting outside my house again. They also follow me to my workplace and wait near the gate. I have noticed the same vehicle following my auto-rickshaw multiple times. This constant following has made me extremely anxious and fearful for my safety. I request the police to investigate and stop this person from stalking me. I am willing to identify the person and provide further details if needed.",Stalking
"I want to report a suspicious activity noticed in Chinchwad. Since 10th of last month, unknown individuals have been gathering near the abandoned building at odd hours. Residents suspect some illegal activity may be taking place there at night. There have been loud noises and occasional arguments heard from the location. This has raised safety concerns among the families living nearby. No official action has been taken despite informing the local ward office. I request the authorities to investigate this matter and ensure resident safety. I am willing to provide further details or accompany officials if required.",Other
"I am filing this complaint against my husband for continuous domestic abuse at home. Since on the 18th, I have been subjected to physical assault and harassment. I am also denied basic necessities and confined to the house without reason. There have been repeated threats of violence whenever I try to speak up. My relatives are aware of the situation and can testify to the abuse. I fear for my safety and the safety of my children living with me. I request immediate protection and appropriate legal action under the law. Kindly guide me regarding shelter and legal support available for my situation.",Domestic Violence
"I want to file a complaint regarding stalking by my husband in Sadar Bazar. Since 2nd august, this person has been following me almost every day. Around midnight, I noticed the same person waiting outside my house again. They also follow me to my workplace and wait near the gate. I have noticed the same vehicle following my auto-rickshaw multiple times. This constant following has made me extremely anxious and fearful for my safety. I request the police to investigate and stop this person from stalking me. I am willing to identify the person and provide further details if needed.",Stalking
"I, along with my family, am being harassed by my landlord residing in Borivali. The harassment has been going on for for the past one month now. They pass lewd remarks and try to create trouble whenever they see me. Last week the situation became worse when they confronted me directly. I feel unsafe going to work because of this constant harassment. My family members have also witnessed this behaviour on multiple occasions. I request immediate intervention so that this harassment stops permanently. Kindly register my complaint and take necessary legal action.",Harassment
"I am being blackmailed by a group of boys who is threatening to expose personal information about me. The blackmail attempts started 15th july through messages on a fake email ID. They are asking for Rs. 50,000 failing which they threaten to defame me publicly. I have not given in to any of their demands so far. The mental pressure from these continuous threats is becoming unbearable. I have kept records of all the messages and calls related to this matter. I request immediate action to stop this blackmail and protect my privacy. Please advise on the legal steps I can take against this person.",Blackmail
"I want to report continuous harassment I am facing from my ex-husband in Sadar Bazar. It started last Friday and has not stopped since then. My ex-husband keeps passing insulting comments about me in front of others. On my way to college, this person again misbehaved with me near my house. I have asked them politely to stop, but they continue to trouble me. This is affecting my mental peace and I am scared to step out alone. I request the police to take strict action against the person responsible. I am ready to provide any further details required for the investigation.",Harassment
"I want to report that my landlord is blackmailing me using a fake email ID. Since a few days ago, this person has threatened to leak my private photos and information. They are demanding Rs. 8,000 in exchange for not making the content public. I have refused to pay, after which the threats have become more frequent. This blackmail has caused me severe mental stress and fear of social embarrassment. I have saved all the chat conversations and screenshots as evidence. I request the cyber crime department to investigate and take strict action. I am willing to cooperate fully to ensure this person is held accountable.",Blackmail
"I am being blackmailed by an unknown person who is threatening to expose personal information about me. The blackmail attempts started 15th july through messages on Facebook. They are asking for Rs. 1,00,000 failing which they threaten to defame me publicly. I have not given in to any of their demands so far. The mental pressure from these continuous threats is becoming unbearable. I have kept records of all the messages and calls related to this matter. I request immediate action to stop this blackmail and protect my privacy. Please advise on the legal steps I can take against this person.",Blackmail
"Someone on WhatsApp has been repeatedly sending me inappropriate messages and comments. This harassment began for the past one month and has increased in frequency recently. The person has also commented obscene things on my public posts. I tried to reason with them, but they continued with more vulgar messages. They also tagged my friends and family in embarrassing and false posts. I am extremely disturbed and unable to use social media peacefully anymore. I request that the account be tracked down and appropriate action be taken. I am attaching the necessary screenshots to support my complaint.",Cyber Harassment
"I want to report the theft of my two-wheeler that happened in Vile Parle. The incident took place yesterday evening, near the main market area. When I realised it was missing, I immediately checked the surroundings but found nothing. I suspect it was stolen by someone who was following me for a while. The approximate value of the stolen item is around Rs. 50,000. I have already informed the local shopkeepers in case they noticed anything unusual. I request the police to investigate the matter and help recover my belongings. I am ready to provide any additional details or CCTV footage location if available.",Theft
"I want to report a suspicious activity noticed in Sadar Bazar. Since 15th july, unknown individuals have been gathering near the abandoned building at odd hours. Residents suspect some illegal activity may be taking place there at night. There have been loud noises and occasional arguments heard from the location. This has raised safety concerns among the families living nearby. No official action has been taken despite informing the local ward office. I request the authorities to investigate this matter and ensure resident safety. I am willing to provide further details or accompany officials if required.",Other
"I want to report continuous harassment I am facing from a stranger in Hadapsar. It started 2nd August and has not stopped since then. A stranger keeps passing insulting comments about me in front of others. When i was coming back from the market, this person again misbehaved with me near my house. I have asked them politely to stop, but they continue to trouble me. This is affecting my mental peace and I am scared to step out alone. I request the police to take strict action against the person responsible. I am ready to provide any further details required for the investigation.",Harassment
"I want to report that my brother-in-law is blackmailing me using WhatsApp. Since a few days ago, this person has threatened to leak my private photos and information. They are demanding Rs. 75,000 in exchange for not making the content public. I have refused to pay, after which the threats have become more frequent. This blackmail has caused me severe mental stress and fear of social embarrassment. I have saved all the chat conversations and screenshots as evidence. I request the cyber crime department to investigate and take strict action. I am willing to cooperate fully to ensure this person is held accountable.",Blackmail
"I want to file a complaint regarding stalking by a senior at my workplace in Kharadi. Since 15th july, this person has been following me almost every day. When i was coming back from the market, I noticed the same person waiting outside my house again. They also follow me to my workplace and wait near the gate. I have noticed the same vehicle following my auto-rickshaw multiple times. This constant following has made me extremely anxious and fearful for my safety. I request the police to investigate and stop this person from stalking me. I am willing to identify the person and provide further details if needed.",Stalking
"I want to report the theft of my two-wheeler that happened in Kalyan. The incident took place during my evening walk, near the main market area. When I realised it was missing, I immediately checked the surroundings but found nothing. I suspect it was stolen by someone who was following me for a while. The approximate value of the stolen item is around Rs. 35,000. I have already informed the local shopkeepers in case they noticed anything unusual. I request the police to investigate the matter and help recover my belongings. I am ready to provide any additional details or CCTV footage location if available.",Theft
"I want to report continuous harassment I am facing from my colleague in Wakad. It started 3rd of this month and has not stopped since then. My colleague keeps passing insulting comments about me in front of others. On monday afternoon, this person again misbehaved with me near my house. I have asked them politely to stop, but they continue to trouble me. This is affecting my mental peace and I am scared to step out alone. I request the police to take strict action against the person responsible. I am ready to provide any further details required for the investigation.",Harassment
"I want to file a general safety complaint regarding noise and nuisance in Aundh. For a few days ago, a nearby establishment has been operating loudly beyond permitted hours. This has disturbed the peace of the neighbourhood, especially for elderly residents and children. Repeated requests to the owners to reduce noise have been ignored. The situation escalates on weekends when the disturbance continues till late night. Several neighbours have joined together to raise this issue with local authorities. I request necessary action to ensure the noise levels are brought under control. Kindly look into this matter at the earliest for the well-being of residents.",Other
"I want to report that I have received serious threats from my ex-husband in Baner. Since 22nd june, this person has been threatening to harm me and my family. They have warned me of dire consequences if I do not comply with their demands. The threats have been made both in person and over phone calls. I am extremely worried about the safety of my family due to these threats. I have not responded to any of their demands, which has escalated their anger. I request police protection and immediate action against the person threatening me. I can provide call recordings and witness details to support this complaint.",Threat
"I am filing this complaint against my husband and his family for continuous domestic abuse at home. Since 10th of last month, I have been subjected to physical assault and harassment. I am also denied basic necessities and confined to the house without reason. There have been repeated threats of violence whenever I try to speak up. My relatives are aware of the situation and can testify to the abuse. I fear for my safety and the safety of my children living with me. I request immediate protection and appropriate legal action under the law. Kindly guide me regarding shelter and legal support available for my situation.",Domestic Violence
"I want to report an incident of eve teasing that happened in Vashi. Last week, two men on a bike passed vulgar comments at me while I was walking. They also whistled and made inappropriate gestures towards me and my friend. When I tried to ignore them and walk away, they followed for some distance. This kind of behaviour has made me feel unsafe while commuting alone. Other women in the area have also faced similar harassment at the same spot. I request increased police patrolling in this area to prevent such incidents. I am ready to identify the individuals if a line-up or CCTV review is arranged.",Eve Teasing
"I am filing a complaint regarding threats issued to me by a shopkeeper nearby residing in Vile Parle. The threats began 22nd june after a minor dispute between us. They have threatened to attack me and damage my property if I speak up. This has caused significant fear and anxiety for me and my family members. I have avoided any confrontation, but the threats have continued regardless. Neighbours in the area are also aware of the tension and can confirm this. I request that appropriate legal action be taken to ensure my safety. Please treat this matter with urgency given the serious nature of the threats.",Threat
"This is to report a theft incident involving my wife's handbag in the Aundh locality. It occurred on my way to college, when I had briefly stepped away from the spot. On returning, I found that my belongings had been taken by someone unknown. The estimated loss is approximately Rs. 50,000, which is a significant amount for me. There were a few people nearby, but no one noticed the theft taking place. I have checked with nearby shops and residents, but there is no lead yet. I request that the case be registered and investigated at the earliest. I am willing to cooperate fully with the investigation process.",Theft
"I am filing a complaint regarding threats issued to me by an unidentified man residing in Kharadi. The threats began last friday after a minor dispute between us. They have threatened to attack me and damage my property if I speak up. This has caused significant fear and anxiety for me and my family members. I have avoided any confrontation, but the threats have continued regardless. Neighbours in the area are also aware of the tension and can confirm this. I request that appropriate legal action be taken to ensure my safety. Please treat this matter with urgency given the serious nature of the threats.",Threat
"I want to file a complaint regarding stalking by my classmate in Baner. Since 10th of last month, this person has been following me almost every day. On my way to college, I noticed the same person waiting outside my house again. They also follow me to my workplace and wait near the gate. I have noticed the same vehicle following my auto-rickshaw multiple times. This constant following has made me extremely anxious and fearful for my safety. I request the police to investigate and stop this person from stalking me. I am willing to identify the person and provide further details if needed.",Stalking
"I want to report an incident of eve teasing that happened in Baner. While i was returning from work, two men on a bike passed vulgar comments at me while I was walking. They also whistled and made inappropriate gestures towards me and my friend. When I tried to ignore them and walk away, they followed for some distance. This kind of behaviour has made me feel unsafe while commuting alone. Other women in the area have also faced similar harassment at the same spot. I request increased police patrolling in this area to prevent such incidents. I am ready to identify the individuals if a line-up or CCTV review is arranged.",Eve Teasing
"I am being blackmailed by a group of boys who is threatening to expose personal information about me. The blackmail attempts started on the 18th through messages on Facebook. They are asking for Rs. 1,00,000 failing which they threaten to defame me publicly. I have not given in to any of their demands so far. The mental pressure from these continuous threats is becoming unbearable. I have kept records of all the messages and calls related to this matter. I request immediate action to stop this blackmail and protect my privacy. Please advise on the legal steps I can take against this person.",Blackmail
"I am being blackmailed by my husband who is threatening to expose personal information about me. The blackmail attempts started 15th july through messages on WhatsApp. They are asking for Rs. 1,00,000 failing which they threaten to defame me publicly. I have not given in to any of their demands so far. The mental pressure from these continuous threats is becoming unbearable. I have kept records of all the messages and calls related to this matter. I request immediate action to stop this blackmail and protect my privacy. Please advise on the legal steps I can take against this person.",Blackmail
"A person, identified as my classmate, has been stalking me for last friday now. Last week, they were seen standing near my college gate watching me. They repeatedly try to talk to me even after I have refused multiple times. My friends have also noticed this person following me on different days. This person seems to know my daily routine, which is very concerning. I fear this may escalate into something more dangerous if not stopped. I request that strict action be taken against this individual immediately. Please guide me on the next steps to ensure my safety.",Stalking
"I want to report that I have received serious threats from my brother-in-law in Kothrud. Since for the past one month, this person has been threatening to harm me and my family. They have warned me of dire consequences if I do not comply with their demands. The threats have been made both in person and over phone calls. I am extremely worried about the safety of my family due to these threats. I have not responded to any of their demands, which has escalated their anger. I request police protection and immediate action against the person threatening me. I can provide call recordings and witness details to support this complaint.",Threat
"I want to file a general safety complaint regarding noise and nuisance in Pimpri. For 10th of last month, a nearby establishment has been operating loudly beyond permitted hours. This has disturbed the peace of the neighbourhood, especially for elderly residents and children. Repeated requests to the owners to reduce noise have been ignored. The situation escalates on weekends when the disturbance continues till late night. Several neighbours have joined together to raise this issue with local authorities. I request necessary action to ensure the noise levels are brought under control. Kindly look into this matter at the earliest for the well-being of residents.",Other
"I want to report that I have received serious threats from a senior at my workplace in Nashik Road. Since 10th of last month, this person has been threatening to harm me and my family. They have warned me of dire consequences if I do not comply with their demands. The threats have been made both in person and over phone calls. I am extremely worried about the safety of my family due to these threats. I have not responded to any of their demands, which has escalated their anger. I request police protection and immediate action against the person threatening me. I can provide call recordings and witness details to support this complaint.",Threat
"I want to file a general safety complaint regarding noise and nuisance in Camp area. For 10th of last month, a nearby establishment has been operating loudly beyond permitted hours. This has disturbed the peace of the neighbourhood, especially for elderly residents and children. Repeated requests to the owners to reduce noise have been ignored. The situation escalates on weekends when the disturbance continues till late night. Several neighbours have joined together to raise this issue with local authorities. I request necessary action to ensure the noise levels are brought under control. Kindly look into this matter at the earliest for the well-being of residents.",Other
"I want to report that I am being harassed online through Telegram. An unknown user has been sending me abusive and threatening messages since 15th july. They have also created a fake profile using my photos without my consent. This person is messaging my friends and relatives with objectionable content about me. I have tried blocking the account, but new fake accounts keep appearing. This online harassment is causing me a lot of stress and embarrassment. I request cyber crime cell to trace the account and take strict action. I can share screenshots and chat history as proof of the harassment.",Cyber Harassment
"I am filing a complaint regarding threats issued to me by an unidentified man residing in Dadar. The threats began on the 18th after a minor dispute between us. They have threatened to attack me and damage my property if I speak up. This has caused significant fear and anxiety for me and my family members. I have avoided any confrontation, but the threats have continued regardless. Neighbours in the area are also aware of the tension and can confirm this. I request that appropriate legal action be taken to ensure my safety. Please treat this matter with urgency given the serious nature of the threats.",Threat
"I want to report an incident of eve teasing that happened in Aundh. Two days back, a man at the bus stop passed vulgar comments at me while I was walking. They also whistled and made inappropriate gestures towards me and my friend. When I tried to ignore them and walk away, they followed for some distance. This kind of behaviour has made me feel unsafe while commuting alone. Other women in the area have also faced similar harassment at the same spot. I request increased police patrolling in this area to prevent such incidents. I am ready to identify the individuals if a line-up or CCTV review is arranged.",Eve Teasing
"I want to report domestic violence I am facing from my mother-in-law at my residence in Kothrud. The physical and mental abuse has continued for for the past one month. I am often beaten and verbally abused over small household matters. They have also threatened to throw me out of the house without any support. My children have witnessed these incidents, which has affected them badly. I have tried to resolve this peacefully, but the abuse continues to escalate. I request protection and legal action against those responsible for this abuse. I am ready to provide medical records and witness statements if required.",Domestic Violence
"I want to report domestic violence I am facing from my mother-in-law at my residence in Pimpri. The physical and mental abuse has continued for last friday. I am often beaten and verbally abused over small household matters. They have also threatened to throw me out of the house without any support. My children have witnessed these incidents, which has affected them badly. I have tried to resolve this peacefully, but the abuse continues to escalate. I request protection and legal action against those responsible for this abuse. I am ready to provide medical records and witness statements if required.",Domestic Violence
"I want to report an incident of eve teasing that happened in Kharadi. On monday afternoon, some youths passed vulgar comments at me while I was walking. They also whistled and made inappropriate gestures towards me and my friend. When I tried to ignore them and walk away, they followed for some distance. This kind of behaviour has made me feel unsafe while commuting alone. Other women in the area have also faced similar harassment at the same spot. I request increased police patrolling in this area to prevent such incidents. I am ready to identify the individuals if a line-up or CCTV review is arranged.",Eve Teasing
"I want to file a general safety complaint regarding noise and nuisance in Aundh. For 2nd august, a nearby establishment has been operating loudly beyond permitted hours. This has disturbed the peace of the neighbourhood, especially for elderly residents and children. Repeated requests to the owners to reduce noise have been ignored. The situation escalates on weekends when the disturbance continues till late night. Several neighbours have joined together to raise this issue with local authorities. I request necessary action to ensure the noise levels are brought under control. Kindly look into this matter at the earliest for the well-being of residents.",Other
"I want to report that my brother-in-law is blackmailing me using Snapchat. Since 2nd august, this person has threatened to leak my private photos and information. They are demanding Rs. 35,000 in exchange for not making the content public. I have refused to pay, after which the threats have become more frequent. This blackmail has caused me severe mental stress and fear of social embarrassment. I have saved all the chat conversations and screenshots as evidence. I request the cyber crime department to investigate and take strict action. I am willing to cooperate fully to ensure this person is held accountable.",Blackmail
"I want to file a general safety complaint regarding noise and nuisance in Dadar. For 3rd of this month, a nearby establishment has been operating loudly beyond permitted hours. This has disturbed the peace of the neighbourhood, especially for elderly residents and children. Repeated requests to the owners to reduce noise have been ignored. The situation escalates on weekends when the disturbance continues till late night. Several neighbours have joined together to raise this issue with local authorities. I request necessary action to ensure the noise levels are brought under control. Kindly look into this matter at the earliest for the well-being of residents.",Other
"I am reporting an eve teasing incident that occurred near Pimpri bus stop. This morning around 8 am, a man at the bus stop started teasing me and passing lewd remarks. They also tried to click photographs of me without my permission. I confronted them, but they laughed it off and continued their behaviour. This is not the first time such incidents have happened at this location. Several other girls have complained informally about the same group. I request strict action and regular police presence to ensure women's safety. I am willing to assist with identification if the individuals are traced.",Eve Teasing
"I am filing this complaint against my mother-in-law for continuous domestic abuse at home. Since for the past one month, I have been subjected to physical assault and harassment. I am also denied basic necessities and confined to the house without reason. There have been repeated threats of violence whenever I try to speak up. My relatives are aware of the situation and can testify to the abuse. I fear for my safety and the safety of my children living with me. I request immediate protection and appropriate legal action under the law. Kindly guide me regarding shelter and legal support available for my situation.",Domestic Violence
"I want to report that I am being harassed online through Telegram. An unknown user has been sending me abusive and threatening messages since last friday. They have also created a fake profile using my photos without my consent. This person is messaging my friends and relatives with objectionable content about me. I have tried blocking the account, but new fake accounts keep appearing. This online harassment is causing me a lot of stress and embarrassment. I request cyber crime cell to trace the account and take strict action. I can share screenshots and chat history as proof of the harassment.",Cyber Harassment
"I want to report a suspicious activity noticed in Nashik Road. Since 2nd august, unknown individuals have been gathering near the abandoned building at odd hours. Residents suspect some illegal activity may be taking place there at night. There have been loud noises and occasional arguments heard from the location. This has raised safety concerns among the families living nearby. No official action has been taken despite informing the local ward office. I request the authorities to investigate this matter and ensure resident safety. I am willing to provide further details or accompany officials if required.",Other
"I am filing a complaint regarding threats issued to me by my ex-husband residing in Dadar. The threats began last friday after a minor dispute between us. They have threatened to attack me and damage my property if I speak up. This has caused significant fear and anxiety for me and my family members. I have avoided any confrontation, but the threats have continued regardless. Neighbours in the area are also aware of the tension and can confirm this. I request that appropriate legal action be taken to ensure my safety. Please treat this matter with urgency given the serious nature of the threats.",Threat
"I want to file a general safety complaint regarding noise and nuisance in Dadar. For on the 18th, a nearby establishment has been operating loudly beyond permitted hours. This has disturbed the peace of the neighbourhood, especially for elderly residents and children. Repeated requests to the owners to reduce noise have been ignored. The situation escalates on weekends when the disturbance continues till late night. Several neighbours have joined together to raise this issue with local authorities. I request necessary action to ensure the noise levels are brought under control. Kindly look into this matter at the earliest for the well-being of residents.",Other
"I am filing this complaint against my in-laws for continuous domestic abuse at home. Since 2nd august, I have been subjected to physical assault and harassment. I am also denied basic necessities and confined to the house without reason. There have been repeated threats of violence whenever I try to speak up. My relatives are aware of the situation and can testify to the abuse. I fear for my safety and the safety of my children living with me. I request immediate protection and appropriate legal action under the law. Kindly guide me regarding shelter and legal support available for my situation.",Domestic Violence
"I am filing a complaint regarding threats issued to me by my landlord residing in Chinchwad. The threats began 3rd of this month after a minor dispute between us. They have threatened to attack me and damage my property if I speak up. This has caused significant fear and anxiety for me and my family members. I have avoided any confrontation, but the threats have continued regardless. Neighbours in the area are also aware of the tension and can confirm this. I request that appropriate legal action be taken to ensure my safety. Please treat this matter with urgency given the serious nature of the threats.",Threat
"I want to report the theft of my purse containing cash and cards that happened in Chinchwad. The incident took place early this morning, near the main market area. When I realised it was missing, I immediately checked the surroundings but found nothing. I suspect it was stolen by someone who was following me for a while. The approximate value of the stolen item is around Rs. 50,000. I have already informed the local shopkeepers in case they noticed anything unusual. I request the police to investigate the matter and help recover my belongings. I am ready to provide any additional details or CCTV footage location if available.",Theft
"I am filing a complaint regarding threats issued to me by a shopkeeper nearby residing in Vile Parle. The threats began last friday after a minor dispute between us. They have threatened to attack me and damage my property if I speak up. This has caused significant fear and anxiety for me and my family members. I have avoided any confrontation, but the threats have continued regardless. Neighbours in the area are also aware of the tension and can confirm this. I request that appropriate legal action be taken to ensure my safety. Please treat this matter with urgency given the serious nature of the threats.",Threat
"Someone on Snapchat has been repeatedly sending me inappropriate messages and comments. This harassment began 2nd august and has increased in frequency recently. The person has also commented obscene things on my public posts. I tried to reason with them, but they continued with more vulgar messages. They also tagged my friends and family in embarrassing and false posts. I am extremely disturbed and unable to use social media peacefully anymore. I request that the account be tracked down and appropriate action be taken. I am attaching the necessary screenshots to support my complaint.",Cyber Harassment
"I want to file a general safety complaint regarding noise and nuisance in Wakad. For 22nd june, a nearby establishment has been operating loudly beyond permitted hours. This has disturbed the peace of the neighbourhood, especially for elderly residents and children. Repeated requests to the owners to reduce noise have been ignored. The situation escalates on weekends when the disturbance continues till late night. Several neighbours have joined together to raise this issue with local authorities. I request necessary action to ensure the noise levels are brought under control. Kindly look into this matter at the earliest for the well-being of residents.",Other
"A person, identified as a senior at my workplace, has been stalking me for 2nd august now. Last night around 9 pm, they were seen standing near my college gate watching me. They repeatedly try to talk to me even after I have refused multiple times. My friends have also noticed this person following me on different days. This person seems to know my daily routine, which is very concerning. I fear this may escalate into something more dangerous if not stopped. I request that strict action be taken against this individual immediately. Please guide me on the next steps to ensure my safety.",Stalking
"I want to report that a shopkeeper nearby is blackmailing me using Facebook. Since since the last two weeks, this person has threatened to leak my private photos and information. They are demanding Rs. 1,00,000 in exchange for not making the content public. I have refused to pay, after which the threats have become more frequent. This blackmail has caused me severe mental stress and fear of social embarrassment. I have saved all the chat conversations and screenshots as evidence. I request the cyber crime department to investigate and take strict action. I am willing to cooperate fully to ensure this person is held accountable.",Blackmail
"I want to report an incident of eve teasing that happened in Vile Parle. Yesterday evening, two men on a bike passed vulgar comments at me while I was walking. They also whistled and made inappropriate gestures towards me and my friend. When I tried to ignore them and walk away, they followed for some distance. This kind of behaviour has made me feel unsafe while commuting alone. Other women in the area have also faced similar harassment at the same spot. I request increased police patrolling in this area to prevent such incidents. I am ready to identify the individuals if a line-up or CCTV review is arranged.",Eve Teasing
"I want to report that I am being harassed online through WhatsApp. An unknown user has been sending me abusive and threatening messages since 10th of last month. They have also created a fake profile using my photos without my consent. This person is messaging my friends and relatives with objectionable content about me. I have tried blocking the account, but new fake accounts keep appearing. This online harassment is causing me a lot of stress and embarrassment. I request cyber crime cell to trace the account and take strict action. I can share screenshots and chat history as proof of the harassment.",Cyber Harassment
"I am reporting an eve teasing incident that occurred near Chinchwad bus stop. When i was coming back from the market, some youths started teasing me and passing lewd remarks. They also tried to click photographs of me without my permission. I confronted them, but they laughed it off and continued their behaviour. This is not the first time such incidents have happened at this location. Several other girls have complained informally about the same group. I request strict action and regular police presence to ensure women's safety. I am willing to assist with identification if the individuals are traced.",Eve Teasing
"I am reporting an eve teasing incident that occurred near Kharadi bus stop. On my way to college, two men on a bike started teasing me and passing lewd remarks. They also tried to click photographs of me without my permission. I confronted them, but they laughed it off and continued their behaviour. This is not the first time such incidents have happened at this location. Several other girls have complained informally about the same group. I request strict action and regular police presence to ensure women's safety. I am willing to assist with identification if the individuals are traced.",Eve Teasing
"I want to file a general safety complaint regarding noise and nuisance in Hadapsar. For 10th of last month, a nearby establishment has been operating loudly beyond permitted hours. This has disturbed the peace of the neighbourhood, especially for elderly residents and children. Repeated requests to the owners to reduce noise have been ignored. The situation escalates on weekends when the disturbance continues till late night. Several neighbours have joined together to raise this issue with local authorities. I request necessary action to ensure the noise levels are brought under control. Kindly look into this matter at the earliest for the well-being of residents.",Other
"I want to file a complaint regarding stalking by my ex-husband in Nashik Road. Since for the past one month, this person has been following me almost every day. Yesterday evening, I noticed the same person waiting outside my house again. They also follow me to my workplace and wait near the gate. I have noticed the same vehicle following my auto-rickshaw multiple times. This constant following has made me extremely anxious and fearful for my safety. I request the police to investigate and stop this person from stalking me. I am willing to identify the person and provide further details if needed.",Stalking
"I am reporting an eve teasing incident that occurred near Hadapsar bus stop. When i was coming back from the market, an unknown man started teasing me and passing lewd remarks. They also tried to click photographs of me without my permission. I confronted them, but they laughed it off and continued their behaviour. This is not the first time such incidents have happened at this location. Several other girls have complained informally about the same group. I request strict action and regular police presence to ensure women's safety. I am willing to assist with identification if the individuals are traced.",Eve Teasing
"I want to report the theft of cash of about Rs. 15,000 that happened in Borivali. The incident took place on my way to college, near the main market area. When I realised it was missing, I immediately checked the surroundings but found nothing. I suspect it was stolen by someone who was following me for a while. The approximate value of the stolen item is around Rs. 1,00,000. I have already informed the local shopkeepers in case they noticed anything unusual. I request the police to investigate the matter and help recover my belongings. I am ready to provide any additional details or CCTV footage location if available.",Theft
"I am being blackmailed by my ex-partner who is threatening to expose personal information about me. The blackmail attempts started on the 18th through messages on Snapchat. They are asking for Rs. 35,000 failing which they threaten to defame me publicly. I have not given in to any of their demands so far. The mental pressure from these continuous threats is becoming unbearable. I have kept records of all the messages and calls related to this matter. I request immediate action to stop this blackmail and protect my privacy. Please advise on the legal steps I can take against this person.",Blackmail
"Someone on WhatsApp has been repeatedly sending me inappropriate messages and comments. This harassment began 10th of last month and has increased in frequency recently. The person has also commented obscene things on my public posts. I tried to reason with them, but they continued with more vulgar messages. They also tagged my friends and family in embarrassing and false posts. I am extremely disturbed and unable to use social media peacefully anymore. I request that the account be tracked down and appropriate action be taken. I am attaching the necessary screenshots to support my complaint.",Cyber Harassment
"I want to report continuous harassment I am facing from an unknown person in Kothrud. It started since the last two weeks and has not stopped since then. An unknown person keeps passing insulting comments about me in front of others. While i was returning from work, this person again misbehaved with me near my house. I have asked them politely to stop, but they continue to trouble me. This is affecting my mental peace and I am scared to step out alone. I request the police to take strict action against the person responsible. I am ready to provide any further details required for the investigation.",Harassment
"I want to report continuous harassment I am facing from my neighbour in Nagpur city. It started last Friday and has not stopped since then. My neighbour keeps passing insulting comments about me in front of others. Two days back, this person again misbehaved with me near my house. I have asked them politely to stop, but they continue to trouble me. This is affecting my mental peace and I am scared to step out alone. I request the police to take strict action against the person responsible. I am ready to provide any further details required for the investigation.",Harassment
"I want to report domestic violence I am facing from my in-laws at my residence in Nashik Road. The physical and mental abuse has continued for last friday. I am often beaten and verbally abused over small household matters. They have also threatened to throw me out of the house without any support. My children have witnessed these incidents, which has affected them badly. I have tried to resolve this peacefully, but the abuse continues to escalate. I request protection and legal action against those responsible for this abuse. I am ready to provide medical records and witness statements if required.",Domestic Violence
"I am being blackmailed by my neighbour who is threatening to expose personal information about me. The blackmail attempts started since the last two weeks through messages on an unknown phone number. They are asking for Rs. 2,50,000 failing which they threaten to defame me publicly. I have not given in to any of their demands so far. The mental pressure from these continuous threats is becoming unbearable. I have kept records of all the messages and calls related to this matter. I request immediate action to stop this blackmail and protect my privacy. Please advise on the legal steps I can take against this person.",Blackmail
"I want to report continuous harassment I am facing from a stranger in Wakad. It started 3rd of this month and has not stopped since then. A stranger keeps passing insulting comments about me in front of others. Around midnight, this person again misbehaved with me near my house. I have asked them politely to stop, but they continue to trouble me. This is affecting my mental peace and I am scared to step out alone. I request the police to take strict action against the person responsible. I am ready to provide any further details required for the investigation.",Harassment
"I want to report that my ex-partner is blackmailing me using Telegram. Since on the 18th, this person has threatened to leak my private photos and information. They are demanding Rs. 50,000 in exchange for not making the content public. I have refused to pay, after which the threats have become more frequent. This blackmail has caused me severe mental stress and fear of social embarrassment. I have saved all the chat conversations and screenshots as evidence. I request the cyber crime department to investigate and take strict action. I am willing to cooperate fully to ensure this person is held accountable.",Blackmail
"I want to report that my neighbour is blackmailing me using an unknown phone number. Since 3rd of this month, this person has threatened to leak my private photos and information. They are demanding Rs. 2,50,000 in exchange for not making the content public. I have refused to pay, after which the threats have become more frequent. This blackmail has caused me severe mental stress and fear of social embarrassment. I have saved all the chat conversations and screenshots as evidence. I request the cyber crime department to investigate and take strict action. I am willing to cooperate fully to ensure this person is held accountable.",Blackmail
"I want to report an incident of eve teasing that happened in Dadar. When i was coming back from the market, an unknown man passed vulgar comments at me while I was walking. They also whistled and made inappropriate gestures towards me and my friend. When I tried to ignore them and walk away, they followed for some distance. This kind of behaviour has made me feel unsafe while commuting alone. Other women in the area have also faced similar harassment at the same spot. I request increased police patrolling in this area to prevent such incidents. I am ready to identify the individuals if a line-up or CCTV review is arranged.",Eve Teasing
"I want to report a suspicious activity noticed in Nagpur city. Since last friday, unknown individuals have been gathering near the abandoned building at odd hours. Residents suspect some illegal activity may be taking place there at night. There have been loud noises and occasional arguments heard from the location. This has raised safety concerns among the families living nearby. No official action has been taken despite informing the local ward office. I request the authorities to investigate this matter and ensure resident safety. I am willing to provide further details or accompany officials if required.",Other
"Someone on WhatsApp has been repeatedly sending me inappropriate messages and comments. This harassment began last friday and has increased in frequency recently. The person has also commented obscene things on my public posts. I tried to reason with them, but they continued with more vulgar messages. They also tagged my friends and family in embarrassing and false posts. I am extremely disturbed and unable to use social media peacefully anymore. I request that the account be tracked down and appropriate action be taken. I am attaching the necessary screenshots to support my complaint.",Cyber Harassment
"I want to report the theft of my wife's handbag that happened in Nashik Road. The incident took place yesterday evening, near the main market area. When I realised it was missing, I immediately checked the surroundings but found nothing. I suspect it was stolen by someone who was following me for a while. The approximate value of the stolen item is around Rs. 12,000. I have already informed the local shopkeepers in case they noticed anything unusual. I request the police to investigate the matter and help recover my belongings. I am ready to provide any additional details or CCTV footage location if available.",Theft
"I want to report a broken streetlight and damaged footpath in Hadapsar causing safety issues. This problem has persisted for 3rd of this month without any repair work being done. Elderly people and children find it very difficult to walk safely in this area. During the rains, the area gets waterlogged, increasing the risk of falls. There have been a few incidents of people slipping and getting injured here. I along with other residents request immediate repair of this public infrastructure. This poses a continuous risk to pedestrians and vehicles passing through daily. I request quick action from the municipal authorities to resolve this matter.",Public Safety
"I, along with my family, am being harassed by a man from my society residing in Pimpri. The harassment has been going on for 10th of last month now. They pass lewd remarks and try to create trouble whenever they see me. Two days back the situation became worse when they confronted me directly. I feel unsafe going to work because of this constant harassment. My family members have also witnessed this behaviour on multiple occasions. I request immediate intervention so that this harassment stops permanently. Kindly register my complaint and take necessary legal action.",Harassment
"I want to file a complaint regarding stalking by my ex-boyfriend in Kalyan. Since 10th of last month, this person has been following me almost every day. When i was coming back from the market, I noticed the same person waiting outside my house again. They also follow me to my workplace and wait near the gate. I have noticed the same vehicle following my auto-rickshaw multiple times. This constant following has made me extremely anxious and fearful for my safety. I request the police to investigate and stop this person from stalking me. I am willing to identify the person and provide further details if needed.",Stalking
"I want to report an incident of eve teasing that happened in Kalyan. Around midnight, some youths passed vulgar comments at me while I was walking. They also whistled and made inappropriate gestures towards me and my friend. When I tried to ignore them and walk away, they followed for some distance. This kind of behaviour has made me feel unsafe while commuting alone. Other women in the area have also faced similar harassment at the same spot. I request increased police patrolling in this area to prevent such incidents. I am ready to identify the individuals if a line-up or CCTV review is arranged.",Eve Teasing
"A person, identified as my neighbour, has been stalking me for last friday now. On monday afternoon, they were seen standing near my college gate watching me. They repeatedly try to talk to me even after I have refused multiple times. My friends have also noticed this person following me on different days. This person seems to know my daily routine, which is very concerning. I fear this may escalate into something more dangerous if not stopped. I request that strict action be taken against this individual immediately. Please guide me on the next steps to ensure my safety.",Stalking
"I want to report continuous harassment I am facing from an unknown person in Kalyan. It started a few days ago and has not stopped since then. An unknown person keeps passing insulting comments about me in front of others. During my evening walk, this person again misbehaved with me near my house. I have asked them politely to stop, but they continue to trouble me. This is affecting my mental peace and I am scared to step out alone. I request the police to take strict action against the person responsible. I am ready to provide any further details required for the investigation.",Harassment
"Someone on WhatsApp has been repeatedly sending me inappropriate messages and comments. This harassment began 15th july and has increased in frequency recently. The person has also commented obscene things on my public posts. I tried to reason with them, but they continued with more vulgar messages. They also tagged my friends and family in embarrassing and false posts. I am extremely disturbed and unable to use social media peacefully anymore. I request that the account be tracked down and appropriate action be taken. I am attaching the necessary screenshots to support my complaint.",Cyber Harassment
"I want to report that I am being harassed online through a fake email ID. An unknown user has been sending me abusive and threatening messages since 15th july. They have also created a fake profile using my photos without my consent. This person is messaging my friends and relatives with objectionable content about me. I have tried blocking the account, but new fake accounts keep appearing. This online harassment is causing me a lot of stress and embarrassment. I request cyber crime cell to trace the account and take strict action. I can share screenshots and chat history as proof of the harassment.",Cyber Harassment
"I want to raise a public safety concern regarding the condition of roads in Nashik Road. There is an open manhole near the main road that has been uncovered since since the last two weeks. Several two-wheeler riders have already met with minor accidents at this spot. There are no warning signs or barricades placed around the hazardous area. At night, due to poor street lighting, the risk of accidents increases further. Local residents have raised this issue before, but no action has been taken. I request the concerned authorities to repair the manhole and ensure proper lighting. This is a serious public safety hazard that needs urgent attention.",Public Safety
"I want to raise a public safety concern regarding the condition of roads in Aundh. There is an open manhole near the main road that has been uncovered since 22nd june. Several two-wheeler riders have already met with minor accidents at this spot. There are no warning signs or barricades placed around the hazardous area. At night, due to poor street lighting, the risk of accidents increases further. Local residents have raised this issue before, but no action has been taken. I request the concerned authorities to repair the manhole and ensure proper lighting. This is a serious public safety hazard that needs urgent attention.",Public Safety
"I am being blackmailed by a stranger who is threatening to expose personal information about me. The blackmail attempts started 3rd of this month through messages on an unknown phone number. They are asking for Rs. 20,000 failing which they threaten to defame me publicly. I have not given in to any of their demands so far. The mental pressure from these continuous threats is becoming unbearable. I have kept records of all the messages and calls related to this matter. I request immediate action to stop this blackmail and protect my privacy. Please advise on the legal steps I can take against this person.",Blackmail
"I want to report a broken streetlight and damaged footpath in Sadar Bazar causing safety issues. This problem has persisted for 22nd june without any repair work being done. Elderly people and children find it very difficult to walk safely in this area. During the rains, the area gets waterlogged, increasing the risk of falls. There have been a few incidents of people slipping and getting injured here. I along with other residents request immediate repair of this public infrastructure. This poses a continuous risk to pedestrians and vehicles passing through daily. I request quick action from the municipal authorities to resolve this matter.",Public Safety
"I want to raise a public safety concern regarding the condition of roads in Kharadi. There is an open manhole near the main road that has been uncovered since 22nd june. Several two-wheeler riders have already met with minor accidents at this spot. There are no warning signs or barricades placed around the hazardous area. At night, due to poor street lighting, the risk of accidents increases further. Local residents have raised this issue before, but no action has been taken. I request the concerned authorities to repair the manhole and ensure proper lighting. This is a serious public safety hazard that needs urgent attention.",Public Safety
"I want to report a suspicious activity noticed in Chinchwad. Since 2nd august, unknown individuals have been gathering near the abandoned building at odd hours. Residents suspect some illegal activity may be taking place there at night. There have been loud noises and occasional arguments heard from the location. This has raised safety concerns among the families living nearby. No official action has been taken despite informing the local ward office. I request the authorities to investigate this matter and ensure resident safety. I am willing to provide further details or accompany officials if required.",Other
"I am filing this complaint against my father-in-law for continuous domestic abuse at home. Since since the last two weeks, I have been subjected to physical assault and harassment. I am also denied basic necessities and confined to the house without reason. There have been repeated threats of violence whenever I try to speak up. My relatives are aware of the situation and can testify to the abuse. I fear for my safety and the safety of my children living with me. I request immediate protection and appropriate legal action under the law. Kindly guide me regarding shelter and legal support available for my situation.",Domestic Violence
"I want to report the theft of my wife's handbag that happened in Thane. The incident took place this morning around 8 AM, near the main market area. When I realised it was missing, I immediately checked the surroundings but found nothing. I suspect it was stolen by someone who was following me for a while. The approximate value of the stolen item is around Rs. 12,000. I have already informed the local shopkeepers in case they noticed anything unusual. I request the police to investigate the matter and help recover my belongings. I am ready to provide any additional details or CCTV footage location if available.",Theft
"I want to report an incident of eve teasing that happened in Chinchwad. While i was returning from work, some youths passed vulgar comments at me while I was walking. They also whistled and made inappropriate gestures towards me and my friend. When I tried to ignore them and walk away, they followed for some distance. This kind of behaviour has made me feel unsafe while commuting alone. Other women in the area have also faced similar harassment at the same spot. I request increased police patrolling in this area to prevent such incidents. I am ready to identify the individuals if a line-up or CCTV review is arranged.",Eve Teasing
"I want to report the theft of my laptop bag that happened in Pimpri. The incident took place when I was coming back from the market, near the main market area. When I realised it was missing, I immediately checked the surroundings but found nothing. I suspect it was stolen by someone who was following me for a while. The approximate value of the stolen item is around Rs. 50,000. I have already informed the local shopkeepers in case they noticed anything unusual. I request the police to investigate the matter and help recover my belongings. I am ready to provide any additional details or CCTV footage location if available.",Theft
"I want to file a general safety complaint regarding noise and nuisance in Thane. For 2nd august, a nearby establishment has been operating loudly beyond permitted hours. This has disturbed the peace of the neighbourhood, especially for elderly residents and children. Repeated requests to the owners to reduce noise have been ignored. The situation escalates on weekends when the disturbance continues till late night. Several neighbours have joined together to raise this issue with local authorities. I request necessary action to ensure the noise levels are brought under control. Kindly look into this matter at the earliest for the well-being of residents.",Other
"Someone on Instagram has been repeatedly sending me inappropriate messages and comments. This harassment began 10th of last month and has increased in frequency recently. The person has also commented obscene things on my public posts. I tried to reason with them, but they continued with more vulgar messages. They also tagged my friends and family in embarrassing and false posts. I am extremely disturbed and unable to use social media peacefully anymore. I request that the account be tracked down and appropriate action be taken. I am attaching the necessary screenshots to support my complaint.",Cyber Harassment
"I want to report the theft of my purse containing cash and cards that happened in Pimpri. The incident took place when I was coming back from the market, near the main market area. When I realised it was missing, I immediately checked the surroundings but found nothing. I suspect it was stolen by someone who was following me for a while. The approximate value of the stolen item is around Rs. 1,00,000. I have already informed the local shopkeepers in case they noticed anything unusual. I request the police to investigate the matter and help recover my belongings. I am ready to provide any additional details or CCTV footage location if available.",Theft
"I want to report that I am being harassed online through an unknown phone number. An unknown user has been sending me abusive and threatening messages since 3rd of this month. They have also created a fake profile using my photos without my consent. This person is messaging my friends and relatives with objectionable content about me. I have tried blocking the account, but new fake accounts keep appearing. This online harassment is causing me a lot of stress and embarrassment. I request cyber crime cell to trace the account and take strict action. I can share screenshots and chat history as proof of the harassment.",Cyber Harassment
"I want to report that I have received serious threats from a group of boys in Chinchwad. Since 2nd august, this person has been threatening to harm me and my family. They have warned me of dire consequences if I do not comply with their demands. The threats have been made both in person and over phone calls. I am extremely worried about the safety of my family due to these threats. I have not responded to any of their demands, which has escalated their anger. I request police protection and immediate action against the person threatening me. I can provide call recordings and witness details to support this complaint.",Threat
"I want to report that I am being harassed online through Telegram. An unknown user has been sending me abusive and threatening messages since 10th of last month. They have also created a fake profile using my photos without my consent. This person is messaging my friends and relatives with objectionable content about me. I have tried blocking the account, but new fake accounts keep appearing. This online harassment is causing me a lot of stress and embarrassment. I request cyber crime cell to trace the account and take strict action. I can share screenshots and chat history as proof of the harassment.",Cyber Harassment
"I am reporting an eve teasing incident that occurred near Pimpri bus stop. Early this morning, a man at the bus stop started teasing me and passing lewd remarks. They also tried to click photographs of me without my permission. I confronted them, but they laughed it off and continued their behaviour. This is not the first time such incidents have happened at this location. Several other girls have complained informally about the same group. I request strict action and regular police presence to ensure women's safety. I am willing to assist with identification if the individuals are traced.",Eve Teasing
"I, along with my family, am being harassed by my brother-in-law residing in Vile Parle. The harassment has been going on for 3rd of this month now. They pass lewd remarks and try to create trouble whenever they see me. Last night around 9 pm the situation became worse when they confronted me directly. I feel unsafe going to work because of this constant harassment. My family members have also witnessed this behaviour on multiple occasions. I request immediate intervention so that this harassment stops permanently. Kindly register my complaint and take necessary legal action.",Harassment
"I want to report continuous harassment I am facing from a senior at my workplace in Nagpur city. It started since the last two weeks and has not stopped since then. A senior at my workplace keeps passing insulting comments about me in front of others. Early this morning, this person again misbehaved with me near my house. I have asked them politely to stop, but they continue to trouble me. This is affecting my mental peace and I am scared to step out alone. I request the police to take strict action against the person responsible. I am ready to provide any further details required for the investigation.",Harassment
"I want to report that I am being harassed online through Snapchat. An unknown user has been sending me abusive and threatening messages since last friday. They have also created a fake profile using my photos without my consent. This person is messaging my friends and relatives with objectionable content about me. I have tried blocking the account, but new fake accounts keep appearing. This online harassment is causing me a lot of stress and embarrassment. I request cyber crime cell to trace the account and take strict action. I can share screenshots and chat history as proof of the harassment.",Cyber Harassment
"I want to raise a public safety concern regarding the condition of roads in Wakad. There is an open manhole near the main road that has been uncovered since 2nd august. Several two-wheeler riders have already met with minor accidents at this spot. There are no warning signs or barricades placed around the hazardous area. At night, due to poor street lighting, the risk of accidents increases further. Local residents have raised this issue before, but no action has been taken. I request the concerned authorities to repair the manhole and ensure proper lighting. This is a serious public safety hazard that needs urgent attention.",Public Safety
"I want to report a broken streetlight and damaged footpath in Nagpur city causing safety issues. This problem has persisted for a few days ago without any repair work being done. Elderly people and children find it very difficult to walk safely in this area. During the rains, the area gets waterlogged, increasing the risk of falls. There have been a few incidents of people slipping and getting injured here. I along with other residents request immediate repair of this public infrastructure. This poses a continuous risk to pedestrians and vehicles passing through daily. I request quick action from the municipal authorities to resolve this matter.",Public Safety
"I, along with my family, am being harassed by a group of boys residing in Hadapsar. The harassment has been going on for 3rd of this month now. They pass lewd remarks and try to create trouble whenever they see me. Yesterday evening the situation became worse when they confronted me directly. I feel unsafe going to work because of this constant harassment. My family members have also witnessed this behaviour on multiple occasions. I request immediate intervention so that this harassment stops permanently. Kindly register my complaint and take necessary legal action.",Harassment
"I want to report that I am being harassed online through an unknown phone number. An unknown user has been sending me abusive and threatening messages since 2nd august. They have also created a fake profile using my photos without my consent. This person is messaging my friends and relatives with objectionable content about me. I have tried blocking the account, but new fake accounts keep appearing. This online harassment is causing me a lot of stress and embarrassment. I request cyber crime cell to trace the account and take strict action. I can share screenshots and chat history as proof of the harassment.",Cyber Harassment
"I am filing this complaint against my in-laws for continuous domestic abuse at home. Since for the past one month, I have been subjected to physical assault and harassment. I am also denied basic necessities and confined to the house without reason. There have been repeated threats of violence whenever I try to speak up. My relatives are aware of the situation and can testify to the abuse. I fear for my safety and the safety of my children living with me. I request immediate protection and appropriate legal action under the law. Kindly guide me regarding shelter and legal support available for my situation.",Domestic Violence
"A person, identified as a man from my society, has been stalking me for a few days ago now. On my way to college, they were seen standing near my college gate watching me. They repeatedly try to talk to me even after I have refused multiple times. My friends have also noticed this person following me on different days. This person seems to know my daily routine, which is very concerning. I fear this may escalate into something more dangerous if not stopped. I request that strict action be taken against this individual immediately. Please guide me on the next steps to ensure my safety.",Stalking
"Someone on Snapchat has been repeatedly sending me inappropriate messages and comments. This harassment began 3rd of this month and has increased in frequency recently. The person has also commented obscene things on my public posts. I tried to reason with them, but they continued with more vulgar messages. They also tagged my friends and family in embarrassing and false posts. I am extremely disturbed and unable to use social media peacefully anymore. I request that the account be tracked down and appropriate action be taken. I am attaching the necessary screenshots to support my complaint.",Cyber Harassment
"I am filing this complaint against my husband and his family for continuous domestic abuse at home. Since 15th july, I have been subjected to physical assault and harassment. I am also denied basic necessities and confined to the house without reason. There have been repeated threats of violence whenever I try to speak up. My relatives are aware of the situation and can testify to the abuse. I fear for my safety and the safety of my children living with me. I request immediate protection and appropriate legal action under the law. Kindly guide me regarding shelter and legal support available for my situation.",Domestic Violence
"I want to raise a public safety concern regarding the condition of roads in Nagpur city. There is an open manhole near the main road that has been uncovered since since the last two weeks. Several two-wheeler riders have already met with minor accidents at this spot. There are no warning signs or barricades placed around the hazardous area. At night, due to poor street lighting, the risk of accidents increases further. Local residents have raised this issue before, but no action has been taken. I request the concerned authorities to repair the manhole and ensure proper lighting. This is a serious public safety hazard that needs urgent attention.",Public Safety
"I want to report domestic violence I am facing from my mother-in-law at my residence in Shivaji Nagar. The physical and mental abuse has continued for 15th july. I am often beaten and verbally abused over small household matters. They have also threatened to throw me out of the house without any support. My children have witnessed these incidents, which has affected them badly. I have tried to resolve this peacefully, but the abuse continues to escalate. I request protection and legal action against those responsible for this abuse. I am ready to provide medical records and witness statements if required.",Domestic Violence
"I want to file a general safety complaint regarding noise and nuisance in Nashik Road. For 15th july, a nearby establishment has been operating loudly beyond permitted hours. This has disturbed the peace of the neighbourhood, especially for elderly residents and children. Repeated requests to the owners to reduce noise have been ignored. The situation escalates on weekends when the disturbance continues till late night. Several neighbours have joined together to raise this issue with local authorities. I request necessary action to ensure the noise levels are brought under control. Kindly look into this matter at the earliest for the well-being of residents.",Other
"I want to report the theft of my laptop bag that happened in Pimpri. The incident took place two days back, near the main market area. When I realised it was missing, I immediately checked the surroundings but found nothing. I suspect it was stolen by someone who was following me for a while. The approximate value of the stolen item is around Rs. 2,50,000. I have already informed the local shopkeepers in case they noticed anything unusual. I request the police to investigate the matter and help recover my belongings. I am ready to provide any additional details or CCTV footage location if available.",Theft
"I want to raise a public safety concern regarding the condition of roads in Nagpur city. There is an open manhole near the main road that has been uncovered since 15th july. Several two-wheeler riders have already met with minor accidents at this spot. There are no warning signs or barricades placed around the hazardous area. At night, due to poor street lighting, the risk of accidents increases further. Local residents have raised this issue before, but no action has been taken. I request the concerned authorities to repair the manhole and ensure proper lighting. This is a serious public safety hazard that needs urgent attention.",Public Safety
"I want to report a broken streetlight and damaged footpath in Kothrud causing safety issues. This problem has persisted for 10th of last month without any repair work being done. Elderly people and children find it very difficult to walk safely in this area. During the rains, the area gets waterlogged, increasing the risk of falls. There have been a few incidents of people slipping and getting injured here. I along with other residents request immediate repair of this public infrastructure. This poses a continuous risk to pedestrians and vehicles passing through daily. I request quick action from the municipal authorities to resolve this matter.",Public Safety
"I want to report continuous harassment I am facing from a group of boys in Aundh. It started 15th July and has not stopped since then. A group of boys keeps passing insulting comments about me in front of others. While i was returning from work, this person again misbehaved with me near my house. I have asked them politely to stop, but they continue to trouble me. This is affecting my mental peace and I am scared to step out alone. I request the police to take strict action against the person responsible. I am ready to provide any further details required for the investigation.",Harassment
"I want to report domestic violence I am facing from my in-laws at my residence in Hadapsar. The physical and mental abuse has continued for 10th of last month. I am often beaten and verbally abused over small household matters. They have also threatened to throw me out of the house without any support. My children have witnessed these incidents, which has affected them badly. I have tried to resolve this peacefully, but the abuse continues to escalate. I request protection and legal action against those responsible for this abuse. I am ready to provide medical records and witness statements if required.",Domestic Violence
"Someone on a dating app has been repeatedly sending me inappropriate messages and comments. This harassment began since the last two weeks and has increased in frequency recently. The person has also commented obscene things on my public posts. I tried to reason with them, but they continued with more vulgar messages. They also tagged my friends and family in embarrassing and false posts. I am extremely disturbed and unable to use social media peacefully anymore. I request that the account be tracked down and appropriate action be taken. I am attaching the necessary screenshots to support my complaint.",Cyber Harassment
"I want to report a broken streetlight and damaged footpath in Borivali causing safety issues. This problem has persisted for since the last two weeks without any repair work being done. Elderly people and children find it very difficult to walk safely in this area. During the rains, the area gets waterlogged, increasing the risk of falls. There have been a few incidents of people slipping and getting injured here. I along with other residents request immediate repair of this public infrastructure. This poses a continuous risk to pedestrians and vehicles passing through daily. I request quick action from the municipal authorities to resolve this matter.",Public Safety
"Someone on an unknown phone number has been repeatedly sending me inappropriate messages and comments. This harassment began on the 18th and has increased in frequency recently. The person has also commented obscene things on my public posts. I tried to reason with them, but they continued with more vulgar messages. They also tagged my friends and family in embarrassing and false posts. I am extremely disturbed and unable to use social media peacefully anymore. I request that the account be tracked down and appropriate action be taken. I am attaching the necessary screenshots to support my complaint.",Cyber Harassment
"I want to raise a public safety concern regarding the condition of roads in Shivaji Nagar. There is an open manhole near the main road that has been uncovered since 22nd june. Several two-wheeler riders have already met with minor accidents at this spot. There are no warning signs or barricades placed around the hazardous area. At night, due to poor street lighting, the risk of accidents increases further. Local residents have raised this issue before, but no action has been taken. I request the concerned authorities to repair the manhole and ensure proper lighting. This is a serious public safety hazard that needs urgent attention.",Public Safety
"I want to report that I have received serious threats from an unidentified man in Shivaji Nagar. Since 2nd august, this person has been threatening to harm me and my family. They have warned me of dire consequences if I do not comply with their demands. The threats have been made both in person and over phone calls. I am extremely worried about the safety of my family due to these threats. I have not responded to any of their demands, which has escalated their anger. I request police protection and immediate action against the person threatening me. I can provide call recordings and witness details to support this complaint.",Threat
"This is to report a theft incident involving my purse containing cash and cards in the Pimpri locality. It occurred when I was coming back from the market, when I had briefly stepped away from the spot. On returning, I found that my belongings had been taken by someone unknown. The estimated loss is approximately Rs. 12,000, which is a significant amount for me. There were a few people nearby, but no one noticed the theft taking place. I have checked with nearby shops and residents, but there is no lead yet. I request that the case be registered and investigated at the earliest. I am willing to cooperate fully with the investigation process.",Theft
"I am filing a complaint regarding threats issued to me by my colleague residing in Dadar. The threats began 2nd august after a minor dispute between us. They have threatened to attack me and damage my property if I speak up. This has caused significant fear and anxiety for me and my family members. I have avoided any confrontation, but the threats have continued regardless. Neighbours in the area are also aware of the tension and can confirm this. I request that appropriate legal action be taken to ensure my safety. Please treat this matter with urgency given the serious nature of the threats.",Threat
"I want to file a complaint regarding stalking by a shopkeeper nearby in Shivaji Nagar. Since 10th of last month, this person has been following me almost every day. Two days back, I noticed the same person waiting outside my house again. They also follow me to my workplace and wait near the gate. I have noticed the same vehicle following my auto-rickshaw multiple times. This constant following has made me extremely anxious and fearful for my safety. I request the police to investigate and stop this person from stalking me. I am willing to identify the person and provide further details if needed.",Stalking
"I want to report a suspicious activity noticed in Kothrud. Since on the 18th, unknown individuals have been gathering near the abandoned building at odd hours. Residents suspect some illegal activity may be taking place there at night. There have been loud noises and occasional arguments heard from the location. This has raised safety concerns among the families living nearby. No official action has been taken despite informing the local ward office. I request the authorities to investigate this matter and ensure resident safety. I am willing to provide further details or accompany officials if required.",Other
"I want to report a broken streetlight and damaged footpath in Shivaji Nagar causing safety issues. This problem has persisted for last friday without any repair work being done. Elderly people and children find it very difficult to walk safely in this area. During the rains, the area gets waterlogged, increasing the risk of falls. There have been a few incidents of people slipping and getting injured here. I along with other residents request immediate repair of this public infrastructure. This poses a continuous risk to pedestrians and vehicles passing through daily. I request quick action from the municipal authorities to resolve this matter.",Public Safety
"I, along with my family, am being harassed by my landlord residing in Kalyan. The harassment has been going on for 22nd june now. They pass lewd remarks and try to create trouble whenever they see me. Early this morning the situation became worse when they confronted me directly. I feel unsafe going to work because of this constant harassment. My family members have also witnessed this behaviour on multiple occasions. I request immediate intervention so that this harassment stops permanently. Kindly register my complaint and take necessary legal action.",Harassment
"I want to report a suspicious activity noticed in Nashik Road. Since for the past one month, unknown individuals have been gathering near the abandoned building at odd hours. Residents suspect some illegal activity may be taking place there at night. There have been loud noises and occasional arguments heard from the location. This has raised safety concerns among the families living nearby. No official action has been taken despite informing the local ward office. I request the authorities to investigate this matter and ensure resident safety. I am willing to provide further details or accompany officials if required.",Other
"Someone on Snapchat has been repeatedly sending me inappropriate messages and comments. This harassment began last friday and has increased in frequency recently. The person has also commented obscene things on my public posts. I tried to reason with them, but they continued with more vulgar messages. They also tagged my friends and family in embarrassing and false posts. I am extremely disturbed and unable to use social media peacefully anymore. I request that the account be tracked down and appropriate action be taken. I am attaching the necessary screenshots to support my complaint.",Cyber Harassment
"I want to raise a public safety concern regarding the condition of roads in Borivali. There is an open manhole near the main road that has been uncovered since on the 18th. Several two-wheeler riders have already met with minor accidents at this spot. There are no warning signs or barricades placed around the hazardous area. At night, due to poor street lighting, the risk of accidents increases further. Local residents have raised this issue before, but no action has been taken. I request the concerned authorities to repair the manhole and ensure proper lighting. This is a serious public safety hazard that needs urgent attention.",Public Safety
"I want to file a complaint regarding stalking by a senior at my workplace in Vile Parle. Since for the past one month, this person has been following me almost every day. Yesterday evening, I noticed the same person waiting outside my house again. They also follow me to my workplace and wait near the gate. I have noticed the same vehicle following my auto-rickshaw multiple times. This constant following has made me extremely anxious and fearful for my safety. I request the police to investigate and stop this person from stalking me. I am willing to identify the person and provide further details if needed.",Stalking
"I want to file a general safety complaint regarding noise and nuisance in Sadar Bazar. For since the last two weeks, a nearby establishment has been operating loudly beyond permitted hours. This has disturbed the peace of the neighbourhood, especially for elderly residents and children. Repeated requests to the owners to reduce noise have been ignored. The situation escalates on weekends when the disturbance continues till late night. Several neighbours have joined together to raise this issue with local authorities. I request necessary action to ensure the noise levels are brought under control. Kindly look into this matter at the earliest for the well-being of residents.",Other
"Someone on Instagram has been repeatedly sending me inappropriate messages and comments. This harassment began since the last two weeks and has increased in frequency recently. The person has also commented obscene things on my public posts. I tried to reason with them, but they continued with more vulgar messages. They also tagged my friends and family in embarrassing and false posts. I am extremely disturbed and unable to use social media peacefully anymore. I request that the account be tracked down and appropriate action be taken. I am attaching the necessary screenshots to support my complaint.",Cyber Harassment
"I want to report that I am being harassed online through a dating app. An unknown user has been sending me abusive and threatening messages since 10th of last month. They have also created a fake profile using my photos without my consent. This person is messaging my friends and relatives with objectionable content about me. I have tried blocking the account, but new fake accounts keep appearing. This online harassment is causing me a lot of stress and embarrassment. I request cyber crime cell to trace the account and take strict action. I can share screenshots and chat history as proof of the harassment.",Cyber Harassment
"I want to report continuous harassment I am facing from a senior at my workplace in Nagpur city. It started 2nd August and has not stopped since then. A senior at my workplace keeps passing insulting comments about me in front of others. While i was returning from work, this person again misbehaved with me near my house. I have asked them politely to stop, but they continue to trouble me. This is affecting my mental peace and I am scared to step out alone. I request the police to take strict action against the person responsible. I am ready to provide any further details required for the investigation.",Harassment
"I am reporting an eve teasing incident that occurred near Chinchwad bus stop. During my evening walk, a man at the bus stop started teasing me and passing lewd remarks. They also tried to click photographs of me without my permission. I confronted them, but they laughed it off and continued their behaviour. This is not the first time such incidents have happened at this location. Several other girls have complained informally about the same group. I request strict action and regular police presence to ensure women's safety. I am willing to assist with identification if the individuals are traced.",Eve Teasing
"I want to report a broken streetlight and damaged footpath in Andheri causing safety issues. This problem has persisted for for the past one month without any repair work being done. Elderly people and children find it very difficult to walk safely in this area. During the rains, the area gets waterlogged, increasing the risk of falls. There have been a few incidents of people slipping and getting injured here. I along with other residents request immediate repair of this public infrastructure. This poses a continuous risk to pedestrians and vehicles passing through daily. I request quick action from the municipal authorities to resolve this matter.",Public Safety
"I want to file a general safety complaint regarding noise and nuisance in Aundh. For since the last two weeks, a nearby establishment has been operating loudly beyond permitted hours. This has disturbed the peace of the neighbourhood, especially for elderly residents and children. Repeated requests to the owners to reduce noise have been ignored. The situation escalates on weekends when the disturbance continues till late night. Several neighbours have joined together to raise this issue with local authorities. I request necessary action to ensure the noise levels are brought under control. Kindly look into this matter at the earliest for the well-being of residents.",Other
"Someone on Telegram has been repeatedly sending me inappropriate messages and comments. This harassment began for the past one month and has increased in frequency recently. The person has also commented obscene things on my public posts. I tried to reason with them, but they continued with more vulgar messages. They also tagged my friends and family in embarrassing and false posts. I am extremely disturbed and unable to use social media peacefully anymore. I request that the account be tracked down and appropriate action be taken. I am attaching the necessary screenshots to support my complaint.",Cyber Harassment
"I am filing this complaint against my husband for continuous domestic abuse at home. Since 2nd august, I have been subjected to physical assault and harassment. I am also denied basic necessities and confined to the house without reason. There have been repeated threats of violence whenever I try to speak up. My relatives are aware of the situation and can testify to the abuse. I fear for my safety and the safety of my children living with me. I request immediate protection and appropriate legal action under the law. Kindly guide me regarding shelter and legal support available for my situation.",Domestic Violence
"This is to report a theft incident involving my purse containing cash and cards in the Shivaji Nagar locality. It occurred early this morning, when I had briefly stepped away from the spot. On returning, I found that my belongings had been taken by someone unknown. The estimated loss is approximately Rs. 8,000, which is a significant amount for me. There were a few people nearby, but no one noticed the theft taking place. I have checked with nearby shops and residents, but there is no lead yet. I request that the case be registered and investigated at the earliest. I am willing to cooperate fully with the investigation process.",Theft
"I want to file a complaint regarding stalking by my brother-in-law in Andheri. Since 2nd august, this person has been following me almost every day. While i was returning from work, I noticed the same person waiting outside my house again. They also follow me to my workplace and wait near the gate. I have noticed the same vehicle following my auto-rickshaw multiple times. This constant following has made me extremely anxious and fearful for my safety. I request the police to investigate and stop this person from stalking me. I am willing to identify the person and provide further details if needed.",Stalking
"I, along with my family, am being harassed by my classmate residing in Sadar Bazar. The harassment has been going on for 3rd of this month now. They pass lewd remarks and try to create trouble whenever they see me. Last night around 9 pm the situation became worse when they confronted me directly. I feel unsafe going to work because of this constant harassment. My family members have also witnessed this behaviour on multiple occasions. I request immediate intervention so that this harassment stops permanently. Kindly register my complaint and take necessary legal action.",Harassment
"I want to report continuous harassment I am facing from my ex-partner in Kalyan. It started 10th of last month and has not stopped since then. My ex-partner keeps passing insulting comments about me in front of others. Two days back, this person again misbehaved with me near my house. I have asked them politely to stop, but they continue to trouble me. This is affecting my mental peace and I am scared to step out alone. I request the police to take strict action against the person responsible. I am ready to provide any further details required for the investigation.",Harassment
"I am filing this complaint against my mother-in-law for continuous domestic abuse at home. Since 22nd june, I have been subjected to physical assault and harassment. I am also denied basic necessities and confined to the house without reason. There have been repeated threats of violence whenever I try to speak up. My relatives are aware of the situation and can testify to the abuse. I fear for my safety and the safety of my children living with me. I request immediate protection and appropriate legal action under the law. Kindly guide me regarding shelter and legal support available for my situation.",Domestic Violence
"I want to report continuous harassment I am facing from a man from my society in Wakad. It started for the past one month and has not stopped since then. A man from my society keeps passing insulting comments about me in front of others. During my evening walk, this person again misbehaved with me near my house. I have asked them politely to stop, but they continue to trouble me. This is affecting my mental peace and I am scared to step out alone. I request the police to take strict action against the person responsible. I am ready to provide any further details required for the investigation.",Harassment
"I am filing a complaint regarding threats issued to me by my brother-in-law residing in Baner. The threats began 22nd june after a minor dispute between us. They have threatened to attack me and damage my property if I speak up. This has caused significant fear and anxiety for me and my family members. I have avoided any confrontation, but the threats have continued regardless. Neighbours in the area are also aware of the tension and can confirm this. I request that appropriate legal action be taken to ensure my safety. Please treat this matter with urgency given the serious nature of the threats.",Threat
"I, along with my family, am being harassed by my colleague residing in Wakad. The harassment has been going on for 2nd august now. They pass lewd remarks and try to create trouble whenever they see me. Last night around 9 pm the situation became worse when they confronted me directly. I feel unsafe going to work because of this constant harassment. My family members have also witnessed this behaviour on multiple occasions. I request immediate intervention so that this harassment stops permanently. Kindly register my complaint and take necessary legal action.",Harassment
"I want to report an incident of eve teasing that happened in Dadar. When i was coming back from the market, some youths passed vulgar comments at me while I was walking. They also whistled and made inappropriate gestures towards me and my friend. When I tried to ignore them and walk away, they followed for some distance. This kind of behaviour has made me feel unsafe while commuting alone. Other women in the area have also faced similar harassment at the same spot. I request increased police patrolling in this area to prevent such incidents. I am ready to identify the individuals if a line-up or CCTV review is arranged.",Eve Teasing
"I want to report a suspicious activity noticed in Dadar. Since a few days ago, unknown individuals have been gathering near the abandoned building at odd hours. Residents suspect some illegal activity may be taking place there at night. There have been loud noises and occasional arguments heard from the location. This has raised safety concerns among the families living nearby. No official action has been taken despite informing the local ward office. I request the authorities to investigate this matter and ensure resident safety. I am willing to provide further details or accompany officials if required.",Other
"I am filing a complaint regarding threats issued to me by an unknown person residing in Vashi. The threats began 3rd of this month after a minor dispute between us. They have threatened to attack me and damage my property if I speak up. This has caused significant fear and anxiety for me and my family members. I have avoided any confrontation, but the threats have continued regardless. Neighbours in the area are also aware of the tension and can confirm this. I request that appropriate legal action be taken to ensure my safety. Please treat this matter with urgency given the serious nature of the threats.",Threat
"I want to report that I have received serious threats from an unidentified man in Wakad. Since since the last two weeks, this person has been threatening to harm me and my family. They have warned me of dire consequences if I do not comply with their demands. The threats have been made both in person and over phone calls. I am extremely worried about the safety of my family due to these threats. I have not responded to any of their demands, which has escalated their anger. I request police protection and immediate action against the person threatening me. I can provide call recordings and witness details to support this complaint.",Threat
"I want to raise a public safety concern regarding the condition of roads in Kalyan. There is an open manhole near the main road that has been uncovered since 3rd of this month. Several two-wheeler riders have already met with minor accidents at this spot. There are no warning signs or barricades placed around the hazardous area. At night, due to poor street lighting, the risk of accidents increases further. Local residents have raised this issue before, but no action has been taken. I request the concerned authorities to repair the manhole and ensure proper lighting. This is a serious public safety hazard that needs urgent attention.",Public Safety
"I am reporting an eve teasing incident that occurred near Sadar Bazar bus stop. Around midnight, a man at the bus stop started teasing me and passing lewd remarks. They also tried to click photographs of me without my permission. I confronted them, but they laughed it off and continued their behaviour. This is not the first time such incidents have happened at this location. Several other girls have complained informally about the same group. I request strict action and regular police presence to ensure women's safety. I am willing to assist with identification if the individuals are traced.",Eve Teasing
"I want to report the theft of my purse containing cash and cards that happened in Vile Parle. The incident took place while I was returning from work, near the main market area. When I realised it was missing, I immediately checked the surroundings but found nothing. I suspect it was stolen by someone who was following me for a while. The approximate value of the stolen item is around Rs. 2,50,000. I have already informed the local shopkeepers in case they noticed anything unusual. I request the police to investigate the matter and help recover my belongings. I am ready to provide any additional details or CCTV footage location if available.",Theft
"I want to report the theft of my bicycle parked outside that happened in Sadar Bazar. The incident took place early this morning, near the main market area. When I realised it was missing, I immediately checked the surroundings but found nothing. I suspect it was stolen by someone who was following me for a while. The approximate value of the stolen item is around Rs. 2,50,000. I have already informed the local shopkeepers in case they noticed anything unusual. I request the police to investigate the matter and help recover my belongings. I am ready to provide any additional details or CCTV footage location if available.",Theft
"I want to report domestic violence I am facing from my father-in-law at my residence in Pimpri. The physical and mental abuse has continued for 3rd of this month. I am often beaten and verbally abused over small household matters. They have also threatened to throw me out of the house without any support. My children have witnessed these incidents, which has affected them badly. I have tried to resolve this peacefully, but the abuse continues to escalate. I request protection and legal action against those responsible for this abuse. I am ready to provide medical records and witness statements if required.",Domestic Violence
"I am filing this complaint against my father-in-law for continuous domestic abuse at home. Since a few days ago, I have been subjected to physical assault and harassment. I am also denied basic necessities and confined to the house without reason. There have been repeated threats of violence whenever I try to speak up. My relatives are aware of the situation and can testify to the abuse. I fear for my safety and the safety of my children living with me. I request immediate protection and appropriate legal action under the law. Kindly guide me regarding shelter and legal support available for my situation.",Domestic Violence
"I want to raise a public safety concern regarding the condition of roads in Kharadi. There is an open manhole near the main road that has been uncovered since 2nd august. Several two-wheeler riders have already met with minor accidents at this spot. There are no warning signs or barricades placed around the hazardous area. At night, due to poor street lighting, the risk of accidents increases further. Local residents have raised this issue before, but no action has been taken. I request the concerned authorities to repair the manhole and ensure proper lighting. This is a serious public safety hazard that needs urgent attention.",Public Safety
"I want to report the theft of my bicycle parked outside that happened in Dadar. The incident took place when I was coming back from the market, near the main market area. When I realised it was missing, I immediately checked the surroundings but found nothing. I suspect it was stolen by someone who was following me for a while. The approximate value of the stolen item is around Rs. 2,50,000. I have already informed the local shopkeepers in case they noticed anything unusual. I request the police to investigate the matter and help recover my belongings. I am ready to provide any additional details or CCTV footage location if available.",Theft
"I want to report domestic violence I am facing from my in-laws at my residence in Nashik Road. The physical and mental abuse has continued for since the last two weeks. I am often beaten and verbally abused over small household matters. They have also threatened to throw me out of the house without any support. My children have witnessed these incidents, which has affected them badly. I have tried to resolve this peacefully, but the abuse continues to escalate. I request protection and legal action against those responsible for this abuse. I am ready to provide medical records and witness statements if required.",Domestic Violence
"I am being blackmailed by my landlord who is threatening to expose personal information about me. The blackmail attempts started 22nd june through messages on Snapchat. They are asking for Rs. 8,000 failing which they threaten to defame me publicly. I have not given in to any of their demands so far. The mental pressure from these continuous threats is becoming unbearable. I have kept records of all the messages and calls related to this matter. I request immediate action to stop this blackmail and protect my privacy. Please advise on the legal steps I can take against this person.",Blackmail
"I want to report a suspicious activity noticed in Nashik Road. Since 15th july, unknown individuals have been gathering near the abandoned building at odd hours. Residents suspect some illegal activity may be taking place there at night. There have been loud noises and occasional arguments heard from the location. This has raised safety concerns among the families living nearby. No official action has been taken despite informing the local ward office. I request the authorities to investigate this matter and ensure resident safety. I am willing to provide further details or accompany officials if required.",Other
"I want to report a broken streetlight and damaged footpath in Shivaji Nagar causing safety issues. This problem has persisted for a few days ago without any repair work being done. Elderly people and children find it very difficult to walk safely in this area. During the rains, the area gets waterlogged, increasing the risk of falls. There have been a few incidents of people slipping and getting injured here. I along with other residents request immediate repair of this public infrastructure. This poses a continuous risk to pedestrians and vehicles passing through daily. I request quick action from the municipal authorities to resolve this matter.",Public Safety
"I want to report that I am being harassed online through Instagram. An unknown user has been sending me abusive and threatening messages since 2nd august. They have also created a fake profile using my photos without my consent. This person is messaging my friends and relatives with objectionable content about me. I have tried blocking the account, but new fake accounts keep appearing. This online harassment is causing me a lot of stress and embarrassment. I request cyber crime cell to trace the account and take strict action. I can share screenshots and chat history as proof of the harassment.",Cyber Harassment
"I want to report that I have received serious threats from my brother-in-law in Kalyan. Since since the last two weeks, this person has been threatening to harm me and my family. They have warned me of dire consequences if I do not comply with their demands. The threats have been made both in person and over phone calls. I am extremely worried about the safety of my family due to these threats. I have not responded to any of their demands, which has escalated their anger. I request police protection and immediate action against the person threatening me. I can provide call recordings and witness details to support this complaint.",Threat
"This is to report a theft incident involving my wife's handbag in the Dadar locality. It occurred around midnight, when I had briefly stepped away from the spot. On returning, I found that my belongings had been taken by someone unknown. The estimated loss is approximately Rs. 20,000, which is a significant amount for me. There were a few people nearby, but no one noticed the theft taking place. I have checked with nearby shops and residents, but there is no lead yet. I request that the case be registered and investigated at the earliest. I am willing to cooperate fully with the investigation process.",Theft
"I want to file a complaint regarding stalking by a senior at my workplace in Aundh. Since since the last two weeks, this person has been following me almost every day. During my evening walk, I noticed the same person waiting outside my house again. They also follow me to my workplace and wait near the gate. I have noticed the same vehicle following my auto-rickshaw multiple times. This constant following has made me extremely anxious and fearful for my safety. I request the police to investigate and stop this person from stalking me. I am willing to identify the person and provide further details if needed.",Stalking
"Someone on an unknown phone number has been repeatedly sending me inappropriate messages and comments. This harassment began a few days ago and has increased in frequency recently. The person has also commented obscene things on my public posts. I tried to reason with them, but they continued with more vulgar messages. They also tagged my friends and family in embarrassing and false posts. I am extremely disturbed and unable to use social media peacefully anymore. I request that the account be tracked down and appropriate action be taken. I am attaching the necessary screenshots to support my complaint.",Cyber Harassment
"I want to report an incident of eve teasing that happened in Baner. Yesterday evening, a man at the bus stop passed vulgar comments at me while I was walking. They also whistled and made inappropriate gestures towards me and my friend. When I tried to ignore them and walk away, they followed for some distance. This kind of behaviour has made me feel unsafe while commuting alone. Other women in the area have also faced similar harassment at the same spot. I request increased police patrolling in this area to prevent such incidents. I am ready to identify the individuals if a line-up or CCTV review is arranged.",Eve Teasing
"I want to file a complaint regarding stalking by my colleague in Hadapsar. Since on the 18th, this person has been following me almost every day. Around midnight, I noticed the same person waiting outside my house again. They also follow me to my workplace and wait near the gate. I have noticed the same vehicle following my auto-rickshaw multiple times. This constant following has made me extremely anxious and fearful for my safety. I request the police to investigate and stop this person from stalking me. I am willing to identify the person and provide further details if needed.",Stalking
"I am filing a complaint regarding threats issued to me by my ex-boyfriend residing in Kalyan. The threats began 3rd of this month after a minor dispute between us. They have threatened to attack me and damage my property if I speak up. This has caused significant fear and anxiety for me and my family members. I have avoided any confrontation, but the threats have continued regardless. Neighbours in the area are also aware of the tension and can confirm this. I request that appropriate legal action be taken to ensure my safety. Please treat this matter with urgency given the serious nature of the threats.",Threat
"I want to report that a senior at my workplace is blackmailing me using a dating app. Since on the 18th, this person has threatened to leak my private photos and information. They are demanding Rs. 2,50,000 in exchange for not making the content public. I have refused to pay, after which the threats have become more frequent. This blackmail has caused me severe mental stress and fear of social embarrassment. I have saved all the chat conversations and screenshots as evidence. I request the cyber crime department to investigate and take strict action. I am willing to cooperate fully to ensure this person is held accountable.",Blackmail
"Someone on Facebook has been repeatedly sending me inappropriate messages and comments. This harassment began a few days ago and has increased in frequency recently. The person has also commented obscene things on my public posts. I tried to reason with them, but they continued with more vulgar messages. They also tagged my friends and family in embarrassing and false posts. I am extremely disturbed and unable to use social media peacefully anymore. I request that the account be tracked down and appropriate action be taken. I am attaching the necessary screenshots to support my complaint.",Cyber Harassment
"I am being blackmailed by my husband who is threatening to expose personal information about me. The blackmail attempts started 2nd august through messages on Facebook. They are asking for Rs. 8,000 failing which they threaten to defame me publicly. I have not given in to any of their demands so far. The mental pressure from these continuous threats is becoming unbearable. I have kept records of all the messages and calls related to this matter. I request immediate action to stop this blackmail and protect my privacy. Please advise on the legal steps I can take against this person.",Blackmail
"Someone on Facebook has been repeatedly sending me inappropriate messages and comments. This harassment began 2nd august and has increased in frequency recently. The person has also commented obscene things on my public posts. I tried to reason with them, but they continued with more vulgar messages. They also tagged my friends and family in embarrassing and false posts. I am extremely disturbed and unable to use social media peacefully anymore. I request that the account be tracked down and appropriate action be taken. I am attaching the necessary screenshots to support my complaint.",Cyber Harassment
"This is to report a theft incident involving my two-wheeler in the Nagpur city locality. It occurred when I was coming back from the market, when I had briefly stepped away from the spot. On returning, I found that my belongings had been taken by someone unknown. The estimated loss is approximately Rs. 2,50,000, which is a significant amount for me. There were a few people nearby, but no one noticed the theft taking place. I have checked with nearby shops and residents, but there is no lead yet. I request that the case be registered and investigated at the earliest. I am willing to cooperate fully with the investigation process.",Theft
"I am filing this complaint against my husband for continuous domestic abuse at home. Since 10th of last month, I have been subjected to physical assault and harassment. I am also denied basic necessities and confined to the house without reason. There have been repeated threats of violence whenever I try to speak up. My relatives are aware of the situation and can testify to the abuse. I fear for my safety and the safety of my children living with me. I request immediate protection and appropriate legal action under the law. Kindly guide me regarding shelter and legal support available for my situation.",Domestic Violence
"I want to report continuous harassment I am facing from a shopkeeper nearby in Camp area. It started 3rd of this month and has not stopped since then. A shopkeeper nearby keeps passing insulting comments about me in front of others. Last week, this person again misbehaved with me near my house. I have asked them politely to stop, but they continue to trouble me. This is affecting my mental peace and I am scared to step out alone. I request the police to take strict action against the person responsible. I am ready to provide any further details required for the investigation.",Harassment
"I want to report that I am being harassed online through Instagram. An unknown user has been sending me abusive and threatening messages since 3rd of this month. They have also created a fake profile using my photos without my consent. This person is messaging my friends and relatives with objectionable content about me. I have tried blocking the account, but new fake accounts keep appearing. This online harassment is causing me a lot of stress and embarrassment. I request cyber crime cell to trace the account and take strict action. I can share screenshots and chat history as proof of the harassment.",Cyber Harassment
"I want to file a general safety complaint regarding noise and nuisance in Thane. For for the past one month, a nearby establishment has been operating loudly beyond permitted hours. This has disturbed the peace of the neighbourhood, especially for elderly residents and children. Repeated requests to the owners to reduce noise have been ignored. The situation escalates on weekends when the disturbance continues till late night. Several neighbours have joined together to raise this issue with local authorities. I request necessary action to ensure the noise levels are brought under control. Kindly look into this matter at the earliest for the well-being of residents.",Other
"A person, identified as my ex-partner, has been stalking me for 2nd august now. During my evening walk, they were seen standing near my college gate watching me. They repeatedly try to talk to me even after I have refused multiple times. My friends have also noticed this person following me on different days. This person seems to know my daily routine, which is very concerning. I fear this may escalate into something more dangerous if not stopped. I request that strict action be taken against this individual immediately. Please guide me on the next steps to ensure my safety.",Stalking
"I want to report that my ex-partner is blackmailing me using a dating app. Since 2nd august, this person has threatened to leak my private photos and information. They are demanding Rs. 35,000 in exchange for not making the content public. I have refused to pay, after which the threats have become more frequent. This blackmail has caused me severe mental stress and fear of social embarrassment. I have saved all the chat conversations and screenshots as evidence. I request the cyber crime department to investigate and take strict action. I am willing to cooperate fully to ensure this person is held accountable.",Blackmail
"I want to report continuous harassment I am facing from my ex-partner in Kothrud. It started 22nd June and has not stopped since then. My ex-partner keeps passing insulting comments about me in front of others. During my evening walk, this person again misbehaved with me near my house. I have asked them politely to stop, but they continue to trouble me. This is affecting my mental peace and I am scared to step out alone. I request the police to take strict action against the person responsible. I am ready to provide any further details required for the investigation.",Harassment
"I want to report continuous harassment I am facing from my ex-husband in Dadar. It started 3rd of this month and has not stopped since then. My ex-husband keeps passing insulting comments about me in front of others. During my evening walk, this person again misbehaved with me near my house. I have asked them politely to stop, but they continue to trouble me. This is affecting my mental peace and I am scared to step out alone. I request the police to take strict action against the person responsible. I am ready to provide any further details required for the investigation.",Harassment
"I want to report a broken streetlight and damaged footpath in Camp area causing safety issues. This problem has persisted for 2nd august without any repair work being done. Elderly people and children find it very difficult to walk safely in this area. During the rains, the area gets waterlogged, increasing the risk of falls. There have been a few incidents of people slipping and getting injured here. I along with other residents request immediate repair of this public infrastructure. This poses a continuous risk to pedestrians and vehicles passing through daily. I request quick action from the municipal authorities to resolve this matter.",Public Safety
"I want to report a broken streetlight and damaged footpath in Nagpur city causing safety issues. This problem has persisted for 15th july without any repair work being done. Elderly people and children find it very difficult to walk safely in this area. During the rains, the area gets waterlogged, increasing the risk of falls. There have been a few incidents of people slipping and getting injured here. I along with other residents request immediate repair of this public infrastructure. This poses a continuous risk to pedestrians and vehicles passing through daily. I request quick action from the municipal authorities to resolve this matter.",Public Safety
"A person, identified as my brother-in-law, has been stalking me for 10th of last month now. Around midnight, they were seen standing near my college gate watching me. They repeatedly try to talk to me even after I have refused multiple times. My friends have also noticed this person following me on different days. This person seems to know my daily routine, which is very concerning. I fear this may escalate into something more dangerous if not stopped. I request that strict action be taken against this individual immediately. Please guide me on the next steps to ensure my safety.",Stalking
"I am filing a complaint regarding threats issued to me by an unidentified man residing in Borivali. The threats began 15th july after a minor dispute between us. They have threatened to attack me and damage my property if I speak up. This has caused significant fear and anxiety for me and my family members. I have avoided any confrontation, but the threats have continued regardless. Neighbours in the area are also aware of the tension and can confirm this. I request that appropriate legal action be taken to ensure my safety. Please treat this matter with urgency given the serious nature of the threats.",Threat
"I want to report a suspicious activity noticed in Sadar Bazar. Since since the last two weeks, unknown individuals have been gathering near the abandoned building at odd hours. Residents suspect some illegal activity may be taking place there at night. There have been loud noises and occasional arguments heard from the location. This has raised safety concerns among the families living nearby. No official action has been taken despite informing the local ward office. I request the authorities to investigate this matter and ensure resident safety. I am willing to provide further details or accompany officials if required.",Other
"I want to report a broken streetlight and damaged footpath in Kothrud causing safety issues. This problem has persisted for a few days ago without any repair work being done. Elderly people and children find it very difficult to walk safely in this area. During the rains, the area gets waterlogged, increasing the risk of falls. There have been a few incidents of people slipping and getting injured here. I along with other residents request immediate repair of this public infrastructure. This poses a continuous risk to pedestrians and vehicles passing through daily. I request quick action from the municipal authorities to resolve this matter.",Public Safety
"A person, identified as my ex-partner, has been stalking me for 10th of last month now. Last week, they were seen standing near my college gate watching me. They repeatedly try to talk to me even after I have refused multiple times. My friends have also noticed this person following me on different days. This person seems to know my daily routine, which is very concerning. I fear this may escalate into something more dangerous if not stopped. I request that strict action be taken against this individual immediately. Please guide me on the next steps to ensure my safety.",Stalking
"I want to report the theft of my two-wheeler that happened in Kharadi. The incident took place early this morning, near the main market area. When I realised it was missing, I immediately checked the surroundings but found nothing. I suspect it was stolen by someone who was following me for a while. The approximate value of the stolen item is around Rs. 12,000. I have already informed the local shopkeepers in case they noticed anything unusual. I request the police to investigate the matter and help recover my belongings. I am ready to provide any additional details or CCTV footage location if available.",Theft
"I want to report a suspicious activity noticed in Thane. Since on the 18th, unknown individuals have been gathering near the abandoned building at odd hours. Residents suspect some illegal activity may be taking place there at night. There have been loud noises and occasional arguments heard from the location. This has raised safety concerns among the families living nearby. No official action has been taken despite informing the local ward office. I request the authorities to investigate this matter and ensure resident safety. I am willing to provide further details or accompany officials if required.",Other
"I want to file a general safety complaint regarding noise and nuisance in Kharadi. For 15th july, a nearby establishment has been operating loudly beyond permitted hours. This has disturbed the peace of the neighbourhood, especially for elderly residents and children. Repeated requests to the owners to reduce noise have been ignored. The situation escalates on weekends when the disturbance continues till late night. Several neighbours have joined together to raise this issue with local authorities. I request necessary action to ensure the noise levels are brought under control. Kindly look into this matter at the earliest for the well-being of residents.",Other
"I want to report that my neighbour is blackmailing me using an unknown phone number. Since last friday, this person has threatened to leak my private photos and information. They are demanding Rs. 12,000 in exchange for not making the content public. I have refused to pay, after which the threats have become more frequent. This blackmail has caused me severe mental stress and fear of social embarrassment. I have saved all the chat conversations and screenshots as evidence. I request the cyber crime department to investigate and take strict action. I am willing to cooperate fully to ensure this person is held accountable.",Blackmail
"I am filing a complaint regarding threats issued to me by my husband residing in Borivali. The threats began 10th of last month after a minor dispute between us. They have threatened to attack me and damage my property if I speak up. This has caused significant fear and anxiety for me and my family members. I have avoided any confrontation, but the threats have continued regardless. Neighbours in the area are also aware of the tension and can confirm this. I request that appropriate legal action be taken to ensure my safety. Please treat this matter with urgency given the serious nature of the threats.",Threat
"A person, identified as my brother-in-law, has been stalking me for a few days ago now. On my way to college, they were seen standing near my college gate watching me. They repeatedly try to talk to me even after I have refused multiple times. My friends have also noticed this person following me on different days. This person seems to know my daily routine, which is very concerning. I fear this may escalate into something more dangerous if not stopped. I request that strict action be taken against this individual immediately. Please guide me on the next steps to ensure my safety.",Stalking
"This is to report a theft incident involving important documents and my wallet in the Wakad locality. It occurred around midnight, when I had briefly stepped away from the spot. On returning, I found that my belongings had been taken by someone unknown. The estimated loss is approximately Rs. 2,50,000, which is a significant amount for me. There were a few people nearby, but no one noticed the theft taking place. I have checked with nearby shops and residents, but there is no lead yet. I request that the case be registered and investigated at the earliest. I am willing to cooperate fully with the investigation process.",Theft
"I am filing a complaint regarding threats issued to me by my brother-in-law residing in Pimpri. The threats began 22nd june after a minor dispute between us. They have threatened to attack me and damage my property if I speak up. This has caused significant fear and anxiety for me and my family members. I have avoided any confrontation, but the threats have continued regardless. Neighbours in the area are also aware of the tension and can confirm this. I request that appropriate legal action be taken to ensure my safety. Please treat this matter with urgency given the serious nature of the threats.",Threat
"I want to report an incident of eve teasing that happened in Vile Parle. Two days back, two men on a bike passed vulgar comments at me while I was walking. They also whistled and made inappropriate gestures towards me and my friend. When I tried to ignore them and walk away, they followed for some distance. This kind of behaviour has made me feel unsafe while commuting alone. Other women in the area have also faced similar harassment at the same spot. I request increased police patrolling in this area to prevent such incidents. I am ready to identify the individuals if a line-up or CCTV review is arranged.",Eve Teasing
"I want to report a suspicious activity noticed in Andheri. Since 10th of last month, unknown individuals have been gathering near the abandoned building at odd hours. Residents suspect some illegal activity may be taking place there at night. There have been loud noises and occasional arguments heard from the location. This has raised safety concerns among the families living nearby. No official action has been taken despite informing the local ward office. I request the authorities to investigate this matter and ensure resident safety. I am willing to provide further details or accompany officials if required.",Other
"I want to file a complaint regarding stalking by a shopkeeper nearby in Nagpur city. Since 3rd of this month, this person has been following me almost every day. Two days back, I noticed the same person waiting outside my house again. They also follow me to my workplace and wait near the gate. I have noticed the same vehicle following my auto-rickshaw multiple times. This constant following has made me extremely anxious and fearful for my safety. I request the police to investigate and stop this person from stalking me. I am willing to identify the person and provide further details if needed.",Stalking
"I want to file a general safety complaint regarding noise and nuisance in Kalyan. For a few days ago, a nearby establishment has been operating loudly beyond permitted hours. This has disturbed the peace of the neighbourhood, especially for elderly residents and children. Repeated requests to the owners to reduce noise have been ignored. The situation escalates on weekends when the disturbance continues till late night. Several neighbours have joined together to raise this issue with local authorities. I request necessary action to ensure the noise levels are brought under control. Kindly look into this matter at the earliest for the well-being of residents.",Other
"I am filing a complaint regarding threats issued to me by my colleague residing in Vashi. The threats began since the last two weeks after a minor dispute between us. They have threatened to attack me and damage my property if I speak up. This has caused significant fear and anxiety for me and my family members. I have avoided any confrontation, but the threats have continued regardless. Neighbours in the area are also aware of the tension and can confirm this. I request that appropriate legal action be taken to ensure my safety. Please treat this matter with urgency given the serious nature of the threats.",Threat
"I want to raise a public safety concern regarding the condition of roads in Kalyan. There is an open manhole near the main road that has been uncovered since for the past one month. Several two-wheeler riders have already met with minor accidents at this spot. There are no warning signs or barricades placed around the hazardous area. At night, due to poor street lighting, the risk of accidents increases further. Local residents have raised this issue before, but no action has been taken. I request the concerned authorities to repair the manhole and ensure proper lighting. This is a serious public safety hazard that needs urgent attention.",Public Safety
"I want to raise a public safety concern regarding the condition of roads in Kothrud. There is an open manhole near the main road that has been uncovered since last friday. Several two-wheeler riders have already met with minor accidents at this spot. There are no warning signs or barricades placed around the hazardous area. At night, due to poor street lighting, the risk of accidents increases further. Local residents have raised this issue before, but no action has been taken. I request the concerned authorities to repair the manhole and ensure proper lighting. This is a serious public safety hazard that needs urgent attention.",Public Safety
"I want to report that a man from my society is blackmailing me using a fake email ID. Since a few days ago, this person has threatened to leak my private photos and information. They are demanding Rs. 8,000 in exchange for not making the content public. I have refused to pay, after which the threats have become more frequent. This blackmail has caused me severe mental stress and fear of social embarrassment. I have saved all the chat conversations and screenshots as evidence. I request the cyber crime department to investigate and take strict action. I am willing to cooperate fully to ensure this person is held accountable.",Blackmail
"I am filing this complaint against my husband for continuous domestic abuse at home. Since 3rd of this month, I have been subjected to physical assault and harassment. I am also denied basic necessities and confined to the house without reason. There have been repeated threats of violence whenever I try to speak up. My relatives are aware of the situation and can testify to the abuse. I fear for my safety and the safety of my children living with me. I request immediate protection and appropriate legal action under the law. Kindly guide me regarding shelter and legal support available for my situation.",Domestic Violence
"I want to report a broken streetlight and damaged footpath in Kharadi causing safety issues. This problem has persisted for on the 18th without any repair work being done. Elderly people and children find it very difficult to walk safely in this area. During the rains, the area gets waterlogged, increasing the risk of falls. There have been a few incidents of people slipping and getting injured here. I along with other residents request immediate repair of this public infrastructure. This poses a continuous risk to pedestrians and vehicles passing through daily. I request quick action from the municipal authorities to resolve this matter.",Public Safety
"This is to report a theft incident involving important documents and my wallet in the Andheri locality. It occurred last night around 9 PM, when I had briefly stepped away from the spot. On returning, I found that my belongings had been taken by someone unknown. The estimated loss is approximately Rs. 75,000, which is a significant amount for me. There were a few people nearby, but no one noticed the theft taking place. I have checked with nearby shops and residents, but there is no lead yet. I request that the case be registered and investigated at the earliest. I am willing to cooperate fully with the investigation process.",Theft
"I want to report that I have received serious threats from my ex-boyfriend in Aundh. Since 3rd of this month, this person has been threatening to harm me and my family. They have warned me of dire consequences if I do not comply with their demands. The threats have been made both in person and over phone calls. I am extremely worried about the safety of my family due to these threats. I have not responded to any of their demands, which has escalated their anger. I request police protection and immediate action against the person threatening me. I can provide call recordings and witness details to support this complaint.",Threat
"I, along with my family, am being harassed by my classmate residing in Andheri. The harassment has been going on for on the 18th now. They pass lewd remarks and try to create trouble whenever they see me. This morning around 8 am the situation became worse when they confronted me directly. I feel unsafe going to work because of this constant harassment. My family members have also witnessed this behaviour on multiple occasions. I request immediate intervention so that this harassment stops permanently. Kindly register my complaint and take necessary legal action.",Harassment
"I want to report that I am being harassed online through Instagram. An unknown user has been sending me abusive and threatening messages since on the 18th. They have also created a fake profile using my photos without my consent. This person is messaging my friends and relatives with objectionable content about me. I have tried blocking the account, but new fake accounts keep appearing. This online harassment is causing me a lot of stress and embarrassment. I request cyber crime cell to trace the account and take strict action. I can share screenshots and chat history as proof of the harassment.",Cyber Harassment
"I am reporting an eve teasing incident that occurred near Kothrud bus stop. Last week, two men on a bike started teasing me and passing lewd remarks. They also tried to click photographs of me without my permission. I confronted them, but they laughed it off and continued their behaviour. This is not the first time such incidents have happened at this location. Several other girls have complained informally about the same group. I request strict action and regular police presence to ensure women's safety. I am willing to assist with identification if the individuals are traced.",Eve Teasing
"I want to file a complaint regarding stalking by a man from my society in Kothrud. Since last friday, this person has been following me almost every day. When i was coming back from the market, I noticed the same person waiting outside my house again. They also follow me to my workplace and wait near the gate. I have noticed the same vehicle following my auto-rickshaw multiple times. This constant following has made me extremely anxious and fearful for my safety. I request the police to investigate and stop this person from stalking me. I am willing to identify the person and provide further details if needed.",Stalking
"I want to report that I am being harassed online through a fake email ID. An unknown user has been sending me abusive and threatening messages since last friday. They have also created a fake profile using my photos without my consent. This person is messaging my friends and relatives with objectionable content about me. I have tried blocking the account, but new fake accounts keep appearing. This online harassment is causing me a lot of stress and embarrassment. I request cyber crime cell to trace the account and take strict action. I can share screenshots and chat history as proof of the harassment.",Cyber Harassment
"I am filing a complaint regarding threats issued to me by my classmate residing in Kharadi. The threats began 15th july after a minor dispute between us. They have threatened to attack me and damage my property if I speak up. This has caused significant fear and anxiety for me and my family members. I have avoided any confrontation, but the threats have continued regardless. Neighbours in the area are also aware of the tension and can confirm this. I request that appropriate legal action be taken to ensure my safety. Please treat this matter with urgency given the serious nature of the threats.",Threat
"I, along with my family, am being harassed by a man from my society residing in Sadar Bazar. The harassment has been going on for last friday now. They pass lewd remarks and try to create trouble whenever they see me. Around midnight the situation became worse when they confronted me directly. I feel unsafe going to work because of this constant harassment. My family members have also witnessed this behaviour on multiple occasions. I request immediate intervention so that this harassment stops permanently. Kindly register my complaint and take necessary legal action.",Harassment
"I want to report a suspicious activity noticed in Kharadi. Since last friday, unknown individuals have been gathering near the abandoned building at odd hours. Residents suspect some illegal activity may be taking place there at night. There have been loud noises and occasional arguments heard from the location. This has raised safety concerns among the families living nearby. No official action has been taken despite informing the local ward office. I request the authorities to investigate this matter and ensure resident safety. I am willing to provide further details or accompany officials if required.",Other
"I, along with my family, am being harassed by an unidentified man residing in Kalyan. The harassment has been going on for 22nd june now. They pass lewd remarks and try to create trouble whenever they see me. Around midnight the situation became worse when they confronted me directly. I feel unsafe going to work because of this constant harassment. My family members have also witnessed this behaviour on multiple occasions. I request immediate intervention so that this harassment stops permanently. Kindly register my complaint and take necessary legal action.",Harassment
"I want to report a suspicious activity noticed in Kharadi. Since since the last two weeks, unknown individuals have been gathering near the abandoned building at odd hours. Residents suspect some illegal activity may be taking place there at night. There have been loud noises and occasional arguments heard from the location. This has raised safety concerns among the families living nearby. No official action has been taken despite informing the local ward office. I request the authorities to investigate this matter and ensure resident safety. I am willing to provide further details or accompany officials if required.",Other
"I want to report an incident of eve teasing that happened in Kharadi. While i was returning from work, a group of boys passed vulgar comments at me while I was walking. They also whistled and made inappropriate gestures towards me and my friend. When I tried to ignore them and walk away, they followed for some distance. This kind of behaviour has made me feel unsafe while commuting alone. Other women in the area have also faced similar harassment at the same spot. I request increased police patrolling in this area to prevent such incidents. I am ready to identify the individuals if a line-up or CCTV review is arranged.",Eve Teasing
"I want to report continuous harassment I am facing from an unidentified man in Shivaji Nagar. It started last Friday and has not stopped since then. An unidentified man keeps passing insulting comments about me in front of others. Two days back, this person again misbehaved with me near my house. I have asked them politely to stop, but they continue to trouble me. This is affecting my mental peace and I am scared to step out alone. I request the police to take strict action against the person responsible. I am ready to provide any further details required for the investigation.",Harassment
"I am being blackmailed by my ex-boyfriend who is threatening to expose personal information about me. The blackmail attempts started a few days ago through messages on Facebook. They are asking for Rs. 1,00,000 failing which they threaten to defame me publicly. I have not given in to any of their demands so far. The mental pressure from these continuous threats is becoming unbearable. I have kept records of all the messages and calls related to this matter. I request immediate action to stop this blackmail and protect my privacy. Please advise on the legal steps I can take against this person.",Blackmail
"I am being blackmailed by a group of boys who is threatening to expose personal information about me. The blackmail attempts started a few days ago through messages on Instagram. They are asking for Rs. 35,000 failing which they threaten to defame me publicly. I have not given in to any of their demands so far. The mental pressure from these continuous threats is becoming unbearable. I have kept records of all the messages and calls related to this matter. I request immediate action to stop this blackmail and protect my privacy. Please advise on the legal steps I can take against this person.",Blackmail
"I want to report an incident of eve teasing that happened in Nashik Road. While i was returning from work, a man at the bus stop passed vulgar comments at me while I was walking. They also whistled and made inappropriate gestures towards me and my friend. When I tried to ignore them and walk away, they followed for some distance. This kind of behaviour has made me feel unsafe while commuting alone. Other women in the area have also faced similar harassment at the same spot. I request increased police patrolling in this area to prevent such incidents. I am ready to identify the individuals if a line-up or CCTV review is arranged.",Eve Teasing
"I want to file a general safety complaint regarding noise and nuisance in Vile Parle. For 15th july, a nearby establishment has been operating loudly beyond permitted hours. This has disturbed the peace of the neighbourhood, especially for elderly residents and children. Repeated requests to the owners to reduce noise have been ignored. The situation escalates on weekends when the disturbance continues till late night. Several neighbours have joined together to raise this issue with local authorities. I request necessary action to ensure the noise levels are brought under control. Kindly look into this matter at the earliest for the well-being of residents.",Other
"I want to report domestic violence I am facing from my in-laws at my residence in Baner. The physical and mental abuse has continued for since the last two weeks. I am often beaten and verbally abused over small household matters. They have also threatened to throw me out of the house without any support. My children have witnessed these incidents, which has affected them badly. I have tried to resolve this peacefully, but the abuse continues to escalate. I request protection and legal action against those responsible for this abuse. I am ready to provide medical records and witness statements if required.",Domestic Violence
"I want to report that I am being harassed online through a dating app. An unknown user has been sending me abusive and threatening messages since 22nd june. They have also created a fake profile using my photos without my consent. This person is messaging my friends and relatives with objectionable content about me. I have tried blocking the account, but new fake accounts keep appearing. This online harassment is causing me a lot of stress and embarrassment. I request cyber crime cell to trace the account and take strict action. I can share screenshots and chat history as proof of the harassment.",Cyber Harassment
"I want to file a general safety complaint regarding noise and nuisance in Kalyan. For since the last two weeks, a nearby establishment has been operating loudly beyond permitted hours. This has disturbed the peace of the neighbourhood, especially for elderly residents and children. Repeated requests to the owners to reduce noise have been ignored. The situation escalates on weekends when the disturbance continues till late night. Several neighbours have joined together to raise this issue with local authorities. I request necessary action to ensure the noise levels are brought under control. Kindly look into this matter at the earliest for the well-being of residents.",Other
"This is to report a theft incident involving cash of about Rs. 15,000 in the Kalyan locality. It occurred when I was coming back from the market, when I had briefly stepped away from the spot. On returning, I found that my belongings had been taken by someone unknown. The estimated loss is approximately Rs. 20,000, which is a significant amount for me. There were a few people nearby, but no one noticed the theft taking place. I have checked with nearby shops and residents, but there is no lead yet. I request that the case be registered and investigated at the earliest. I am willing to cooperate fully with the investigation process.",Theft
"I want to report the theft of my purse containing cash and cards that happened in Sadar Bazar. The incident took place two days back, near the main market area. When I realised it was missing, I immediately checked the surroundings but found nothing. I suspect it was stolen by someone who was following me for a while. The approximate value of the stolen item is around Rs. 8,000. I have already informed the local shopkeepers in case they noticed anything unusual. I request the police to investigate the matter and help recover my belongings. I am ready to provide any additional details or CCTV footage location if available.",Theft
"A person, identified as an unknown person, has been stalking me for a few days ago now. Early this morning, they were seen standing near my college gate watching me. They repeatedly try to talk to me even after I have refused multiple times. My friends have also noticed this person following me on different days. This person seems to know my daily routine, which is very concerning. I fear this may escalate into something more dangerous if not stopped. I request that strict action be taken against this individual immediately. Please guide me on the next steps to ensure my safety.",Stalking
"I am filing this complaint against my mother-in-law for continuous domestic abuse at home. Since last friday, I have been subjected to physical assault and harassment. I am also denied basic necessities and confined to the house without reason. There have been repeated threats of violence whenever I try to speak up. My relatives are aware of the situation and can testify to the abuse. I fear for my safety and the safety of my children living with me. I request immediate protection and appropriate legal action under the law. Kindly guide me regarding shelter and legal support available for my situation.",Domestic Violence
"I want to report the theft of my two-wheeler that happened in Thane. The incident took place when I was coming back from the market, near the main market area. When I realised it was missing, I immediately checked the surroundings but found nothing. I suspect it was stolen by someone who was following me for a while. The approximate value of the stolen item is around Rs. 20,000. I have already informed the local shopkeepers in case they noticed anything unusual. I request the police to investigate the matter and help recover my belongings. I am ready to provide any additional details or CCTV footage location if available.",Theft
"I want to report the theft of my laptop bag that happened in Dadar. The incident took place this morning around 8 AM, near the main market area. When I realised it was missing, I immediately checked the surroundings but found nothing. I suspect it was stolen by someone who was following me for a while. The approximate value of the stolen item is around Rs. 12,000. I have already informed the local shopkeepers in case they noticed anything unusual. I request the police to investigate the matter and help recover my belongings. I am ready to provide any additional details or CCTV footage location if available.",Theft
"I want to report an incident of eve teasing that happened in Vashi. Last week, a man at the bus stop passed vulgar comments at me while I was walking. They also whistled and made inappropriate gestures towards me and my friend. When I tried to ignore them and walk away, they followed for some distance. This kind of behaviour has made me feel unsafe while commuting alone. Other women in the area have also faced similar harassment at the same spot. I request increased police patrolling in this area to prevent such incidents. I am ready to identify the individuals if a line-up or CCTV review is arranged.",Eve Teasing
"I am filing a complaint regarding threats issued to me by a stranger residing in Nashik Road. The threats began since the last two weeks after a minor dispute between us. They have threatened to attack me and damage my property if I speak up. This has caused significant fear and anxiety for me and my family members. I have avoided any confrontation, but the threats have continued regardless. Neighbours in the area are also aware of the tension and can confirm this. I request that appropriate legal action be taken to ensure my safety. Please treat this matter with urgency given the serious nature of the threats.",Threat
"I want to file a general safety complaint regarding noise and nuisance in Pimpri. For 22nd june, a nearby establishment has been operating loudly beyond permitted hours. This has disturbed the peace of the neighbourhood, especially for elderly residents and children. Repeated requests to the owners to reduce noise have been ignored. The situation escalates on weekends when the disturbance continues till late night. Several neighbours have joined together to raise this issue with local authorities. I request necessary action to ensure the noise levels are brought under control. Kindly look into this matter at the earliest for the well-being of residents.",Other
"I am filing this complaint against my mother-in-law for continuous domestic abuse at home. Since 15th july, I have been subjected to physical assault and harassment. I am also denied basic necessities and confined to the house without reason. There have been repeated threats of violence whenever I try to speak up. My relatives are aware of the situation and can testify to the abuse. I fear for my safety and the safety of my children living with me. I request immediate protection and appropriate legal action under the law. Kindly guide me regarding shelter and legal support available for my situation.",Domestic Violence
"A person, identified as a group of boys, has been stalking me for a few days ago now. During my evening walk, they were seen standing near my college gate watching me. They repeatedly try to talk to me even after I have refused multiple times. My friends have also noticed this person following me on different days. This person seems to know my daily routine, which is very concerning. I fear this may escalate into something more dangerous if not stopped. I request that strict action be taken against this individual immediately. Please guide me on the next steps to ensure my safety.",Stalking
"Someone on an unknown phone number has been repeatedly sending me inappropriate messages and comments. This harassment began for the past one month and has increased in frequency recently. The person has also commented obscene things on my public posts. I tried to reason with them, but they continued with more vulgar messages. They also tagged my friends and family in embarrassing and false posts. I am extremely disturbed and unable to use social media peacefully anymore. I request that the account be tracked down and appropriate action be taken. I am attaching the necessary screenshots to support my complaint.",Cyber Harassment
"I want to report domestic violence I am facing from my in-laws at my residence in Wakad. The physical and mental abuse has continued for 22nd june. I am often beaten and verbally abused over small household matters. They have also threatened to throw me out of the house without any support. My children have witnessed these incidents, which has affected them badly. I have tried to resolve this peacefully, but the abuse continues to escalate. I request protection and legal action against those responsible for this abuse. I am ready to provide medical records and witness statements if required.",Domestic Violence
"I am being blackmailed by my brother-in-law who is threatening to expose personal information about me. The blackmail attempts started 3rd of this month through messages on Facebook. They are asking for Rs. 2,50,000 failing which they threaten to defame me publicly. I have not given in to any of their demands so far. The mental pressure from these continuous threats is becoming unbearable. I have kept records of all the messages and calls related to this matter. I request immediate action to stop this blackmail and protect my privacy. Please advise on the legal steps I can take against this person.",Blackmail
"This is to report a theft incident involving household electronics in the Vashi locality. It occurred during my evening walk, when I had briefly stepped away from the spot. On returning, I found that my belongings had been taken by someone unknown. The estimated loss is approximately Rs. 50,000, which is a significant amount for me. There were a few people nearby, but no one noticed the theft taking place. I have checked with nearby shops and residents, but there is no lead yet. I request that the case be registered and investigated at the earliest. I am willing to cooperate fully with the investigation process.",Theft
"I want to report the theft of household electronics that happened in Camp area. The incident took place around midnight, near the main market area. When I realised it was missing, I immediately checked the surroundings but found nothing. I suspect it was stolen by someone who was following me for a while. The approximate value of the stolen item is around Rs. 35,000. I have already informed the local shopkeepers in case they noticed anything unusual. I request the police to investigate the matter and help recover my belongings. I am ready to provide any additional details or CCTV footage location if available.",Theft
"I want to report that I have received serious threats from a group of boys in Pimpri. Since for the past one month, this person has been threatening to harm me and my family. They have warned me of dire consequences if I do not comply with their demands. The threats have been made both in person and over phone calls. I am extremely worried about the safety of my family due to these threats. I have not responded to any of their demands, which has escalated their anger. I request police protection and immediate action against the person threatening me. I can provide call recordings and witness details to support this complaint.",Threat
"I want to report an incident of eve teasing that happened in Shivaji Nagar. When i was coming back from the market, an unknown man passed vulgar comments at me while I was walking. They also whistled and made inappropriate gestures towards me and my friend. When I tried to ignore them and walk away, they followed for some distance. This kind of behaviour has made me feel unsafe while commuting alone. Other women in the area have also faced similar harassment at the same spot. I request increased police patrolling in this area to prevent such incidents. I am ready to identify the individuals if a line-up or CCTV review is arranged.",Eve Teasing
"I want to report that I am being harassed online through Facebook. An unknown user has been sending me abusive and threatening messages since 10th of last month. They have also created a fake profile using my photos without my consent. This person is messaging my friends and relatives with objectionable content about me. I have tried blocking the account, but new fake accounts keep appearing. This online harassment is causing me a lot of stress and embarrassment. I request cyber crime cell to trace the account and take strict action. I can share screenshots and chat history as proof of the harassment.",Cyber Harassment
"I am reporting an eve teasing incident that occurred near Vashi bus stop. During my evening walk, a group of boys started teasing me and passing lewd remarks. They also tried to click photographs of me without my permission. I confronted them, but they laughed it off and continued their behaviour. This is not the first time such incidents have happened at this location. Several other girls have complained informally about the same group. I request strict action and regular police presence to ensure women's safety. I am willing to assist with identification if the individuals are traced.",Eve Teasing
"This is to report a theft incident involving my laptop bag in the Pimpri locality. It occurred yesterday evening, when I had briefly stepped away from the spot. On returning, I found that my belongings had been taken by someone unknown. The estimated loss is approximately Rs. 20,000, which is a significant amount for me. There were a few people nearby, but no one noticed the theft taking place. I have checked with nearby shops and residents, but there is no lead yet. I request that the case be registered and investigated at the earliest. I am willing to cooperate fully with the investigation process.",Theft
"I want to report continuous harassment I am facing from my classmate in Chinchwad. It started since the last two weeks and has not stopped since then. My classmate keeps passing insulting comments about me in front of others. This morning around 8 am, this person again misbehaved with me near my house. I have asked them politely to stop, but they continue to trouble me. This is affecting my mental peace and I am scared to step out alone. I request the police to take strict action against the person responsible. I am ready to provide any further details required for the investigation.",Harassment
"I want to report that a shopkeeper nearby is blackmailing me using a dating app. Since for the past one month, this person has threatened to leak my private photos and information. They are demanding Rs. 12,000 in exchange for not making the content public. I have refused to pay, after which the threats have become more frequent. This blackmail has caused me severe mental stress and fear of social embarrassment. I have saved all the chat conversations and screenshots as evidence. I request the cyber crime department to investigate and take strict action. I am willing to cooperate fully to ensure this person is held accountable.",Blackmail
"I am filing this complaint against my mother-in-law for continuous domestic abuse at home. Since since the last two weeks, I have been subjected to physical assault and harassment. I am also denied basic necessities and confined to the house without reason. There have been repeated threats of violence whenever I try to speak up. My relatives are aware of the situation and can testify to the abuse. I fear for my safety and the safety of my children living with me. I request immediate protection and appropriate legal action under the law. Kindly guide me regarding shelter and legal support available for my situation.",Domestic Violence
"I am being blackmailed by my ex-partner who is threatening to expose personal information about me. The blackmail attempts started on the 18th through messages on Instagram. They are asking for Rs. 2,50,000 failing which they threaten to defame me publicly. I have not given in to any of their demands so far. The mental pressure from these continuous threats is becoming unbearable. I have kept records of all the messages and calls related to this matter. I request immediate action to stop this blackmail and protect my privacy. Please advise on the legal steps I can take against this person.",Blackmail
"I want to report that I have received serious threats from my landlord in Chinchwad. Since since the last two weeks, this person has been threatening to harm me and my family. They have warned me of dire consequences if I do not comply with their demands. The threats have been made both in person and over phone calls. I am extremely worried about the safety of my family due to these threats. I have not responded to any of their demands, which has escalated their anger. I request police protection and immediate action against the person threatening me. I can provide call recordings and witness details to support this complaint.",Threat
"I am being blackmailed by my brother-in-law who is threatening to expose personal information about me. The blackmail attempts started a few days ago through messages on Facebook. They are asking for Rs. 75,000 failing which they threaten to defame me publicly. I have not given in to any of their demands so far. The mental pressure from these continuous threats is becoming unbearable. I have kept records of all the messages and calls related to this matter. I request immediate action to stop this blackmail and protect my privacy. Please advise on the legal steps I can take against this person.",Blackmail
"I want to report a broken streetlight and damaged footpath in Kharadi causing safety issues. This problem has persisted for 22nd june without any repair work being done. Elderly people and children find it very difficult to walk safely in this area. During the rains, the area gets waterlogged, increasing the risk of falls. There have been a few incidents of people slipping and getting injured here. I along with other residents request immediate repair of this public infrastructure. This poses a continuous risk to pedestrians and vehicles passing through daily. I request quick action from the municipal authorities to resolve this matter.",Public Safety
"I want to report that I am being harassed online through Facebook. An unknown user has been sending me abusive and threatening messages since 3rd of this month. They have also created a fake profile using my photos without my consent. This person is messaging my friends and relatives with objectionable content about me. I have tried blocking the account, but new fake accounts keep appearing. This online harassment is causing me a lot of stress and embarrassment. I request cyber crime cell to trace the account and take strict action. I can share screenshots and chat history as proof of the harassment.",Cyber Harassment
"I want to report that my ex-partner is blackmailing me using a dating app. Since last friday, this person has threatened to leak my private photos and information. They are demanding Rs. 2,50,000 in exchange for not making the content public. I have refused to pay, after which the threats have become more frequent. This blackmail has caused me severe mental stress and fear of social embarrassment. I have saved all the chat conversations and screenshots as evidence. I request the cyber crime department to investigate and take strict action. I am willing to cooperate fully to ensure this person is held accountable.",Blackmail
"I want to report the theft of my gold chain that happened in Kharadi. The incident took place last week, near the main market area. When I realised it was missing, I immediately checked the surroundings but found nothing. I suspect it was stolen by someone who was following me for a while. The approximate value of the stolen item is around Rs. 20,000. I have already informed the local shopkeepers in case they noticed anything unusual. I request the police to investigate the matter and help recover my belongings. I am ready to provide any additional details or CCTV footage location if available.",Theft
"This is to report a theft incident involving household electronics in the Chinchwad locality. It occurred on Monday afternoon, when I had briefly stepped away from the spot. On returning, I found that my belongings had been taken by someone unknown. The estimated loss is approximately Rs. 75,000, which is a significant amount for me. There were a few people nearby, but no one noticed the theft taking place. I have checked with nearby shops and residents, but there is no lead yet. I request that the case be registered and investigated at the earliest. I am willing to cooperate fully with the investigation process.",Theft
"I am filing this complaint against my in-laws for continuous domestic abuse at home. Since since the last two weeks, I have been subjected to physical assault and harassment. I am also denied basic necessities and confined to the house without reason. There have been repeated threats of violence whenever I try to speak up. My relatives are aware of the situation and can testify to the abuse. I fear for my safety and the safety of my children living with me. I request immediate protection and appropriate legal action under the law. Kindly guide me regarding shelter and legal support available for my situation.",Domestic Violence
"A person, identified as an unknown person, has been stalking me for for the past one month now. Early this morning, they were seen standing near my college gate watching me. They repeatedly try to talk to me even after I have refused multiple times. My friends have also noticed this person following me on different days. This person seems to know my daily routine, which is very concerning. I fear this may escalate into something more dangerous if not stopped. I request that strict action be taken against this individual immediately. Please guide me on the next steps to ensure my safety.",Stalking
"I want to report domestic violence I am facing from my in-laws at my residence in Nagpur city. The physical and mental abuse has continued for 22nd june. I am often beaten and verbally abused over small household matters. They have also threatened to throw me out of the house without any support. My children have witnessed these incidents, which has affected them badly. I have tried to resolve this peacefully, but the abuse continues to escalate. I request protection and legal action against those responsible for this abuse. I am ready to provide medical records and witness statements if required.",Domestic Violence
"I am filing this complaint against my father-in-law for continuous domestic abuse at home. Since for the past one month, I have been subjected to physical assault and harassment. I am also denied basic necessities and confined to the house without reason. There have been repeated threats of violence whenever I try to speak up. My relatives are aware of the situation and can testify to the abuse. I fear for my safety and the safety of my children living with me. I request immediate protection and appropriate legal action under the law. Kindly guide me regarding shelter and legal support available for my situation.",Domestic Violence
"I want to report the theft of my gold chain that happened in Shivaji Nagar. The incident took place last week, near the main market area. When I realised it was missing, I immediately checked the surroundings but found nothing. I suspect it was stolen by someone who was following me for a while. The approximate value of the stolen item is around Rs. 2,50,000. I have already informed the local shopkeepers in case they noticed anything unusual. I request the police to investigate the matter and help recover my belongings. I am ready to provide any additional details or CCTV footage location if available.",Theft
"I want to raise a public safety concern regarding the condition of roads in Shivaji Nagar. There is an open manhole near the main road that has been uncovered since 3rd of this month. Several two-wheeler riders have already met with minor accidents at this spot. There are no warning signs or barricades placed around the hazardous area. At night, due to poor street lighting, the risk of accidents increases further. Local residents have raised this issue before, but no action has been taken. I request the concerned authorities to repair the manhole and ensure proper lighting. This is a serious public safety hazard that needs urgent attention.",Public Safety
"I want to report a suspicious activity noticed in Pimpri. Since 10th of last month, unknown individuals have been gathering near the abandoned building at odd hours. Residents suspect some illegal activity may be taking place there at night. There have been loud noises and occasional arguments heard from the location. This has raised safety concerns among the families living nearby. No official action has been taken despite informing the local ward office. I request the authorities to investigate this matter and ensure resident safety. I am willing to provide further details or accompany officials if required.",Other
"I want to file a complaint regarding stalking by my colleague in Nagpur city. Since 3rd of this month, this person has been following me almost every day. While i was returning from work, I noticed the same person waiting outside my house again. They also follow me to my workplace and wait near the gate. I have noticed the same vehicle following my auto-rickshaw multiple times. This constant following has made me extremely anxious and fearful for my safety. I request the police to investigate and stop this person from stalking me. I am willing to identify the person and provide further details if needed.",Stalking
"I want to report an incident of eve teasing that happened in Sadar Bazar. On monday afternoon, two men on a bike passed vulgar comments at me while I was walking. They also whistled and made inappropriate gestures towards me and my friend. When I tried to ignore them and walk away, they followed for some distance. This kind of behaviour has made me feel unsafe while commuting alone. Other women in the area have also faced similar harassment at the same spot. I request increased police patrolling in this area to prevent such incidents. I am ready to identify the individuals if a line-up or CCTV review is arranged.",Eve Teasing
"This is to report a theft incident involving my laptop bag in the Camp area locality. It occurred early this morning, when I had briefly stepped away from the spot. On returning, I found that my belongings had been taken by someone unknown. The estimated loss is approximately Rs. 12,000, which is a significant amount for me. There were a few people nearby, but no one noticed the theft taking place. I have checked with nearby shops and residents, but there is no lead yet. I request that the case be registered and investigated at the earliest. I am willing to cooperate fully with the investigation process.",Theft
"I want to file a complaint regarding stalking by a group of boys in Borivali. Since a few days ago, this person has been following me almost every day. Early this morning, I noticed the same person waiting outside my house again. They also follow me to my workplace and wait near the gate. I have noticed the same vehicle following my auto-rickshaw multiple times. This constant following has made me extremely anxious and fearful for my safety. I request the police to investigate and stop this person from stalking me. I am willing to identify the person and provide further details if needed.",Stalking
"I want to report a broken streetlight and damaged footpath in Thane causing safety issues. This problem has persisted for 3rd of this month without any repair work being done. Elderly people and children find it very difficult to walk safely in this area. During the rains, the area gets waterlogged, increasing the risk of falls. There have been a few incidents of people slipping and getting injured here. I along with other residents request immediate repair of this public infrastructure. This poses a continuous risk to pedestrians and vehicles passing through daily. I request quick action from the municipal authorities to resolve this matter.",Public Safety
"I am being blackmailed by a man from my society who is threatening to expose personal information about me. The blackmail attempts started last friday through messages on Instagram. They are asking for Rs. 20,000 failing which they threaten to defame me publicly. I have not given in to any of their demands so far. The mental pressure from these continuous threats is becoming unbearable. I have kept records of all the messages and calls related to this matter. I request immediate action to stop this blackmail and protect my privacy. Please advise on the legal steps I can take against this person.",Blackmail
"I want to report that I have received serious threats from an unidentified man in Baner. Since 15th july, this person has been threatening to harm me and my family. They have warned me of dire consequences if I do not comply with their demands. The threats have been made both in person and over phone calls. I am extremely worried about the safety of my family due to these threats. I have not responded to any of their demands, which has escalated their anger. I request police protection and immediate action against the person threatening me. I can provide call recordings and witness details to support this complaint.",Threat
"I want to report that my colleague is blackmailing me using Snapchat. Since 10th of last month, this person has threatened to leak my private photos and information. They are demanding Rs. 2,50,000 in exchange for not making the content public. I have refused to pay, after which the threats have become more frequent. This blackmail has caused me severe mental stress and fear of social embarrassment. I have saved all the chat conversations and screenshots as evidence. I request the cyber crime department to investigate and take strict action. I am willing to cooperate fully to ensure this person is held accountable.",Blackmail
"I want to report an incident of eve teasing that happened in Vile Parle. On monday afternoon, a man at the bus stop passed vulgar comments at me while I was walking. They also whistled and made inappropriate gestures towards me and my friend. When I tried to ignore them and walk away, they followed for some distance. This kind of behaviour has made me feel unsafe while commuting alone. Other women in the area have also faced similar harassment at the same spot. I request increased police patrolling in this area to prevent such incidents. I am ready to identify the individuals if a line-up or CCTV review is arranged.",Eve Teasing
"I want to report a suspicious activity noticed in Kharadi. Since 3rd of this month, unknown individuals have been gathering near the abandoned building at odd hours. Residents suspect some illegal activity may be taking place there at night. There have been loud noises and occasional arguments heard from the location. This has raised safety concerns among the families living nearby. No official action has been taken despite informing the local ward office. I request the authorities to investigate this matter and ensure resident safety. I am willing to provide further details or accompany officials if required.",Other
"I am being blackmailed by my neighbour who is threatening to expose personal information about me. The blackmail attempts started 22nd june through messages on Snapchat. They are asking for Rs. 35,000 failing which they threaten to defame me publicly. I have not given in to any of their demands so far. The mental pressure from these continuous threats is becoming unbearable. I have kept records of all the messages and calls related to this matter. I request immediate action to stop this blackmail and protect my privacy. Please advise on the legal steps I can take against this person.",Blackmail
"I want to file a complaint regarding stalking by a group of boys in Kalyan. Since 22nd june, this person has been following me almost every day. While i was returning from work, I noticed the same person waiting outside my house again. They also follow me to my workplace and wait near the gate. I have noticed the same vehicle following my auto-rickshaw multiple times. This constant following has made me extremely anxious and fearful for my safety. I request the police to investigate and stop this person from stalking me. I am willing to identify the person and provide further details if needed.",Stalking
"I want to report continuous harassment I am facing from an unidentified man in Sadar Bazar. It started on the 18th and has not stopped since then. An unidentified man keeps passing insulting comments about me in front of others. Yesterday evening, this person again misbehaved with me near my house. I have asked them politely to stop, but they continue to trouble me. This is affecting my mental peace and I am scared to step out alone. I request the police to take strict action against the person responsible. I am ready to provide any further details required for the investigation.",Harassment
"I want to report domestic violence I am facing from my husband at my residence in Wakad. The physical and mental abuse has continued for 10th of last month. I am often beaten and verbally abused over small household matters. They have also threatened to throw me out of the house without any support. My children have witnessed these incidents, which has affected them badly. I have tried to resolve this peacefully, but the abuse continues to escalate. I request protection and legal action against those responsible for this abuse. I am ready to provide medical records and witness statements if required.",Domestic Violence
"I want to report domestic violence I am facing from my husband and his family at my residence in Camp area. The physical and mental abuse has continued for on the 18th. I am often beaten and verbally abused over small household matters. They have also threatened to throw me out of the house without any support. My children have witnessed these incidents, which has affected them badly. I have tried to resolve this peacefully, but the abuse continues to escalate. I request protection and legal action against those responsible for this abuse. I am ready to provide medical records and witness statements if required.",Domestic Violence
"I want to file a complaint regarding stalking by an unidentified man in Kalyan. Since since the last two weeks, this person has been following me almost every day. When i was coming back from the market, I noticed the same person waiting outside my house again. They also follow me to my workplace and wait near the gate. I have noticed the same vehicle following my auto-rickshaw multiple times. This constant following has made me extremely anxious and fearful for my safety. I request the police to investigate and stop this person from stalking me. I am willing to identify the person and provide further details if needed.",Stalking
"I want to report a broken streetlight and damaged footpath in Dadar causing safety issues. This problem has persisted for on the 18th without any repair work being done. Elderly people and children find it very difficult to walk safely in this area. During the rains, the area gets waterlogged, increasing the risk of falls. There have been a few incidents of people slipping and getting injured here. I along with other residents request immediate repair of this public infrastructure. This poses a continuous risk to pedestrians and vehicles passing through daily. I request quick action from the municipal authorities to resolve this matter.",Public Safety
"I want to file a general safety complaint regarding noise and nuisance in Nashik Road. For 22nd june, a nearby establishment has been operating loudly beyond permitted hours. This has disturbed the peace of the neighbourhood, especially for elderly residents and children. Repeated requests to the owners to reduce noise have been ignored. The situation escalates on weekends when the disturbance continues till late night. Several neighbours have joined together to raise this issue with local authorities. I request necessary action to ensure the noise levels are brought under control. Kindly look into this matter at the earliest for the well-being of residents.",Other
"I want to report the theft of my gold chain that happened in Vashi. The incident took place when I was coming back from the market, near the main market area. When I realised it was missing, I immediately checked the surroundings but found nothing. I suspect it was stolen by someone who was following me for a while. The approximate value of the stolen item is around Rs. 20,000. I have already informed the local shopkeepers in case they noticed anything unusual. I request the police to investigate the matter and help recover my belongings. I am ready to provide any additional details or CCTV footage location if available.",Theft
"I want to report that I have received serious threats from my landlord in Kalyan. Since 10th of last month, this person has been threatening to harm me and my family. They have warned me of dire consequences if I do not comply with their demands. The threats have been made both in person and over phone calls. I am extremely worried about the safety of my family due to these threats. I have not responded to any of their demands, which has escalated their anger. I request police protection and immediate action against the person threatening me. I can provide call recordings and witness details to support this complaint.",Threat
"I want to report a suspicious activity noticed in Thane. Since 10th of last month, unknown individuals have been gathering near the abandoned building at odd hours. Residents suspect some illegal activity may be taking place there at night. There have been loud noises and occasional arguments heard from the location. This has raised safety concerns among the families living nearby. No official action has been taken despite informing the local ward office. I request the authorities to investigate this matter and ensure resident safety. I am willing to provide further details or accompany officials if required.",Other
"I want to report continuous harassment I am facing from a senior at my workplace in Pimpri. It started last Friday and has not stopped since then. A senior at my workplace keeps passing insulting comments about me in front of others. Yesterday evening, this person again misbehaved with me near my house. I have asked them politely to stop, but they continue to trouble me. This is affecting my mental peace and I am scared to step out alone. I request the police to take strict action against the person responsible. I am ready to provide any further details required for the investigation.",Harassment
"I, along with my family, am being harassed by a stranger residing in Vashi. The harassment has been going on for for the past one month now. They pass lewd remarks and try to create trouble whenever they see me. Around midnight the situation became worse when they confronted me directly. I feel unsafe going to work because of this constant harassment. My family members have also witnessed this behaviour on multiple occasions. I request immediate intervention so that this harassment stops permanently. Kindly register my complaint and take necessary legal action.",Harassment
"I am filing a complaint regarding threats issued to me by a stranger residing in Kothrud. The threats began for the past one month after a minor dispute between us. They have threatened to attack me and damage my property if I speak up. This has caused significant fear and anxiety for me and my family members. I have avoided any confrontation, but the threats have continued regardless. Neighbours in the area are also aware of the tension and can confirm this. I request that appropriate legal action be taken to ensure my safety. Please treat this matter with urgency given the serious nature of the threats.",Threat
"I want to report that I have received serious threats from an unidentified man in Kharadi. Since since the last two weeks, this person has been threatening to harm me and my family. They have warned me of dire consequences if I do not comply with their demands. The threats have been made both in person and over phone calls. I am extremely worried about the safety of my family due to these threats. I have not responded to any of their demands, which has escalated their anger. I request police protection and immediate action against the person threatening me. I can provide call recordings and witness details to support this complaint.",Threat
"I am reporting an eve teasing incident that occurred near Chinchwad bus stop. While i was returning from work, some youths started teasing me and passing lewd remarks. They also tried to click photographs of me without my permission. I confronted them, but they laughed it off and continued their behaviour. This is not the first time such incidents have happened at this location. Several other girls have complained informally about the same group. I request strict action and regular police presence to ensure women's safety. I am willing to assist with identification if the individuals are traced.",Eve Teasing
"I want to report a suspicious activity noticed in Aundh. Since 2nd august, unknown individuals have been gathering near the abandoned building at odd hours. Residents suspect some illegal activity may be taking place there at night. There have been loud noises and occasional arguments heard from the location. This has raised safety concerns among the families living nearby. No official action has been taken despite informing the local ward office. I request the authorities to investigate this matter and ensure resident safety. I am willing to provide further details or accompany officials if required.",Other
"I want to file a complaint regarding stalking by my brother-in-law in Shivaji Nagar. Since since the last two weeks, this person has been following me almost every day. On my way to college, I noticed the same person waiting outside my house again. They also follow me to my workplace and wait near the gate. I have noticed the same vehicle following my auto-rickshaw multiple times. This constant following has made me extremely anxious and fearful for my safety. I request the police to investigate and stop this person from stalking me. I am willing to identify the person and provide further details if needed.",Stalking
"I want to report continuous harassment I am facing from an unknown person in Dadar. It started for the past one month and has not stopped since then. An unknown person keeps passing insulting comments about me in front of others. Two days back, this person again misbehaved with me near my house. I have asked them politely to stop, but they continue to trouble me. This is affecting my mental peace and I am scared to step out alone. I request the police to take strict action against the person responsible. I am ready to provide any further details required for the investigation.",Harassment
"Someone on a dating app has been repeatedly sending me inappropriate messages and comments. This harassment began last friday and has increased in frequency recently. The person has also commented obscene things on my public posts. I tried to reason with them, but they continued with more vulgar messages. They also tagged my friends and family in embarrassing and false posts. I am extremely disturbed and unable to use social media peacefully anymore. I request that the account be tracked down and appropriate action be taken. I am attaching the necessary screenshots to support my complaint.",Cyber Harassment
"I want to report the theft of my laptop bag that happened in Kharadi. The incident took place two days back, near the main market area. When I realised it was missing, I immediately checked the surroundings but found nothing. I suspect it was stolen by someone who was following me for a while. The approximate value of the stolen item is around Rs. 12,000. I have already informed the local shopkeepers in case they noticed anything unusual. I request the police to investigate the matter and help recover my belongings. I am ready to provide any additional details or CCTV footage location if available.",Theft
"I, along with my family, am being harassed by my colleague residing in Baner. The harassment has been going on for on the 18th now. They pass lewd remarks and try to create trouble whenever they see me. Yesterday evening the situation became worse when they confronted me directly. I feel unsafe going to work because of this constant harassment. My family members have also witnessed this behaviour on multiple occasions. I request immediate intervention so that this harassment stops permanently. Kindly register my complaint and take necessary legal action.",Harassment
"I want to report domestic violence I am facing from my mother-in-law at my residence in Kalyan. The physical and mental abuse has continued for a few days ago. I am often beaten and verbally abused over small household matters. They have also threatened to throw me out of the house without any support. My children have witnessed these incidents, which has affected them badly. I have tried to resolve this peacefully, but the abuse continues to escalate. I request protection and legal action against those responsible for this abuse. I am ready to provide medical records and witness statements if required.",Domestic Violence
"I want to raise a public safety concern regarding the condition of roads in Kothrud. There is an open manhole near the main road that has been uncovered since on the 18th. Several two-wheeler riders have already met with minor accidents at this spot. There are no warning signs or barricades placed around the hazardous area. At night, due to poor street lighting, the risk of accidents increases further. Local residents have raised this issue before, but no action has been taken. I request the concerned authorities to repair the manhole and ensure proper lighting. This is a serious public safety hazard that needs urgent attention.",Public Safety
"I, along with my family, am being harassed by my neighbour residing in Kothrud. The harassment has been going on for 22nd june now. They pass lewd remarks and try to create trouble whenever they see me. Two days back the situation became worse when they confronted me directly. I feel unsafe going to work because of this constant harassment. My family members have also witnessed this behaviour on multiple occasions. I request immediate intervention so that this harassment stops permanently. Kindly register my complaint and take necessary legal action.",Harassment
"I am filing a complaint regarding threats issued to me by an unknown person residing in Camp area. The threats began for the past one month after a minor dispute between us. They have threatened to attack me and damage my property if I speak up. This has caused significant fear and anxiety for me and my family members. I have avoided any confrontation, but the threats have continued regardless. Neighbours in the area are also aware of the tension and can confirm this. I request that appropriate legal action be taken to ensure my safety. Please treat this matter with urgency given the serious nature of the threats.",Threat
"I want to report domestic violence I am facing from my husband at my residence in Vashi. The physical and mental abuse has continued for since the last two weeks. I am often beaten and verbally abused over small household matters. They have also threatened to throw me out of the house without any support. My children have witnessed these incidents, which has affected them badly. I have tried to resolve this peacefully, but the abuse continues to escalate. I request protection and legal action against those responsible for this abuse. I am ready to provide medical records and witness statements if required.",Domestic Violence
"A person, identified as my ex-partner, has been stalking me for on the 18th now. On monday afternoon, they were seen standing near my college gate watching me. They repeatedly try to talk to me even after I have refused multiple times. My friends have also noticed this person following me on different days. This person seems to know my daily routine, which is very concerning. I fear this may escalate into something more dangerous if not stopped. I request that strict action be taken against this individual immediately. Please guide me on the next steps to ensure my safety.",Stalking
"A person, identified as a man from my society, has been stalking me for on the 18th now. Two days back, they were seen standing near my college gate watching me. They repeatedly try to talk to me even after I have refused multiple times. My friends have also noticed this person following me on different days. This person seems to know my daily routine, which is very concerning. I fear this may escalate into something more dangerous if not stopped. I request that strict action be taken against this individual immediately. Please guide me on the next steps to ensure my safety.",Stalking
"A person, identified as my ex-partner, has been stalking me for for the past one month now. Around midnight, they were seen standing near my college gate watching me. They repeatedly try to talk to me even after I have refused multiple times. My friends have also noticed this person following me on different days. This person seems to know my daily routine, which is very concerning. I fear this may escalate into something more dangerous if not stopped. I request that strict action be taken against this individual immediately. Please guide me on the next steps to ensure my safety.",Stalking
"I want to report domestic violence I am facing from my in-laws at my residence in Nashik Road. The physical and mental abuse has continued for 15th july. I am often beaten and verbally abused over small household matters. They have also threatened to throw me out of the house without any support. My children have witnessed these incidents, which has affected them badly. I have tried to resolve this peacefully, but the abuse continues to escalate. I request protection and legal action against those responsible for this abuse. I am ready to provide medical records and witness statements if required.",Domestic Violence
"I want to file a general safety complaint regarding noise and nuisance in Shivaji Nagar. For last friday, a nearby establishment has been operating loudly beyond permitted hours. This has disturbed the peace of the neighbourhood, especially for elderly residents and children. Repeated requests to the owners to reduce noise have been ignored. The situation escalates on weekends when the disturbance continues till late night. Several neighbours have joined together to raise this issue with local authorities. I request necessary action to ensure the noise levels are brought under control. Kindly look into this matter at the earliest for the well-being of residents.",Other
"I want to report the theft of my laptop bag that happened in Baner. The incident took place on Monday afternoon, near the main market area. When I realised it was missing, I immediately checked the surroundings but found nothing. I suspect it was stolen by someone who was following me for a while. The approximate value of the stolen item is around Rs. 2,50,000. I have already informed the local shopkeepers in case they noticed anything unusual. I request the police to investigate the matter and help recover my belongings. I am ready to provide any additional details or CCTV footage location if available.",Theft
"I am reporting an eve teasing incident that occurred near Dadar bus stop. On monday afternoon, a group of boys started teasing me and passing lewd remarks. They also tried to click photographs of me without my permission. I confronted them, but they laughed it off and continued their behaviour. This is not the first time such incidents have happened at this location. Several other girls have complained informally about the same group. I request strict action and regular police presence to ensure women's safety. I am willing to assist with identification if the individuals are traced.",Eve Teasing
"I am being blackmailed by my ex-boyfriend who is threatening to expose personal information about me. The blackmail attempts started 3rd of this month through messages on Facebook. They are asking for Rs. 35,000 failing which they threaten to defame me publicly. I have not given in to any of their demands so far. The mental pressure from these continuous threats is becoming unbearable. I have kept records of all the messages and calls related to this matter. I request immediate action to stop this blackmail and protect my privacy. Please advise on the legal steps I can take against this person.",Blackmail
"I want to report an incident of eve teasing that happened in Nashik Road. While i was returning from work, some youths passed vulgar comments at me while I was walking. They also whistled and made inappropriate gestures towards me and my friend. When I tried to ignore them and walk away, they followed for some distance. This kind of behaviour has made me feel unsafe while commuting alone. Other women in the area have also faced similar harassment at the same spot. I request increased police patrolling in this area to prevent such incidents. I am ready to identify the individuals if a line-up or CCTV review is arranged.",Eve Teasing
"This is to report a theft incident involving my gold chain in the Nashik Road locality. It occurred two days back, when I had briefly stepped away from the spot. On returning, I found that my belongings had been taken by someone unknown. The estimated loss is approximately Rs. 1,00,000, which is a significant amount for me. There were a few people nearby, but no one noticed the theft taking place. I have checked with nearby shops and residents, but there is no lead yet. I request that the case be registered and investigated at the earliest. I am willing to cooperate fully with the investigation process.",Theft
"I, along with my family, am being harassed by a man from my society residing in Nashik Road. The harassment has been going on for 2nd august now. They pass lewd remarks and try to create trouble whenever they see me. Around midnight the situation became worse when they confronted me directly. I feel unsafe going to work because of this constant harassment. My family members have also witnessed this behaviour on multiple occasions. I request immediate intervention so that this harassment stops permanently. Kindly register my complaint and take necessary legal action.",Harassment
"I want to report a suspicious activity noticed in Nagpur city. Since on the 18th, unknown individuals have been gathering near the abandoned building at odd hours. Residents suspect some illegal activity may be taking place there at night. There have been loud noises and occasional arguments heard from the location. This has raised safety concerns among the families living nearby. No official action has been taken despite informing the local ward office. I request the authorities to investigate this matter and ensure resident safety. I am willing to provide further details or accompany officials if required.",Other
"I am reporting an eve teasing incident that occurred near Aundh bus stop. This morning around 8 am, a group of boys started teasing me and passing lewd remarks. They also tried to click photographs of me without my permission. I confronted them, but they laughed it off and continued their behaviour. This is not the first time such incidents have happened at this location. Several other girls have complained informally about the same group. I request strict action and regular police presence to ensure women's safety. I am willing to assist with identification if the individuals are traced.",Eve Teasing
"I am being blackmailed by my brother-in-law who is threatening to expose personal information about me. The blackmail attempts started 3rd of this month through messages on a fake email ID. They are asking for Rs. 2,50,000 failing which they threaten to defame me publicly. I have not given in to any of their demands so far. The mental pressure from these continuous threats is becoming unbearable. I have kept records of all the messages and calls related to this matter. I request immediate action to stop this blackmail and protect my privacy. Please advise on the legal steps I can take against this person.",Blackmail
"I want to report that a shopkeeper nearby is blackmailing me using WhatsApp. Since 22nd june, this person has threatened to leak my private photos and information. They are demanding Rs. 2,50,000 in exchange for not making the content public. I have refused to pay, after which the threats have become more frequent. This blackmail has caused me severe mental stress and fear of social embarrassment. I have saved all the chat conversations and screenshots as evidence. I request the cyber crime department to investigate and take strict action. I am willing to cooperate fully to ensure this person is held accountable.",Blackmail
"I want to file a complaint regarding stalking by an unidentified man in Nagpur city. Since 22nd june, this person has been following me almost every day. Last week, I noticed the same person waiting outside my house again. They also follow me to my workplace and wait near the gate. I have noticed the same vehicle following my auto-rickshaw multiple times. This constant following has made me extremely anxious and fearful for my safety. I request the police to investigate and stop this person from stalking me. I am willing to identify the person and provide further details if needed.",Stalking
"I want to report a suspicious activity noticed in Aundh. Since 22nd june, unknown individuals have been gathering near the abandoned building at odd hours. Residents suspect some illegal activity may be taking place there at night. There have been loud noises and occasional arguments heard from the location. This has raised safety concerns among the families living nearby. No official action has been taken despite informing the local ward office. I request the authorities to investigate this matter and ensure resident safety. I am willing to provide further details or accompany officials if required.",Other
"I want to report a broken streetlight and damaged footpath in Hadapsar causing safety issues. This problem has persisted for a few days ago without any repair work being done. Elderly people and children find it very difficult to walk safely in this area. During the rains, the area gets waterlogged, increasing the risk of falls. There have been a few incidents of people slipping and getting injured here. I along with other residents request immediate repair of this public infrastructure. This poses a continuous risk to pedestrians and vehicles passing through daily. I request quick action from the municipal authorities to resolve this matter.",Public Safety
"I want to file a general safety complaint regarding noise and nuisance in Baner. For 3rd of this month, a nearby establishment has been operating loudly beyond permitted hours. This has disturbed the peace of the neighbourhood, especially for elderly residents and children. Repeated requests to the owners to reduce noise have been ignored. The situation escalates on weekends when the disturbance continues till late night. Several neighbours have joined together to raise this issue with local authorities. I request necessary action to ensure the noise levels are brought under control. Kindly look into this matter at the earliest for the well-being of residents.",Other
"Someone on a dating app has been repeatedly sending me inappropriate messages and comments. This harassment began 22nd june and has increased in frequency recently. The person has also commented obscene things on my public posts. I tried to reason with them, but they continued with more vulgar messages. They also tagged my friends and family in embarrassing and false posts. I am extremely disturbed and unable to use social media peacefully anymore. I request that the account be tracked down and appropriate action be taken. I am attaching the necessary screenshots to support my complaint.",Cyber Harassment
"I want to report a suspicious activity noticed in Nagpur city. Since 15th july, unknown individuals have been gathering near the abandoned building at odd hours. Residents suspect some illegal activity may be taking place there at night. There have been loud noises and occasional arguments heard from the location. This has raised safety concerns among the families living nearby. No official action has been taken despite informing the local ward office. I request the authorities to investigate this matter and ensure resident safety. I am willing to provide further details or accompany officials if required.",Other
"I am reporting an eve teasing incident that occurred near Thane bus stop. While i was returning from work, an unknown man started teasing me and passing lewd remarks. They also tried to click photographs of me without my permission. I confronted them, but they laughed it off and continued their behaviour. This is not the first time such incidents have happened at this location. Several other girls have complained informally about the same group. I request strict action and regular police presence to ensure women's safety. I am willing to assist with identification if the individuals are traced.",Eve Teasing
"Someone on Telegram has been repeatedly sending me inappropriate messages and comments. This harassment began 2nd august and has increased in frequency recently. The person has also commented obscene things on my public posts. I tried to reason with them, but they continued with more vulgar messages. They also tagged my friends and family in embarrassing and false posts. I am extremely disturbed and unable to use social media peacefully anymore. I request that the account be tracked down and appropriate action be taken. I am attaching the necessary screenshots to support my complaint.",Cyber Harassment
"I want to report a broken streetlight and damaged footpath in Kharadi causing safety issues. This problem has persisted for 10th of last month without any repair work being done. Elderly people and children find it very difficult to walk safely in this area. During the rains, the area gets waterlogged, increasing the risk of falls. There have been a few incidents of people slipping and getting injured here. I along with other residents request immediate repair of this public infrastructure. This poses a continuous risk to pedestrians and vehicles passing through daily. I request quick action from the municipal authorities to resolve this matter.",Public Safety
"I want to report a broken streetlight and damaged footpath in Kharadi causing safety issues. This problem has persisted for 2nd august without any repair work being done. Elderly people and children find it very difficult to walk safely in this area. During the rains, the area gets waterlogged, increasing the risk of falls. There have been a few incidents of people slipping and getting injured here. I along with other residents request immediate repair of this public infrastructure. This poses a continuous risk to pedestrians and vehicles passing through daily. I request quick action from the municipal authorities to resolve this matter.",Public Safety
"I am being blackmailed by my landlord who is threatening to expose personal information about me. The blackmail attempts started 22nd june through messages on an unknown phone number. They are asking for Rs. 20,000 failing which they threaten to defame me publicly. I have not given in to any of their demands so far. The mental pressure from these continuous threats is becoming unbearable. I have kept records of all the messages and calls related to this matter. I request immediate action to stop this blackmail and protect my privacy. Please advise on the legal steps I can take against this person.",Blackmail
"I want to report an incident of eve teasing that happened in Chinchwad. Around midnight, a man at the bus stop passed vulgar comments at me while I was walking. They also whistled and made inappropriate gestures towards me and my friend. When I tried to ignore them and walk away, they followed for some distance. This kind of behaviour has made me feel unsafe while commuting alone. Other women in the area have also faced similar harassment at the same spot. I request increased police patrolling in this area to prevent such incidents. I am ready to identify the individuals if a line-up or CCTV review is arranged.",Eve Teasing
"I want to report the theft of my purse containing cash and cards that happened in Aundh. The incident took place yesterday evening, near the main market area. When I realised it was missing, I immediately checked the surroundings but found nothing. I suspect it was stolen by someone who was following me for a while. The approximate value of the stolen item is around Rs. 2,50,000. I have already informed the local shopkeepers in case they noticed anything unusual. I request the police to investigate the matter and help recover my belongings. I am ready to provide any additional details or CCTV footage location if available.",Theft
"I want to report domestic violence I am facing from my husband and his family at my residence in Dadar. The physical and mental abuse has continued for for the past one month. I am often beaten and verbally abused over small household matters. They have also threatened to throw me out of the house without any support. My children have witnessed these incidents, which has affected them badly. I have tried to resolve this peacefully, but the abuse continues to escalate. I request protection and legal action against those responsible for this abuse. I am ready to provide medical records and witness statements if required.",Domestic Violence
"I want to report that I have received serious threats from an unknown person in Andheri. Since 2nd august, this person has been threatening to harm me and my family. They have warned me of dire consequences if I do not comply with their demands. The threats have been made both in person and over phone calls. I am extremely worried about the safety of my family due to these threats. I have not responded to any of their demands, which has escalated their anger. I request police protection and immediate action against the person threatening me. I can provide call recordings and witness details to support this complaint.",Threat
"I want to report that I have received serious threats from my ex-boyfriend in Thane. Since 22nd june, this person has been threatening to harm me and my family. They have warned me of dire consequences if I do not comply with their demands. The threats have been made both in person and over phone calls. I am extremely worried about the safety of my family due to these threats. I have not responded to any of their demands, which has escalated their anger. I request police protection and immediate action against the person threatening me. I can provide call recordings and witness details to support this complaint.",Threat
"I want to report domestic violence I am facing from my husband and his family at my residence in Aundh. The physical and mental abuse has continued for 3rd of this month. I am often beaten and verbally abused over small household matters. They have also threatened to throw me out of the house without any support. My children have witnessed these incidents, which has affected them badly. I have tried to resolve this peacefully, but the abuse continues to escalate. I request protection and legal action against those responsible for this abuse. I am ready to provide medical records and witness statements if required.",Domestic Violence
"I am reporting an eve teasing incident that occurred near Sadar Bazar bus stop. Last week, some youths started teasing me and passing lewd remarks. They also tried to click photographs of me without my permission. I confronted them, but they laughed it off and continued their behaviour. This is not the first time such incidents have happened at this location. Several other girls have complained informally about the same group. I request strict action and regular police presence to ensure women's safety. I am willing to assist with identification if the individuals are traced.",Eve Teasing
"This is to report a theft incident involving my purse containing cash and cards in the Andheri locality. It occurred this morning around 8 AM, when I had briefly stepped away from the spot. On returning, I found that my belongings had been taken by someone unknown. The estimated loss is approximately Rs. 20,000, which is a significant amount for me. There were a few people nearby, but no one noticed the theft taking place. I have checked with nearby shops and residents, but there is no lead yet. I request that the case be registered and investigated at the earliest. I am willing to cooperate fully with the investigation process.",Theft
"I want to report the theft of my bicycle parked outside that happened in Shivaji Nagar. The incident took place last week, near the main market area. When I realised it was missing, I immediately checked the surroundings but found nothing. I suspect it was stolen by someone who was following me for a while. The approximate value of the stolen item is around Rs. 12,000. I have already informed the local shopkeepers in case they noticed anything unusual. I request the police to investigate the matter and help recover my belongings. I am ready to provide any additional details or CCTV footage location if available.",Theft
"I want to report a broken streetlight and damaged footpath in Wakad causing safety issues. This problem has persisted for last friday without any repair work being done. Elderly people and children find it very difficult to walk safely in this area. During the rains, the area gets waterlogged, increasing the risk of falls. There have been a few incidents of people slipping and getting injured here. I along with other residents request immediate repair of this public infrastructure. This poses a continuous risk to pedestrians and vehicles passing through daily. I request quick action from the municipal authorities to resolve this matter.",Public Safety
"I want to report that I have received serious threats from my neighbour in Nagpur city. Since last friday, this person has been threatening to harm me and my family. They have warned me of dire consequences if I do not comply with their demands. The threats have been made both in person and over phone calls. I am extremely worried about the safety of my family due to these threats. I have not responded to any of their demands, which has escalated their anger. I request police protection and immediate action against the person threatening me. I can provide call recordings and witness details to support this complaint.",Threat
"I want to report that I have received serious threats from my husband in Nashik Road. Since on the 18th, this person has been threatening to harm me and my family. They have warned me of dire consequences if I do not comply with their demands. The threats have been made both in person and over phone calls. I am extremely worried about the safety of my family due to these threats. I have not responded to any of their demands, which has escalated their anger. I request police protection and immediate action against the person threatening me. I can provide call recordings and witness details to support this complaint.",Threat
"Someone on Instagram has been repeatedly sending me inappropriate messages and comments. This harassment began last friday and has increased in frequency recently. The person has also commented obscene things on my public posts. I tried to reason with them, but they continued with more vulgar messages. They also tagged my friends and family in embarrassing and false posts. I am extremely disturbed and unable to use social media peacefully anymore. I request that the account be tracked down and appropriate action be taken. I am attaching the necessary screenshots to support my complaint.",Cyber Harassment
"I am being blackmailed by a senior at my workplace who is threatening to expose personal information about me. The blackmail attempts started 10th of last month through messages on Facebook. They are asking for Rs. 35,000 failing which they threaten to defame me publicly. I have not given in to any of their demands so far. The mental pressure from these continuous threats is becoming unbearable. I have kept records of all the messages and calls related to this matter. I request immediate action to stop this blackmail and protect my privacy. Please advise on the legal steps I can take against this person.",Blackmail
"I am filing a complaint regarding threats issued to me by my ex-husband residing in Vile Parle. The threats began a few days ago after a minor dispute between us. They have threatened to attack me and damage my property if I speak up. This has caused significant fear and anxiety for me and my family members. I have avoided any confrontation, but the threats have continued regardless. Neighbours in the area are also aware of the tension and can confirm this. I request that appropriate legal action be taken to ensure my safety. Please treat this matter with urgency given the serious nature of the threats.",Threat
"I want to report the theft of my laptop bag that happened in Kharadi. The incident took place while I was returning from work, near the main market area. When I realised it was missing, I immediately checked the surroundings but found nothing. I suspect it was stolen by someone who was following me for a while. The approximate value of the stolen item is around Rs. 35,000. I have already informed the local shopkeepers in case they noticed anything unusual. I request the police to investigate the matter and help recover my belongings. I am ready to provide any additional details or CCTV footage location if available.",Theft
"I want to report continuous harassment I am facing from my neighbour in Kharadi. It started last Friday and has not stopped since then. My neighbour keeps passing insulting comments about me in front of others. During my evening walk, this person again misbehaved with me near my house. I have asked them politely to stop, but they continue to trouble me. This is affecting my mental peace and I am scared to step out alone. I request the police to take strict action against the person responsible. I am ready to provide any further details required for the investigation.",Harassment
"I want to file a complaint regarding stalking by my husband in Thane. Since 15th july, this person has been following me almost every day. On monday afternoon, I noticed the same person waiting outside my house again. They also follow me to my workplace and wait near the gate. I have noticed the same vehicle following my auto-rickshaw multiple times. This constant following has made me extremely anxious and fearful for my safety. I request the police to investigate and stop this person from stalking me. I am willing to identify the person and provide further details if needed.",Stalking
"I want to report domestic violence I am facing from my husband and his family at my residence in Vile Parle. The physical and mental abuse has continued for 10th of last month. I am often beaten and verbally abused over small household matters. They have also threatened to throw me out of the house without any support. My children have witnessed these incidents, which has affected them badly. I have tried to resolve this peacefully, but the abuse continues to escalate. I request protection and legal action against those responsible for this abuse. I am ready to provide medical records and witness statements if required.",Domestic Violence
"I want to report a broken streetlight and damaged footpath in Hadapsar causing safety issues. This problem has persisted for on the 18th without any repair work being done. Elderly people and children find it very difficult to walk safely in this area. During the rains, the area gets waterlogged, increasing the risk of falls. There have been a few incidents of people slipping and getting injured here. I along with other residents request immediate repair of this public infrastructure. This poses a continuous risk to pedestrians and vehicles passing through daily. I request quick action from the municipal authorities to resolve this matter.",Public Safety
"I want to file a complaint regarding stalking by my neighbour in Wakad. Since 15th july, this person has been following me almost every day. Two days back, I noticed the same person waiting outside my house again. They also follow me to my workplace and wait near the gate. I have noticed the same vehicle following my auto-rickshaw multiple times. This constant following has made me extremely anxious and fearful for my safety. I request the police to investigate and stop this person from stalking me. I am willing to identify the person and provide further details if needed.",Stalking
"This is to report a theft incident involving my wife's handbag in the Pimpri locality. It occurred early this morning, when I had briefly stepped away from the spot. On returning, I found that my belongings had been taken by someone unknown. The estimated loss is approximately Rs. 35,000, which is a significant amount for me. There were a few people nearby, but no one noticed the theft taking place. I have checked with nearby shops and residents, but there is no lead yet. I request that the case be registered and investigated at the earliest. I am willing to cooperate fully with the investigation process.",Theft
"I want to report a suspicious activity noticed in Andheri. Since since the last two weeks, unknown individuals have been gathering near the abandoned building at odd hours. Residents suspect some illegal activity may be taking place there at night. There have been loud noises and occasional arguments heard from the location. This has raised safety concerns among the families living nearby. No official action has been taken despite informing the local ward office. I request the authorities to investigate this matter and ensure resident safety. I am willing to provide further details or accompany officials if required.",Other
"Someone on Telegram has been repeatedly sending me inappropriate messages and comments. This harassment began since the last two weeks and has increased in frequency recently. The person has also commented obscene things on my public posts. I tried to reason with them, but they continued with more vulgar messages. They also tagged my friends and family in embarrassing and false posts. I am extremely disturbed and unable to use social media peacefully anymore. I request that the account be tracked down and appropriate action be taken. I am attaching the necessary screenshots to support my complaint.",Cyber Harassment
"I am filing this complaint against my in-laws for continuous domestic abuse at home. Since 10th of last month, I have been subjected to physical assault and harassment. I am also denied basic necessities and confined to the house without reason. There have been repeated threats of violence whenever I try to speak up. My relatives are aware of the situation and can testify to the abuse. I fear for my safety and the safety of my children living with me. I request immediate protection and appropriate legal action under the law. Kindly guide me regarding shelter and legal support available for my situation.",Domestic Violence
"I want to file a complaint regarding stalking by my brother-in-law in Andheri. Since a few days ago, this person has been following me almost every day. Around midnight, I noticed the same person waiting outside my house again. They also follow me to my workplace and wait near the gate. I have noticed the same vehicle following my auto-rickshaw multiple times. This constant following has made me extremely anxious and fearful for my safety. I request the police to investigate and stop this person from stalking me. I am willing to identify the person and provide further details if needed.",Stalking
"I want to report domestic violence I am facing from my father-in-law at my residence in Kharadi. The physical and mental abuse has continued for 15th july. I am often beaten and verbally abused over small household matters. They have also threatened to throw me out of the house without any support. My children have witnessed these incidents, which has affected them badly. I have tried to resolve this peacefully, but the abuse continues to escalate. I request protection and legal action against those responsible for this abuse. I am ready to provide medical records and witness statements if required.",Domestic Violence
"I am reporting an eve teasing incident that occurred near Nagpur city bus stop. During my evening walk, an unknown man started teasing me and passing lewd remarks. They also tried to click photographs of me without my permission. I confronted them, but they laughed it off and continued their behaviour. This is not the first time such incidents have happened at this location. Several other girls have complained informally about the same group. I request strict action and regular police presence to ensure women's safety. I am willing to assist with identification if the individuals are traced.",Eve Teasing
"I am being blackmailed by a stranger who is threatening to expose personal information about me. The blackmail attempts started 22nd june through messages on Instagram. They are asking for Rs. 75,000 failing which they threaten to defame me publicly. I have not given in to any of their demands so far. The mental pressure from these continuous threats is becoming unbearable. I have kept records of all the messages and calls related to this matter. I request immediate action to stop this blackmail and protect my privacy. Please advise on the legal steps I can take against this person.",Blackmail
"I want to report an incident of eve teasing that happened in Nashik Road. On monday afternoon, an unknown man passed vulgar comments at me while I was walking. They also whistled and made inappropriate gestures towards me and my friend. When I tried to ignore them and walk away, they followed for some distance. This kind of behaviour has made me feel unsafe while commuting alone. Other women in the area have also faced similar harassment at the same spot. I request increased police patrolling in this area to prevent such incidents. I am ready to identify the individuals if a line-up or CCTV review is arranged.",Eve Teasing
"This is to report a theft incident involving my purse containing cash and cards in the Aundh locality. It occurred yesterday evening, when I had briefly stepped away from the spot. On returning, I found that my belongings had been taken by someone unknown. The estimated loss is approximately Rs. 8,000, which is a significant amount for me. There were a few people nearby, but no one noticed the theft taking place. I have checked with nearby shops and residents, but there is no lead yet. I request that the case be registered and investigated at the earliest. I am willing to cooperate fully with the investigation process.",Theft
"I want to report domestic violence I am facing from my husband at my residence in Kothrud. The physical and mental abuse has continued for last friday. I am often beaten and verbally abused over small household matters. They have also threatened to throw me out of the house without any support. My children have witnessed these incidents, which has affected them badly. I have tried to resolve this peacefully, but the abuse continues to escalate. I request protection and legal action against those responsible for this abuse. I am ready to provide medical records and witness statements if required.",Domestic Violence
"This is to report a theft incident involving cash of about Rs. 15,000 in the Thane locality. It occurred when I was coming back from the market, when I had briefly stepped away from the spot. On returning, I found that my belongings had been taken by someone unknown. The estimated loss is approximately Rs. 75,000, which is a significant amount for me. There were a few people nearby, but no one noticed the theft taking place. I have checked with nearby shops and residents, but there is no lead yet. I request that the case be registered and investigated at the earliest. I am willing to cooperate fully with the investigation process.",Theft
"I am being blackmailed by my ex-boyfriend who is threatening to expose personal information about me. The blackmail attempts started on the 18th through messages on an unknown phone number. They are asking for Rs. 2,50,000 failing which they threaten to defame me publicly. I have not given in to any of their demands so far. The mental pressure from these continuous threats is becoming unbearable. I have kept records of all the messages and calls related to this matter. I request immediate action to stop this blackmail and protect my privacy. Please advise on the legal steps I can take against this person.",Blackmail
"I am reporting an eve teasing incident that occurred near Dadar bus stop. This morning around 8 am, a group of boys started teasing me and passing lewd remarks. They also tried to click photographs of me without my permission. I confronted them, but they laughed it off and continued their behaviour. This is not the first time such incidents have happened at this location. Several other girls have complained informally about the same group. I request strict action and regular police presence to ensure women's safety. I am willing to assist with identification if the individuals are traced.",Eve Teasing
"I am reporting an eve teasing incident that occurred near Andheri bus stop. While i was returning from work, an unknown man started teasing me and passing lewd remarks. They also tried to click photographs of me without my permission. I confronted them, but they laughed it off and continued their behaviour. This is not the first time such incidents have happened at this location. Several other girls have complained informally about the same group. I request strict action and regular police presence to ensure women's safety. I am willing to assist with identification if the individuals are traced.",Eve Teasing
"A person, identified as a senior at my workplace, has been stalking me for 10th of last month now. While i was returning from work, they were seen standing near my college gate watching me. They repeatedly try to talk to me even after I have refused multiple times. My friends have also noticed this person following me on different days. This person seems to know my daily routine, which is very concerning. I fear this may escalate into something more dangerous if not stopped. I request that strict action be taken against this individual immediately. Please guide me on the next steps to ensure my safety.",Stalking
"This is to report a theft incident involving important documents and my wallet in the Chinchwad locality. It occurred two days back, when I had briefly stepped away from the spot. On returning, I found that my belongings had been taken by someone unknown. The estimated loss is approximately Rs. 20,000, which is a significant amount for me. There were a few people nearby, but no one noticed the theft taking place. I have checked with nearby shops and residents, but there is no lead yet. I request that the case be registered and investigated at the earliest. I am willing to cooperate fully with the investigation process.",Theft
"Someone on Snapchat has been repeatedly sending me inappropriate messages and comments. This harassment began on the 18th and has increased in frequency recently. The person has also commented obscene things on my public posts. I tried to reason with them, but they continued with more vulgar messages. They also tagged my friends and family in embarrassing and false posts. I am extremely disturbed and unable to use social media peacefully anymore. I request that the account be tracked down and appropriate action be taken. I am attaching the necessary screenshots to support my complaint.",Cyber Harassment
"I, along with my family, am being harassed by my ex-husband residing in Nagpur city. The harassment has been going on for for the past one month now. They pass lewd remarks and try to create trouble whenever they see me. During my evening walk the situation became worse when they confronted me directly. I feel unsafe going to work because of this constant harassment. My family members have also witnessed this behaviour on multiple occasions. I request immediate intervention so that this harassment stops permanently. Kindly register my complaint and take necessary legal action.",Harassment
"I want to report that my brother-in-law is blackmailing me using an unknown phone number. Since 2nd august, this person has threatened to leak my private photos and information. They are demanding Rs. 12,000 in exchange for not making the content public. I have refused to pay, after which the threats have become more frequent. This blackmail has caused me severe mental stress and fear of social embarrassment. I have saved all the chat conversations and screenshots as evidence. I request the cyber crime department to investigate and take strict action. I am willing to cooperate fully to ensure this person is held accountable.",Blackmail
"I want to report that my ex-boyfriend is blackmailing me using WhatsApp. Since 22nd june, this person has threatened to leak my private photos and information. They are demanding Rs. 12,000 in exchange for not making the content public. I have refused to pay, after which the threats have become more frequent. This blackmail has caused me severe mental stress and fear of social embarrassment. I have saved all the chat conversations and screenshots as evidence. I request the cyber crime department to investigate and take strict action. I am willing to cooperate fully to ensure this person is held accountable.",Blackmail
"I want to file a complaint regarding stalking by my classmate in Kothrud. Since 15th july, this person has been following me almost every day. While i was returning from work, I noticed the same person waiting outside my house again. They also follow me to my workplace and wait near the gate. I have noticed the same vehicle following my auto-rickshaw multiple times. This constant following has made me extremely anxious and fearful for my safety. I request the police to investigate and stop this person from stalking me. I am willing to identify the person and provide further details if needed.",Stalking
"I want to file a general safety complaint regarding noise and nuisance in Kothrud. For since the last two weeks, a nearby establishment has been operating loudly beyond permitted hours. This has disturbed the peace of the neighbourhood, especially for elderly residents and children. Repeated requests to the owners to reduce noise have been ignored. The situation escalates on weekends when the disturbance continues till late night. Several neighbours have joined together to raise this issue with local authorities. I request necessary action to ensure the noise levels are brought under control. Kindly look into this matter at the earliest for the well-being of residents.",Other
"I want to file a complaint regarding stalking by a shopkeeper nearby in Baner. Since for the past one month, this person has been following me almost every day. Yesterday evening, I noticed the same person waiting outside my house again. They also follow me to my workplace and wait near the gate. I have noticed the same vehicle following my auto-rickshaw multiple times. This constant following has made me extremely anxious and fearful for my safety. I request the police to investigate and stop this person from stalking me. I am willing to identify the person and provide further details if needed.",Stalking
"I want to report a broken streetlight and damaged footpath in Kalyan causing safety issues. This problem has persisted for since the last two weeks without any repair work being done. Elderly people and children find it very difficult to walk safely in this area. During the rains, the area gets waterlogged, increasing the risk of falls. There have been a few incidents of people slipping and getting injured here. I along with other residents request immediate repair of this public infrastructure. This poses a continuous risk to pedestrians and vehicles passing through daily. I request quick action from the municipal authorities to resolve this matter.",Public Safety
"I want to report a broken streetlight and damaged footpath in Camp area causing safety issues. This problem has persisted for 10th of last month without any repair work being done. Elderly people and children find it very difficult to walk safely in this area. During the rains, the area gets waterlogged, increasing the risk of falls. There have been a few incidents of people slipping and getting injured here. I along with other residents request immediate repair of this public infrastructure. This poses a continuous risk to pedestrians and vehicles passing through daily. I request quick action from the municipal authorities to resolve this matter.",Public Safety
"I, along with my family, am being harassed by my landlord residing in Nashik Road. The harassment has been going on for 22nd june now. They pass lewd remarks and try to create trouble whenever they see me. Around midnight the situation became worse when they confronted me directly. I feel unsafe going to work because of this constant harassment. My family members have also witnessed this behaviour on multiple occasions. I request immediate intervention so that this harassment stops permanently. Kindly register my complaint and take necessary legal action.",Harassment
"I am being blackmailed by a stranger who is threatening to expose personal information about me. The blackmail attempts started 2nd august through messages on an unknown phone number. They are asking for Rs. 50,000 failing which they threaten to defame me publicly. I have not given in to any of their demands so far. The mental pressure from these continuous threats is becoming unbearable. I have kept records of all the messages and calls related to this matter. I request immediate action to stop this blackmail and protect my privacy. Please advise on the legal steps I can take against this person.",Blackmail
"A person, identified as my brother-in-law, has been stalking me for 10th of last month now. Yesterday evening, they were seen standing near my college gate watching me. They repeatedly try to talk to me even after I have refused multiple times. My friends have also noticed this person following me on different days. This person seems to know my daily routine, which is very concerning. I fear this may escalate into something more dangerous if not stopped. I request that strict action be taken against this individual immediately. Please guide me on the next steps to ensure my safety.",Stalking
"I want to report continuous harassment I am facing from a man from my society in Kalyan. It started 22nd June and has not stopped since then. A man from my society keeps passing insulting comments about me in front of others. Last week, this person again misbehaved with me near my house. I have asked them politely to stop, but they continue to trouble me. This is affecting my mental peace and I am scared to step out alone. I request the police to take strict action against the person responsible. I am ready to provide any further details required for the investigation.",Harassment
"I am being blackmailed by a shopkeeper nearby who is threatening to expose personal information about me. The blackmail attempts started since the last two weeks through messages on Telegram. They are asking for Rs. 75,000 failing which they threaten to defame me publicly. I have not given in to any of their demands so far. The mental pressure from these continuous threats is becoming unbearable. I have kept records of all the messages and calls related to this matter. I request immediate action to stop this blackmail and protect my privacy. Please advise on the legal steps I can take against this person.",Blackmail
"I want to report a suspicious activity noticed in Pimpri. Since last friday, unknown individuals have been gathering near the abandoned building at odd hours. Residents suspect some illegal activity may be taking place there at night. There have been loud noises and occasional arguments heard from the location. This has raised safety concerns among the families living nearby. No official action has been taken despite informing the local ward office. I request the authorities to investigate this matter and ensure resident safety. I am willing to provide further details or accompany officials if required.",Other
"I am filing a complaint regarding threats issued to me by a stranger residing in Nashik Road. The threats began a few days ago after a minor dispute between us. They have threatened to attack me and damage my property if I speak up. This has caused significant fear and anxiety for me and my family members. I have avoided any confrontation, but the threats have continued regardless. Neighbours in the area are also aware of the tension and can confirm this. I request that appropriate legal action be taken to ensure my safety. Please treat this matter with urgency given the serious nature of the threats.",Threat
"I want to raise a public safety concern regarding the condition of roads in Camp area. There is an open manhole near the main road that has been uncovered since 3rd of this month. Several two-wheeler riders have already met with minor accidents at this spot. There are no warning signs or barricades placed around the hazardous area. At night, due to poor street lighting, the risk of accidents increases further. Local residents have raised this issue before, but no action has been taken. I request the concerned authorities to repair the manhole and ensure proper lighting. This is a serious public safety hazard that needs urgent attention.",Public Safety
"I, along with my family, am being harassed by my classmate residing in Kharadi. The harassment has been going on for for the past one month now. They pass lewd remarks and try to create trouble whenever they see me. Around midnight the situation became worse when they confronted me directly. I feel unsafe going to work because of this constant harassment. My family members have also witnessed this behaviour on multiple occasions. I request immediate intervention so that this harassment stops permanently. Kindly register my complaint and take necessary legal action.",Harassment
"I am filing a complaint regarding threats issued to me by a stranger residing in Vile Parle. The threats began a few days ago after a minor dispute between us. They have threatened to attack me and damage my property if I speak up. This has caused significant fear and anxiety for me and my family members. I have avoided any confrontation, but the threats have continued regardless. Neighbours in the area are also aware of the tension and can confirm this. I request that appropriate legal action be taken to ensure my safety. Please treat this matter with urgency given the serious nature of the threats.",Threat
"Someone on a fake email ID has been repeatedly sending me inappropriate messages and comments. This harassment began 22nd june and has increased in frequency recently. The person has also commented obscene things on my public posts. I tried to reason with them, but they continued with more vulgar messages. They also tagged my friends and family in embarrassing and false posts. I am extremely disturbed and unable to use social media peacefully anymore. I request that the account be tracked down and appropriate action be taken. I am attaching the necessary screenshots to support my complaint.",Cyber Harassment
"I want to report continuous harassment I am facing from my ex-boyfriend in Kharadi. It started a few days ago and has not stopped since then. My ex-boyfriend keeps passing insulting comments about me in front of others. When i was coming back from the market, this person again misbehaved with me near my house. I have asked them politely to stop, but they continue to trouble me. This is affecting my mental peace and I am scared to step out alone. I request the police to take strict action against the person responsible. I am ready to provide any further details required for the investigation.",Harassment
"I want to file a complaint regarding stalking by my neighbour in Vashi. Since on the 18th, this person has been following me almost every day. Last week, I noticed the same person waiting outside my house again. They also follow me to my workplace and wait near the gate. I have noticed the same vehicle following my auto-rickshaw multiple times. This constant following has made me extremely anxious and fearful for my safety. I request the police to investigate and stop this person from stalking me. I am willing to identify the person and provide further details if needed.",Stalking
"A person, identified as a group of boys, has been stalking me for since the last two weeks now. On my way to college, they were seen standing near my college gate watching me. They repeatedly try to talk to me even after I have refused multiple times. My friends have also noticed this person following me on different days. This person seems to know my daily routine, which is very concerning. I fear this may escalate into something more dangerous if not stopped. I request that strict action be taken against this individual immediately. Please guide me on the next steps to ensure my safety.",Stalking
"I want to report continuous harassment I am facing from a shopkeeper nearby in Baner. It started for the past one month and has not stopped since then. A shopkeeper nearby keeps passing insulting comments about me in front of others. Last week, this person again misbehaved with me near my house. I have asked them politely to stop, but they continue to trouble me. This is affecting my mental peace and I am scared to step out alone. I request the police to take strict action against the person responsible. I am ready to provide any further details required for the investigation.",Harassment
"I want to report that a stranger is blackmailing me using Instagram. Since for the past one month, this person has threatened to leak my private photos and information. They are demanding Rs. 35,000 in exchange for not making the content public. I have refused to pay, after which the threats have become more frequent. This blackmail has caused me severe mental stress and fear of social embarrassment. I have saved all the chat conversations and screenshots as evidence. I request the cyber crime department to investigate and take strict action. I am willing to cooperate fully to ensure this person is held accountable.",Blackmail
"I want to report that I have received serious threats from an unidentified man in Chinchwad. Since since the last two weeks, this person has been threatening to harm me and my family. They have warned me of dire consequences if I do not comply with their demands. The threats have been made both in person and over phone calls. I am extremely worried about the safety of my family due to these threats. I have not responded to any of their demands, which has escalated their anger. I request police protection and immediate action against the person threatening me. I can provide call recordings and witness details to support this complaint.",Threat
"I want to report a broken streetlight and damaged footpath in Nashik Road causing safety issues. This problem has persisted for 15th july without any repair work being done. Elderly people and children find it very difficult to walk safely in this area. During the rains, the area gets waterlogged, increasing the risk of falls. There have been a few incidents of people slipping and getting injured here. I along with other residents request immediate repair of this public infrastructure. This poses a continuous risk to pedestrians and vehicles passing through daily. I request quick action from the municipal authorities to resolve this matter.",Public Safety
"I want to file a general safety complaint regarding noise and nuisance in Chinchwad. For on the 18th, a nearby establishment has been operating loudly beyond permitted hours. This has disturbed the peace of the neighbourhood, especially for elderly residents and children. Repeated requests to the owners to reduce noise have been ignored. The situation escalates on weekends when the disturbance continues till late night. Several neighbours have joined together to raise this issue with local authorities. I request necessary action to ensure the noise levels are brought under control. Kindly look into this matter at the earliest for the well-being of residents.",Other
"I am reporting an eve teasing incident that occurred near Vashi bus stop. Last week, a group of boys started teasing me and passing lewd remarks. They also tried to click photographs of me without my permission. I confronted them, but they laughed it off and continued their behaviour. This is not the first time such incidents have happened at this location. Several other girls have complained informally about the same group. I request strict action and regular police presence to ensure women's safety. I am willing to assist with identification if the individuals are traced.",Eve Teasing
"I want to report continuous harassment I am facing from a senior at my workplace in Camp area. It started 10th of last month and has not stopped since then. A senior at my workplace keeps passing insulting comments about me in front of others. This morning around 8 am, this person again misbehaved with me near my house. I have asked them politely to stop, but they continue to trouble me. This is affecting my mental peace and I am scared to step out alone. I request the police to take strict action against the person responsible. I am ready to provide any further details required for the investigation.",Harassment
"I want to report that I am being harassed online through Snapchat. An unknown user has been sending me abusive and threatening messages since 2nd august. They have also created a fake profile using my photos without my consent. This person is messaging my friends and relatives with objectionable content about me. I have tried blocking the account, but new fake accounts keep appearing. This online harassment is causing me a lot of stress and embarrassment. I request cyber crime cell to trace the account and take strict action. I can share screenshots and chat history as proof of the harassment.",Cyber Harassment
"I want to report that my ex-husband is blackmailing me using an unknown phone number. Since for the past one month, this person has threatened to leak my private photos and information. They are demanding Rs. 20,000 in exchange for not making the content public. I have refused to pay, after which the threats have become more frequent. This blackmail has caused me severe mental stress and fear of social embarrassment. I have saved all the chat conversations and screenshots as evidence. I request the cyber crime department to investigate and take strict action. I am willing to cooperate fully to ensure this person is held accountable.",Blackmail
"I am being blackmailed by my colleague who is threatening to expose personal information about me. The blackmail attempts started 3rd of this month through messages on WhatsApp. They are asking for Rs. 8,000 failing which they threaten to defame me publicly. I have not given in to any of their demands so far. The mental pressure from these continuous threats is becoming unbearable. I have kept records of all the messages and calls related to this matter. I request immediate action to stop this blackmail and protect my privacy. Please advise on the legal steps I can take against this person.",Blackmail
"I am reporting an eve teasing incident that occurred near Dadar bus stop. Yesterday evening, an unknown man started teasing me and passing lewd remarks. They also tried to click photographs of me without my permission. I confronted them, but they laughed it off and continued their behaviour. This is not the first time such incidents have happened at this location. Several other girls have complained informally about the same group. I request strict action and regular police presence to ensure women's safety. I am willing to assist with identification if the individuals are traced.",Eve Teasing
"Someone on a fake email ID has been repeatedly sending me inappropriate messages and comments. This harassment began last friday and has increased in frequency recently. The person has also commented obscene things on my public posts. I tried to reason with them, but they continued with more vulgar messages. They also tagged my friends and family in embarrassing and false posts. I am extremely disturbed and unable to use social media peacefully anymore. I request that the account be tracked down and appropriate action be taken. I am attaching the necessary screenshots to support my complaint.",Cyber Harassment
"A person, identified as my classmate, has been stalking me for since the last two weeks now. Last night around 9 pm, they were seen standing near my college gate watching me. They repeatedly try to talk to me even after I have refused multiple times. My friends have also noticed this person following me on different days. This person seems to know my daily routine, which is very concerning. I fear this may escalate into something more dangerous if not stopped. I request that strict action be taken against this individual immediately. Please guide me on the next steps to ensure my safety.",Stalking
"Someone on a fake email ID has been repeatedly sending me inappropriate messages and comments. This harassment began since the last two weeks and has increased in frequency recently. The person has also commented obscene things on my public posts. I tried to reason with them, but they continued with more vulgar messages. They also tagged my friends and family in embarrassing and false posts. I am extremely disturbed and unable to use social media peacefully anymore. I request that the account be tracked down and appropriate action be taken. I am attaching the necessary screenshots to support my complaint.",Cyber Harassment
"I want to report domestic violence I am facing from my husband at my residence in Camp area. The physical and mental abuse has continued for 3rd of this month. I am often beaten and verbally abused over small household matters. They have also threatened to throw me out of the house without any support. My children have witnessed these incidents, which has affected them badly. I have tried to resolve this peacefully, but the abuse continues to escalate. I request protection and legal action against those responsible for this abuse. I am ready to provide medical records and witness statements if required.",Domestic Violence
"I want to raise a public safety concern regarding the condition of roads in Baner. There is an open manhole near the main road that has been uncovered since last friday. Several two-wheeler riders have already met with minor accidents at this spot. There are no warning signs or barricades placed around the hazardous area. At night, due to poor street lighting, the risk of accidents increases further. Local residents have raised this issue before, but no action has been taken. I request the concerned authorities to repair the manhole and ensure proper lighting. This is a serious public safety hazard that needs urgent attention.",Public Safety
"A person, identified as an unknown person, has been stalking me for for the past one month now. When i was coming back from the market, they were seen standing near my college gate watching me. They repeatedly try to talk to me even after I have refused multiple times. My friends have also noticed this person following me on different days. This person seems to know my daily routine, which is very concerning. I fear this may escalate into something more dangerous if not stopped. I request that strict action be taken against this individual immediately. Please guide me on the next steps to ensure my safety.",Stalking
"A person, identified as a shopkeeper nearby, has been stalking me for on the 18th now. Early this morning, they were seen standing near my college gate watching me. They repeatedly try to talk to me even after I have refused multiple times. My friends have also noticed this person following me on different days. This person seems to know my daily routine, which is very concerning. I fear this may escalate into something more dangerous if not stopped. I request that strict action be taken against this individual immediately. Please guide me on the next steps to ensure my safety.",Stalking
"I am reporting an eve teasing incident that occurred near Nashik Road bus stop. When i was coming back from the market, a man at the bus stop started teasing me and passing lewd remarks. They also tried to click photographs of me without my permission. I confronted them, but they laughed it off and continued their behaviour. This is not the first time such incidents have happened at this location. Several other girls have complained informally about the same group. I request strict action and regular police presence to ensure women's safety. I am willing to assist with identification if the individuals are traced.",Eve Teasing
"I am filing this complaint against my husband and his family for continuous domestic abuse at home. Since 2nd august, I have been subjected to physical assault and harassment. I am also denied basic necessities and confined to the house without reason. There have been repeated threats of violence whenever I try to speak up. My relatives are aware of the situation and can testify to the abuse. I fear for my safety and the safety of my children living with me. I request immediate protection and appropriate legal action under the law. Kindly guide me regarding shelter and legal support available for my situation.",Domestic Violence
"This is to report a theft incident involving household electronics in the Chinchwad locality. It occurred two days back, when I had briefly stepped away from the spot. On returning, I found that my belongings had been taken by someone unknown. The estimated loss is approximately Rs. 1,00,000, which is a significant amount for me. There were a few people nearby, but no one noticed the theft taking place. I have checked with nearby shops and residents, but there is no lead yet. I request that the case be registered and investigated at the earliest. I am willing to cooperate fully with the investigation process.",Theft
"I want to report a broken streetlight and damaged footpath in Wakad causing safety issues. This problem has persisted for for the past one month without any repair work being done. Elderly people and children find it very difficult to walk safely in this area. During the rains, the area gets waterlogged, increasing the risk of falls. There have been a few incidents of people slipping and getting injured here. I along with other residents request immediate repair of this public infrastructure. This poses a continuous risk to pedestrians and vehicles passing through daily. I request quick action from the municipal authorities to resolve this matter.",Public Safety
"This is to report a theft incident involving my two-wheeler in the Andheri locality. It occurred yesterday evening, when I had briefly stepped away from the spot. On returning, I found that my belongings had been taken by someone unknown. The estimated loss is approximately Rs. 8,000, which is a significant amount for me. There were a few people nearby, but no one noticed the theft taking place. I have checked with nearby shops and residents, but there is no lead yet. I request that the case be registered and investigated at the earliest. I am willing to cooperate fully with the investigation process.",Theft
"I am being blackmailed by an unidentified man who is threatening to expose personal information about me. The blackmail attempts started a few days ago through messages on an unknown phone number. They are asking for Rs. 20,000 failing which they threaten to defame me publicly. I have not given in to any of their demands so far. The mental pressure from these continuous threats is becoming unbearable. I have kept records of all the messages and calls related to this matter. I request immediate action to stop this blackmail and protect my privacy. Please advise on the legal steps I can take against this person.",Blackmail
"I want to report that I have received serious threats from my brother-in-law in Kalyan. Since 22nd june, this person has been threatening to harm me and my family. They have warned me of dire consequences if I do not comply with their demands. The threats have been made both in person and over phone calls. I am extremely worried about the safety of my family due to these threats. I have not responded to any of their demands, which has escalated their anger. I request police protection and immediate action against the person threatening me. I can provide call recordings and witness details to support this complaint.",Threat
"I want to report a broken streetlight and damaged footpath in Dadar causing safety issues. This problem has persisted for 10th of last month without any repair work being done. Elderly people and children find it very difficult to walk safely in this area. During the rains, the area gets waterlogged, increasing the risk of falls. There have been a few incidents of people slipping and getting injured here. I along with other residents request immediate repair of this public infrastructure. This poses a continuous risk to pedestrians and vehicles passing through daily. I request quick action from the municipal authorities to resolve this matter.",Public Safety
"I am filing this complaint against my in-laws for continuous domestic abuse at home. Since on the 18th, I have been subjected to physical assault and harassment. I am also denied basic necessities and confined to the house without reason. There have been repeated threats of violence whenever I try to speak up. My relatives are aware of the situation and can testify to the abuse. I fear for my safety and the safety of my children living with me. I request immediate protection and appropriate legal action under the law. Kindly guide me regarding shelter and legal support available for my situation.",Domestic Violence
"I want to report continuous harassment I am facing from my husband in Hadapsar. It started 10th of last month and has not stopped since then. My husband keeps passing insulting comments about me in front of others. Early this morning, this person again misbehaved with me near my house. I have asked them politely to stop, but they continue to trouble me. This is affecting my mental peace and I am scared to step out alone. I request the police to take strict action against the person responsible. I am ready to provide any further details required for the investigation.",Harassment
"I want to report that my landlord is blackmailing me using WhatsApp. Since 10th of last month, this person has threatened to leak my private photos and information. They are demanding Rs. 1,00,000 in exchange for not making the content public. I have refused to pay, after which the threats have become more frequent. This blackmail has caused me severe mental stress and fear of social embarrassment. I have saved all the chat conversations and screenshots as evidence. I request the cyber crime department to investigate and take strict action. I am willing to cooperate fully to ensure this person is held accountable.",Blackmail
"I want to report continuous harassment I am facing from a stranger in Kharadi. It started 15th July and has not stopped since then. A stranger keeps passing insulting comments about me in front of others. Around midnight, this person again misbehaved with me near my house. I have asked them politely to stop, but they continue to trouble me. This is affecting my mental peace and I am scared to step out alone. I request the police to take strict action against the person responsible. I am ready to provide any further details required for the investigation.",Harassment
"I want to report an incident of eve teasing that happened in Baner. Around midnight, a man at the bus stop passed vulgar comments at me while I was walking. They also whistled and made inappropriate gestures towards me and my friend. When I tried to ignore them and walk away, they followed for some distance. This kind of behaviour has made me feel unsafe while commuting alone. Other women in the area have also faced similar harassment at the same spot. I request increased police patrolling in this area to prevent such incidents. I am ready to identify the individuals if a line-up or CCTV review is arranged.",Eve Teasing
"I want to file a complaint regarding stalking by an unknown person in Kalyan. Since 3rd of this month, this person has been following me almost every day. While i was returning from work, I noticed the same person waiting outside my house again. They also follow me to my workplace and wait near the gate. I have noticed the same vehicle following my auto-rickshaw multiple times. This constant following has made me extremely anxious and fearful for my safety. I request the police to investigate and stop this person from stalking me. I am willing to identify the person and provide further details if needed.",Stalking
"I want to report that my husband is blackmailing me using Telegram. Since for the past one month, this person has threatened to leak my private photos and information. They are demanding Rs. 20,000 in exchange for not making the content public. I have refused to pay, after which the threats have become more frequent. This blackmail has caused me severe mental stress and fear of social embarrassment. I have saved all the chat conversations and screenshots as evidence. I request the cyber crime department to investigate and take strict action. I am willing to cooperate fully to ensure this person is held accountable.",Blackmail
"I want to report that I am being harassed online through WhatsApp. An unknown user has been sending me abusive and threatening messages since last friday. They have also created a fake profile using my photos without my consent. This person is messaging my friends and relatives with objectionable content about me. I have tried blocking the account, but new fake accounts keep appearing. This online harassment is causing me a lot of stress and embarrassment. I request cyber crime cell to trace the account and take strict action. I can share screenshots and chat history as proof of the harassment.",Cyber Harassment
"I want to report the theft of my wife's handbag that happened in Borivali. The incident took place early this morning, near the main market area. When I realised it was missing, I immediately checked the surroundings but found nothing. I suspect it was stolen by someone who was following me for a while. The approximate value of the stolen item is around Rs. 12,000. I have already informed the local shopkeepers in case they noticed anything unusual. I request the police to investigate the matter and help recover my belongings. I am ready to provide any additional details or CCTV footage location if available.",Theft
"I want to report a broken streetlight and damaged footpath in Wakad causing safety issues. This problem has persisted for since the last two weeks without any repair work being done. Elderly people and children find it very difficult to walk safely in this area. During the rains, the area gets waterlogged, increasing the risk of falls. There have been a few incidents of people slipping and getting injured here. I along with other residents request immediate repair of this public infrastructure. This poses a continuous risk to pedestrians and vehicles passing through daily. I request quick action from the municipal authorities to resolve this matter.",Public Safety
"This is to report a theft incident involving household electronics in the Nagpur city locality. It occurred last night around 9 PM, when I had briefly stepped away from the spot. On returning, I found that my belongings had been taken by someone unknown. The estimated loss is approximately Rs. 1,00,000, which is a significant amount for me. There were a few people nearby, but no one noticed the theft taking place. I have checked with nearby shops and residents, but there is no lead yet. I request that the case be registered and investigated at the earliest. I am willing to cooperate fully with the investigation process.",Theft
"I want to report that I am being harassed online through Snapchat. An unknown user has been sending me abusive and threatening messages since 22nd june. They have also created a fake profile using my photos without my consent. This person is messaging my friends and relatives with objectionable content about me. I have tried blocking the account, but new fake accounts keep appearing. This online harassment is causing me a lot of stress and embarrassment. I request cyber crime cell to trace the account and take strict action. I can share screenshots and chat history as proof of the harassment.",Cyber Harassment
"Someone on an unknown phone number has been repeatedly sending me inappropriate messages and comments. This harassment began 22nd june and has increased in frequency recently. The person has also commented obscene things on my public posts. I tried to reason with them, but they continued with more vulgar messages. They also tagged my friends and family in embarrassing and false posts. I am extremely disturbed and unable to use social media peacefully anymore. I request that the account be tracked down and appropriate action be taken. I am attaching the necessary screenshots to support my complaint.",Cyber Harassment
"I want to report domestic violence I am facing from my mother-in-law at my residence in Vile Parle. The physical and mental abuse has continued for a few days ago. I am often beaten and verbally abused over small household matters. They have also threatened to throw me out of the house without any support. My children have witnessed these incidents, which has affected them badly. I have tried to resolve this peacefully, but the abuse continues to escalate. I request protection and legal action against those responsible for this abuse. I am ready to provide medical records and witness statements if required.",Domestic Violence
"I want to report an incident of eve teasing that happened in Nagpur city. On monday afternoon, a man at the bus stop passed vulgar comments at me while I was walking. They also whistled and made inappropriate gestures towards me and my friend. When I tried to ignore them and walk away, they followed for some distance. This kind of behaviour has made me feel unsafe while commuting alone. Other women in the area have also faced similar harassment at the same spot. I request increased police patrolling in this area to prevent such incidents. I am ready to identify the individuals if a line-up or CCTV review is arranged.",Eve Teasing
"I am filing a complaint regarding threats issued to me by an unidentified man residing in Camp area. The threats began 10th of last month after a minor dispute between us. They have threatened to attack me and damage my property if I speak up. This has caused significant fear and anxiety for me and my family members. I have avoided any confrontation, but the threats have continued regardless. Neighbours in the area are also aware of the tension and can confirm this. I request that appropriate legal action be taken to ensure my safety. Please treat this matter with urgency given the serious nature of the threats.",Threat
"I want to report that I am being harassed online through Facebook. An unknown user has been sending me abusive and threatening messages since on the 18th. They have also created a fake profile using my photos without my consent. This person is messaging my friends and relatives with objectionable content about me. I have tried blocking the account, but new fake accounts keep appearing. This online harassment is causing me a lot of stress and embarrassment. I request cyber crime cell to trace the account and take strict action. I can share screenshots and chat history as proof of the harassment.",Cyber Harassment
"I want to report the theft of my laptop bag that happened in Pimpri. The incident took place last week, near the main market area. When I realised it was missing, I immediately checked the surroundings but found nothing. I suspect it was stolen by someone who was following me for a while. The approximate value of the stolen item is around Rs. 20,000. I have already informed the local shopkeepers in case they noticed anything unusual. I request the police to investigate the matter and help recover my belongings. I am ready to provide any additional details or CCTV footage location if available.",Theft
"I want to report an incident of eve teasing that happened in Dadar. Early this morning, an unknown man passed vulgar comments at me while I was walking. They also whistled and made inappropriate gestures towards me and my friend. When I tried to ignore them and walk away, they followed for some distance. This kind of behaviour has made me feel unsafe while commuting alone. Other women in the area have also faced similar harassment at the same spot. I request increased police patrolling in this area to prevent such incidents. I am ready to identify the individuals if a line-up or CCTV review is arranged.",Eve Teasing
"I am filing a complaint regarding threats issued to me by a stranger residing in Thane. The threats began 10th of last month after a minor dispute between us. They have threatened to attack me and damage my property if I speak up. This has caused significant fear and anxiety for me and my family members. I have avoided any confrontation, but the threats have continued regardless. Neighbours in the area are also aware of the tension and can confirm this. I request that appropriate legal action be taken to ensure my safety. Please treat this matter with urgency given the serious nature of the threats.",Threat
"I want to report that I have received serious threats from a shopkeeper nearby in Shivaji Nagar. Since 15th july, this person has been threatening to harm me and my family. They have warned me of dire consequences if I do not comply with their demands. The threats have been made both in person and over phone calls. I am extremely worried about the safety of my family due to these threats. I have not responded to any of their demands, which has escalated their anger. I request police protection and immediate action against the person threatening me. I can provide call recordings and witness details to support this complaint.",Threat
"I want to report continuous harassment I am facing from my ex-partner in Hadapsar. It started 15th July and has not stopped since then. My ex-partner keeps passing insulting comments about me in front of others. Around midnight, this person again misbehaved with me near my house. I have asked them politely to stop, but they continue to trouble me. This is affecting my mental peace and I am scared to step out alone. I request the police to take strict action against the person responsible. I am ready to provide any further details required for the investigation.",Harassment
"I want to report domestic violence I am facing from my husband at my residence in Kalyan. The physical and mental abuse has continued for on the 18th. I am often beaten and verbally abused over small household matters. They have also threatened to throw me out of the house without any support. My children have witnessed these incidents, which has affected them badly. I have tried to resolve this peacefully, but the abuse continues to escalate. I request protection and legal action against those responsible for this abuse. I am ready to provide medical records and witness statements if required.",Domestic Violence
"I am filing this complaint against my husband and his family for continuous domestic abuse at home. Since 3rd of this month, I have been subjected to physical assault and harassment. I am also denied basic necessities and confined to the house without reason. There have been repeated threats of violence whenever I try to speak up. My relatives are aware of the situation and can testify to the abuse. I fear for my safety and the safety of my children living with me. I request immediate protection and appropriate legal action under the law. Kindly guide me regarding shelter and legal support available for my situation.",Domestic Violence
"I want to report a suspicious activity noticed in Nagpur city. Since 22nd june, unknown individuals have been gathering near the abandoned building at odd hours. Residents suspect some illegal activity may be taking place there at night. There have been loud noises and occasional arguments heard from the location. This has raised safety concerns among the families living nearby. No official action has been taken despite informing the local ward office. I request the authorities to investigate this matter and ensure resident safety. I am willing to provide further details or accompany officials if required.",Other
"I want to file a general safety complaint regarding noise and nuisance in Thane. For 22nd june, a nearby establishment has been operating loudly beyond permitted hours. This has disturbed the peace of the neighbourhood, especially for elderly residents and children. Repeated requests to the owners to reduce noise have been ignored. The situation escalates on weekends when the disturbance continues till late night. Several neighbours have joined together to raise this issue with local authorities. I request necessary action to ensure the noise levels are brought under control. Kindly look into this matter at the earliest for the well-being of residents.",Other
"I am reporting an eve teasing incident that occurred near Nagpur city bus stop. During my evening walk, a man at the bus stop started teasing me and passing lewd remarks. They also tried to click photographs of me without my permission. I confronted them, but they laughed it off and continued their behaviour. This is not the first time such incidents have happened at this location. Several other girls have complained informally about the same group. I request strict action and regular police presence to ensure women's safety. I am willing to assist with identification if the individuals are traced.",Eve Teasing
"I want to report a broken streetlight and damaged footpath in Wakad causing safety issues. This problem has persisted for on the 18th without any repair work being done. Elderly people and children find it very difficult to walk safely in this area. During the rains, the area gets waterlogged, increasing the risk of falls. There have been a few incidents of people slipping and getting injured here. I along with other residents request immediate repair of this public infrastructure. This poses a continuous risk to pedestrians and vehicles passing through daily. I request quick action from the municipal authorities to resolve this matter.",Public Safety
