complaint,category,Cleaned_Complaint
"मुझे मेरा पूर्व-प्रेमी ब्लैकमेल कर रहा है जो मेरे बारे में निजी जानकारी उजागर करने की धमकी दे रहा है। कुछ दिन पहले फेसबुक पर मैसेज के जरिए ब्लैकमेल की कोशिशें शुरू हुईं। वे रुपये मांग रहे हैं. 20,000 न देने पर वे मुझे सार्वजनिक रूप से बदनाम करने की धमकी देते हैं। मैंने अब तक उनकी कोई भी मांग नहीं मानी है।' लगातार मिल रही इन धमकियों से मानसिक दबाव असहनीय होता जा रहा है। मैंने इस मामले से जुड़े सभी मैसेज और कॉल का रिकॉर्ड रखा है.' मैं इस ब्लैकमेल को रोकने और मेरी गोपनीयता की रक्षा के लिए तत्काल कार्रवाई का अनुरोध करता हूं। कृपया सलाह दें कि मैं इस व्यक्ति के खिलाफ क्या कानूनी कदम उठा सकता हूं।",ब्लैकमेल,पूर्व प्रेमी ब्लैकमेल रहना जो बारे निजी जानकारी उजागर धमकी देना रहना । कुछ दिन पहले फेसबुक मैसेज जरिये ब्लैकमेल कोशिश शुरू होना । रुपया मांगना रहना न देना सार्वजनिक रूप बदनाम धमकी देना । अब कोई मांग नहीं मानना । लगातार मिलना रहना धमकी मानसिक दबाव असहनीय होना जाना रहना । मामला जुडना सभी मैसेज कॉल रिकॉर्ड रखना ब्लैकमेल रोकना गोपनीयता रक्षा तत्काल कार्रवाई अनुरोध । कृपया सलाह देना कि व्यक्ति खिलाफ क्या कानूनी कदम उठाना सकना ।
मैं बोरीवली में हुई छेड़छाड़ की एक घटना की रिपोर्ट करना चाहता हूं। आज सुबह करीब 8 बजे जब मैं पैदल जा रही थी तो बस स्टॉप पर एक आदमी ने मुझ पर अश्लील टिप्पणी की। उन्होंने सीटियां भी बजाईं और मेरे और मेरे दोस्त की ओर अनुचित इशारे भी किए। जब मैंने उन्हें नज़रअंदाज कर दूर जाने की कोशिश की तो उन्होंने कुछ दूर तक पीछा किया। इस तरह के व्यवहार से मुझे अकेले यात्रा करते समय असुरक्षित महसूस होने लगा है। क्षेत्र की अन्य महिलाओं को भी उसी स्थान पर इसी तरह के उत्पीड़न का सामना करना पड़ा है। मैं ऐसी घटनाओं को रोकने के लिए इस क्षेत्र में पुलिस गश्त बढ़ाने का अनुरोध करता हूं। यदि लाइन-अप या सीसीटीवी समीक्षा की व्यवस्था की जाती है तो मैं व्यक्तियों की पहचान करने के लिए तैयार हूं।,ईव टीज़िंग,बोरीवली होना छेडछाड घटना रिपोर्ट चाहना । आज सुबह करीब बजे जब पैदल जाना रहना बस स्टॉप आदमी ने अश्लील टिप्पणी । सीटी बजाना दोस्त ओर अनुचित इशारा । जब नजरअंदाज दूर जाना कोशिश कुछ दूर पीछा । तरह व्यवहार अकेला यात्रा समय असुरक्षित महसूस होना लगाना । क्षेत्र अन्य महिला स्थान तरह उत्पीडन सामना पड़ना । ऐसा घटना रोकना क्षेत्र पुलिस गश्त बढ़ाना अनुरोध । यदि लाइन अप सीसीटीवी समीक्षा व्यवस्था जाना व्यक्ति पहचान तैयार ।
"मैं हडपसर में अपने पूर्व-प्रेमी द्वारा लगातार किए जा रहे उत्पीड़न की रिपोर्ट करना चाहती हूं। यह इस महीने की 3 तारीख को शुरू हुआ और तब से बंद नहीं हुआ है। मेरा पूर्व-प्रेमी दूसरों के सामने मेरे बारे में अपमानजनक टिप्पणियाँ करता रहता है। पिछले हफ्ते इस शख्स ने मेरे घर के पास फिर मेरे साथ बदतमीजी की. मैंने उनसे विनम्रतापूर्वक रुकने के लिए कहा, लेकिन वे मुझे परेशान करते रहे। इससे मेरी मानसिक शांति प्रभावित हो रही है और मुझे अकेले बाहर निकलने में डर लगता है।' मैं पुलिस से जिम्मेदार व्यक्ति के खिलाफ सख्त कार्रवाई करने का अनुरोध करता हूं।' मैं जांच के लिए आवश्यक कोई भी अतिरिक्त विवरण प्रदान करने के लिए तैयार हूं।",उत्पीड़न,हडपसर अपना पूर्व प्रेमी लगातार जाना रहना उत्पीडन रिपोर्ट चाहना । महीना तारीख शुरू होना तब बंद नहीं होना । पूर्व प्रेमी दूसरा सामने बारे अपमानजनक टिप्पणी रहना । पिछला हफ्ता शख्स ने घर पास फिर साथ बदतमीजी विनम्रतापूर्वक रुकना कहना लेकिन परेशान रहना । मानसिक शान्ति प्रभावित होना रहना अकेला बाहर निकलना डर लगना । पुलिस जिम्मेदार व्यक्ति खिलाफ सख्त कार्रवाई अनुरोध । जांच आवश्यक कोई अतिरिक्त विवरण प्रदान तैयार ।
मुझे और मेरे परिवार को पिंपरी में रहने वाले मेरे सहकर्मी द्वारा परेशान किया जा रहा है। 15 जुलाई से लगातार उत्पीड़न जारी है। जब भी वे मुझे देखते हैं तो भद्दे कमेंट करते हैं और परेशानी पैदा करने की कोशिश करते हैं। कल रात करीब 9 बजे स्थिति तब और खराब हो गई जब वे मुझसे सीधे भिड़ गए। इस लगातार उत्पीड़न के कारण मैं काम पर जाने में असुरक्षित महसूस करती हूं। मेरे परिवार के सदस्यों ने भी कई मौकों पर इस व्यवहार को देखा है। मैं तत्काल हस्तक्षेप का अनुरोध करता हूं ताकि यह उत्पीड़न स्थायी रूप से बंद हो जाए। कृपया मेरी शिकायत दर्ज कर आवश्यक कानूनी कार्रवाई करें।,उत्पीड़न,परिवार पिंपरी रहना वाला सहकर्मी परेशान जाना रहना । जुलाई लगातार उत्पीडन जारी । जब देखना भद्दा कमेंट परेशानी पैदा कोशिश । कल रात करीब बजे स्थिति तब खराब होना जाना जब सीधे भिडना जाना । लगातार उत्पीडन कारण काम जाना असुरक्षित महसूस । परिवार सदस्य ने कई मौका व्यवहार देखना । तत्काल हस्तक्षेप अनुरोध ताकि उत्पीडन स्थायी रूप बंद होना जाना । कृपया शिकायत दर्ज आवश्यक कानूनी कार्रवाई ।
मैं घर में लगातार घरेलू दुर्व्यवहार के लिए अपने ससुर के खिलाफ यह शिकायत दर्ज कर रही हूं। पिछले महीने की 10 तारीख से मुझे शारीरिक उत्पीड़न और उत्पीड़न का शिकार होना पड़ रहा है। मुझे बुनियादी ज़रूरतों से भी वंचित कर दिया जाता है और बिना कारण घर तक सीमित कर दिया जाता है। जब भी मैं बोलने की कोशिश करता हूं तो बार-बार हिंसा की धमकियां मिलती रहती हैं। मेरे रिश्तेदार स्थिति से अवगत हैं और दुर्व्यवहार की गवाही दे सकते हैं। मुझे अपनी सुरक्षा और मेरे साथ रहने वाले मेरे बच्चों की सुरक्षा का डर है। मैं कानून के तहत तत्काल सुरक्षा और उचित कानूनी कार्रवाई का अनुरोध करता हूं। कृपया मेरी स्थिति के लिए उपलब्ध आश्रय और कानूनी सहायता के संबंध में मेरा मार्गदर्शन करें।,घरेलू हिंसा,घर लगातार घरेलू दुर्व्यवहार अपना ससुर खिलाफ शिकायत दर्ज रहना । पिछला महीना तारीख शारीरिक उत्पीडन उत्पीडन शिकार होना पड़ना रहना । बुनियादी ज़रूरत वंचित देना जाना बिना कारण घर सीमित देना जाना । जब बोलना कोशिश बार बार हिंसा धमकी मिलना रहना । रिश्तेदार स्थिति अवगत दुर्व्यवहार गवाही देना सकना । अपना सुरक्षा साथ रहना वाला बच्चा सुरक्षा डर । कानून तहत तत्काल सुरक्षा उचित कानूनी कार्रवाई अनुरोध । कृपया स्थिति उपलब्ध आश्रय कानूनी सहायता संबंध मार्गदर्शन ।
"मैं बानेर में टूटी हुई स्ट्रीट लाइट और क्षतिग्रस्त फुटपाथ की रिपोर्ट करना चाहता हूं जिससे सुरक्षा संबंधी समस्याएं पैदा हो रही हैं। बिना किसी मरम्मत कार्य के यह समस्या पिछले शुक्रवार से बनी हुई है। इस इलाके में बुजुर्गों और बच्चों को सुरक्षित चलने में काफी दिक्कत होती है। बारिश के दौरान इलाके में पानी भर जाता है, जिससे गिरने का खतरा बढ़ जाता है। यहां लोगों के फिसलने और घायल होने की कुछ घटनाएं हो चुकी हैं। मैं अन्य निवासियों के साथ इस सार्वजनिक बुनियादी ढांचे की तत्काल मरम्मत का अनुरोध करता हूं। इससे रोजाना गुजरने वाले राहगीरों और वाहनों को लगातार खतरा बना हुआ है। मैं इस मामले को सुलझाने के लिए नगर निगम अधिकारियों से त्वरित कार्रवाई का अनुरोध करता हूं।",सार्वजनिक सुरक्षा,बानेर टूटी होना स्ट्रीट लाइट क्षतिग्रस्त फुटपाथ रिपोर्ट चाहना जो सुरक्षा संबंधी समस्या पैदा होना रहना । बिना कोई मरम्मत कार्य समस्या पिछला शुक्रवार बनना होना । इलाका बुजुर्ग बच्चा सुरक्षित चलना काफी दिक्कत होना । बारिश दौरान इलाका पानी भरना जाना जो गिरना खतरा बढ़ना जाना । यहाँ लोग फिसलना घायल होना कुछ घटना होना चुकना । अन्य निवासी साथ सार्वजनिक बुनियादी ढांचा तत्काल मरम्मत अनुरोध । रोजाना गुजरना वाला राहगीर वाहन लगातार खतरा बनना होना । मामला सुलझाना नगर निगम अधिकारी त्वरित कार्रवाई अनुरोध ।
"मैं रिपोर्ट करना चाहता हूं कि मेरा सहपाठी स्नैपचैट का उपयोग करके मुझे ब्लैकमेल कर रहा है। पिछले दो सप्ताह से यह व्यक्ति मेरी निजी तस्वीरें और जानकारी लीक करने की धमकी दे रहा है। वे रुपये की मांग कर रहे हैं. सामग्री को सार्वजनिक न करने के बदले में 35,000 रु. मैंने पैसे देने से इनकार कर दिया है, जिसके बाद धमकियां और भी बढ़ गई हैं. इस ब्लैकमेल से मुझे गंभीर मानसिक तनाव और सामाजिक शर्मिंदगी का डर सता रहा है। मैंने सभी चैट वार्तालाप और स्क्रीनशॉट को साक्ष्य के रूप में सहेजा है। मैं साइबर अपराध विभाग से जांच करने और सख्त कार्रवाई करने का अनुरोध करता हूं।' मैं यह सुनिश्चित करने के लिए पूरा सहयोग करने को तैयार हूं कि इस व्यक्ति को जवाबदेह ठहराया जाए।",ब्लैकमेल,रिपोर्ट चाहना कि सहपाठी स्नैपचैट उपयोग ब्लैकमेल रहना । पिछला दो सप्ताह व्यक्ति निजी तस्वीर जानकारी लीक धमकी देना रहना । रुपया मांग रहना सामग्री सार्वजनिक न बदले रु पैसा देना इनकार देना जो बाद धमकी बढ़ना जाना ब्लैकमेल गंभीर मानसिक तनाव सामाजिक शर्मिंदगी डर सताना रहना । सभी चैट वार्तालाप स्क्रीनशॉट साक्ष्य रूप सहेजना । साइबर अपराध विभाग जांच सख्त कार्रवाई अनुरोध । सुनिश्चित पूरा सहयोग तैयार कि व्यक्ति जवाबदेह ठहराना जाना ।
"मैं नासिक रोड में सड़कों की स्थिति के संबंध में सार्वजनिक सुरक्षा चिंता उठाना चाहता हूं। मुख्य सड़क के पास एक खुला मैनहोल है जिसे 2 अगस्त से खुला रखा गया है। इस स्थान पर पहले भी कई दोपहिया वाहन चालक छोटी-मोटी दुर्घटना का शिकार हो चुके हैं। खतरनाक क्षेत्र के आसपास कोई चेतावनी संकेत या बैरिकेड्स नहीं लगाए गए हैं। रात के समय खराब स्ट्रीट लाइट के कारण हादसों का खतरा और भी बढ़ जाता है। स्थानीय निवासी पहले भी यह मुद्दा उठा चुके हैं, लेकिन कोई कार्रवाई नहीं हुई। मैं संबंधित अधिकारियों से मैनहोल की मरम्मत करने और उचित रोशनी सुनिश्चित करने का अनुरोध करता हूं। यह एक गंभीर सार्वजनिक सुरक्षा ख़तरा है जिस पर तत्काल ध्यान देने की आवश्यकता है।",सार्वजनिक सुरक्षा,नासिक रोड सड़क स्थिति संबंध सार्वजनिक सुरक्षा चिंता उठाना चाहना । मुख्य सड़क पास खुला मैनहोल जो अगस्त खुलना रखना जाना । स्थान पहले कई दोपहिया वाहन चालक छोटा मोटा दुर्घटना शिकार होना चुकना । खतरनाक क्षेत्र आसपास कोई चेतावनी संकेत बैरिकेड्स नहीं लगाना जाना । रात समय खराब स्ट्रीट लाइट कारण हादसा खतरा बढ़ना जाना । स्थानीय निवासी पहले मुद्दा उठाना चुकना लेकिन कोई कार्रवाई नहीं होना । संबंधित अधिकारी मैनहोल मरम्मत उचित रोशनी सुनिश्चित अनुरोध । गंभीर सार्वजनिक सुरक्षा खतरा जो तत्काल ध्यान देना आवश्यकता ।
"मुझे लड़कों के एक समूह द्वारा ब्लैकमेल किया जा रहा है जो मेरे बारे में निजी जानकारी उजागर करने की धमकी दे रहा है। ब्लैकमेल की कोशिशें इस महीने की 3 तारीख को एक डेटिंग ऐप पर संदेशों के माध्यम से शुरू हुईं। वे रुपये मांग रहे हैं. 50,000 न देने पर वे मुझे सार्वजनिक रूप से बदनाम करने की धमकी देते हैं। मैंने अब तक उनकी कोई भी मांग नहीं मानी है।' लगातार मिल रही इन धमकियों से मानसिक दबाव असहनीय होता जा रहा है। मैंने इस मामले से जुड़े सभी मैसेज और कॉल का रिकॉर्ड रखा है.' मैं इस ब्लैकमेल को रोकने और मेरी गोपनीयता की रक्षा के लिए तत्काल कार्रवाई का अनुरोध करता हूं। कृपया सलाह दें कि मैं इस व्यक्ति के खिलाफ क्या कानूनी कदम उठा सकता हूं।",ब्लैकमेल,लड़का समूह ब्लैकमेल जाना रहना जो बारे निजी जानकारी उजागर धमकी देना रहना । ब्लैकमेल कोशिश महीना तारीख डेटिंग ऐप संदेश माध्यम शुरू होना । रुपया मांगना रहना न देना सार्वजनिक रूप बदनाम धमकी देना । अब कोई मांग नहीं मानना । लगातार मिलना रहना धमकी मानसिक दबाव असहनीय होना जाना रहना । मामला जुडना सभी मैसेज कॉल रिकॉर्ड रखना ब्लैकमेल रोकना गोपनीयता रक्षा तत्काल कार्रवाई अनुरोध । कृपया सलाह देना कि व्यक्ति खिलाफ क्या कानूनी कदम उठाना सकना ।
"मैं चिंचवड़ बस स्टॉप के पास हुई एक छेड़छाड़ की घटना की रिपोर्ट कर रहा हूं। आज सुबह करीब 8 बजे बस स्टॉप पर एक आदमी ने मुझे छेड़ना शुरू कर दिया और भद्दे कमेंट करने लगा। उन्होंने मेरी अनुमति के बिना मेरी तस्वीरें खींचने की भी कोशिश की. मैंने उनका विरोध किया, लेकिन उन्होंने इसे हंसी में उड़ा दिया और अपना व्यवहार जारी रखा। यह पहली बार नहीं है जब इस स्थान पर ऐसी घटनाएं हुई हैं। इसी ग्रुप के बारे में कई अन्य लड़कियों ने अनौपचारिक रूप से शिकायत की है. मैं महिलाओं की सुरक्षा सुनिश्चित करने के लिए सख्त कार्रवाई और नियमित पुलिस उपस्थिति का अनुरोध करता हूं। यदि व्यक्तियों का पता लगाया जाता है तो मैं पहचान में सहायता करने को तैयार हूं।",ईव टीज़िंग,चिंचवड बस स्टॉप पास होना छेडछाड घटना रिपोर्ट रहना । आज सुबह करीब बजे बस स्टॉप आदमी ने छेड़ना शुरू देना भद्दा कमेंट लगाना । अनुमति बिना तस्वीर खींचना कोशिश विरोध लेकिन हँसी उड़ाना देना अपना व्यवहार जारी रखना । पहला बार नहीं जब स्थान ऐसा घटना होना । ग्रुप बारे कई अन्य लड़की ने अनौपचारिक रूप शिकायत महिला सुरक्षा सुनिश्चित सख्त कार्रवाई नियमित पुलिस उपस्थिति अनुरोध । यदि व्यक्ति पता लगाना जाना पहचान सहायता तैयार ।
"मैं रिपोर्ट करना चाहता हूं कि मुझे ठाणे में लड़कों के एक समूह से गंभीर धमकियां मिली हैं। पिछले शुक्रवार से यह व्यक्ति मुझे और मेरे परिवार को नुकसान पहुंचाने की धमकी दे रहा है। अगर मैंने उनकी मांगें नहीं मानी तो उन्होंने मुझे गंभीर परिणाम भुगतने की चेतावनी दी है। धमकियाँ व्यक्तिगत रूप से और फोन कॉल दोनों पर दी गई हैं। मैं इन धमकियों के कारण अपने परिवार की सुरक्षा को लेकर बेहद चिंतित हूं।' मैंने उनकी किसी भी मांग का जवाब नहीं दिया, जिससे उनका गुस्सा और बढ़ गया है.' मैं पुलिस सुरक्षा और मुझे धमकी देने वाले व्यक्ति के खिलाफ तत्काल कार्रवाई का अनुरोध करता हूं। मैं इस शिकायत के समर्थन में कॉल रिकॉर्डिंग और गवाह विवरण प्रदान कर सकता हूं।",धमकी,रिपोर्ट चाहना कि ठाणे लड़का समूह गंभीर धमकी मिलना । पिछला शुक्रवार व्यक्ति परिवार नुकसान पहुंचाना धमकी देना रहना । अगर मांगें नहीं मानना गंभीर परिणाम भुगतना चेतावनी देना । धमकी व्यक्तिगत रूप फोन कॉल दो देना जाना । धमकी कारण अपना परिवार सुरक्षा लेना बेहद चिंतित । कोई मांग जवाब नहीं देना जो गुस्सा बढ़ना जाना पुलिस सुरक्षा धमकी देना वाला व्यक्ति खिलाफ तत्काल कार्रवाई अनुरोध । शिकायत समर्थन कॉल रिकॉर्डिंग गवाह विवरण प्रदान सकना ।
"मैं चिंचवड़ में टूटी हुई स्ट्रीट लाइट और क्षतिग्रस्त फुटपाथ की रिपोर्ट करना चाहता हूं जिससे सुरक्षा संबंधी समस्याएं पैदा हो रही हैं। यह समस्या बिना किसी मरम्मत कार्य के पिछले दो सप्ताह से बनी हुई है। इस इलाके में बुजुर्गों और बच्चों को सुरक्षित चलने में काफी दिक्कत होती है। बारिश के दौरान इलाके में पानी भर जाता है, जिससे गिरने का खतरा बढ़ जाता है। यहां लोगों के फिसलने और घायल होने की कुछ घटनाएं हो चुकी हैं। मैं अन्य निवासियों के साथ इस सार्वजनिक बुनियादी ढांचे की तत्काल मरम्मत का अनुरोध करता हूं। इससे रोजाना गुजरने वाले राहगीरों और वाहनों को लगातार खतरा बना हुआ है। मैं इस मामले को सुलझाने के लिए नगर निगम अधिकारियों से त्वरित कार्रवाई का अनुरोध करता हूं।",सार्वजनिक सुरक्षा,चिंचवड टूटी होना स्ट्रीट लाइट क्षतिग्रस्त फुटपाथ रिपोर्ट चाहना जो सुरक्षा संबंधी समस्या पैदा होना रहना । समस्या बिना कोई मरम्मत कार्य पिछला दो सप्ताह बनना होना । इलाका बुजुर्ग बच्चा सुरक्षित चलना काफी दिक्कत होना । बारिश दौरान इलाका पानी भरना जाना जो गिरना खतरा बढ़ना जाना । यहाँ लोग फिसलना घायल होना कुछ घटना होना चुकना । अन्य निवासी साथ सार्वजनिक बुनियादी ढांचा तत्काल मरम्मत अनुरोध । रोजाना गुजरना वाला राहगीर वाहन लगातार खतरा बनना होना । मामला सुलझाना नगर निगम अधिकारी त्वरित कार्रवाई अनुरोध ।
मैं घर में लगातार घरेलू दुर्व्यवहार के लिए अपनी सास के खिलाफ यह शिकायत दर्ज करा रही हूं। इस महीने की 3 तारीख से मुझे शारीरिक उत्पीड़न और उत्पीड़न का शिकार होना पड़ रहा है। मुझे बुनियादी ज़रूरतों से भी वंचित कर दिया जाता है और बिना कारण घर तक सीमित कर दिया जाता है। जब भी मैं बोलने की कोशिश करता हूं तो बार-बार हिंसा की धमकियां मिलती रहती हैं। मेरे रिश्तेदार स्थिति से अवगत हैं और दुर्व्यवहार की गवाही दे सकते हैं। मुझे अपनी सुरक्षा और मेरे साथ रहने वाले मेरे बच्चों की सुरक्षा का डर है। मैं कानून के तहत तत्काल सुरक्षा और उचित कानूनी कार्रवाई का अनुरोध करता हूं। कृपया मेरी स्थिति के लिए उपलब्ध आश्रय और कानूनी सहायता के संबंध में मेरा मार्गदर्शन करें।,घरेलू हिंसा,घर लगातार घरेलू दुर्व्यवहार अपना सास खिलाफ शिकायत दर्ज रहना । महीना तारीख शारीरिक उत्पीडन उत्पीडन शिकार होना पड़ना रहना । बुनियादी ज़रूरत वंचित देना जाना बिना कारण घर सीमित देना जाना । जब बोलना कोशिश बार बार हिंसा धमकी मिलना रहना । रिश्तेदार स्थिति अवगत दुर्व्यवहार गवाही देना सकना । अपना सुरक्षा साथ रहना वाला बच्चा सुरक्षा डर । कानून तहत तत्काल सुरक्षा उचित कानूनी कार्रवाई अनुरोध । कृपया स्थिति उपलब्ध आश्रय कानूनी सहायता संबंध मार्गदर्शन ।
मैं घर में लगातार घरेलू दुर्व्यवहार के लिए अपनी सास के खिलाफ यह शिकायत दर्ज करा रही हूं। कुछ दिन पहले से मेरे साथ मारपीट और उत्पीड़न किया जा रहा है। मुझे बुनियादी ज़रूरतों से भी वंचित कर दिया जाता है और बिना कारण घर तक सीमित कर दिया जाता है। जब भी मैं बोलने की कोशिश करता हूं तो बार-बार हिंसा की धमकियां मिलती रहती हैं। मेरे रिश्तेदार स्थिति से अवगत हैं और दुर्व्यवहार की गवाही दे सकते हैं। मुझे अपनी सुरक्षा और मेरे साथ रहने वाले मेरे बच्चों की सुरक्षा का डर है। मैं कानून के तहत तत्काल सुरक्षा और उचित कानूनी कार्रवाई का अनुरोध करता हूं। कृपया मेरी स्थिति के लिए उपलब्ध आश्रय और कानूनी सहायता के संबंध में मेरा मार्गदर्शन करें।,घरेलू हिंसा,घर लगातार घरेलू दुर्व्यवहार अपना सास खिलाफ शिकायत दर्ज रहना । कुछ दिन पहले साथ मारपीट उत्पीडन जाना रहना । बुनियादी ज़रूरत वंचित देना जाना बिना कारण घर सीमित देना जाना । जब बोलना कोशिश बार बार हिंसा धमकी मिलना रहना । रिश्तेदार स्थिति अवगत दुर्व्यवहार गवाही देना सकना । अपना सुरक्षा साथ रहना वाला बच्चा सुरक्षा डर । कानून तहत तत्काल सुरक्षा उचित कानूनी कार्रवाई अनुरोध । कृपया स्थिति उपलब्ध आश्रय कानूनी सहायता संबंध मार्गदर्शन ।
मुझे और मेरे परिवार को वाशी में रहने वाले मेरे पड़ोसी द्वारा परेशान किया जा रहा है। पिछले कुछ दिनों से लगातार उत्पीड़न किया जा रहा है। जब भी वे मुझे देखते हैं तो भद्दे कमेंट करते हैं और परेशानी पैदा करने की कोशिश करते हैं। सोमवार दोपहर को स्थिति तब और खराब हो गई जब वे सीधे मुझसे भिड़ गए। इस लगातार उत्पीड़न के कारण मैं काम पर जाने में असुरक्षित महसूस करती हूं। मेरे परिवार के सदस्यों ने भी कई मौकों पर इस व्यवहार को देखा है। मैं तत्काल हस्तक्षेप का अनुरोध करता हूं ताकि यह उत्पीड़न स्थायी रूप से बंद हो जाए। कृपया मेरी शिकायत दर्ज कर आवश्यक कानूनी कार्रवाई करें।,उत्पीड़न,परिवार वाशी रहना वाला पड़ोसी परेशान जाना रहना । पिछला कुछ दिन लगातार उत्पीडन जाना रहना । जब देखना भद्दा कमेंट परेशानी पैदा कोशिश । सोमवार दोपहर स्थिति तब खराब होना जाना जब सीधे भिडना जाना । लगातार उत्पीडन कारण काम जाना असुरक्षित महसूस । परिवार सदस्य ने कई मौका व्यवहार देखना । तत्काल हस्तक्षेप अनुरोध ताकि उत्पीडन स्थायी रूप बंद होना जाना । कृपया शिकायत दर्ज आवश्यक कानूनी कार्रवाई ।
मैं कल्याण में हुई छेड़छाड़ की एक घटना की रिपोर्ट करना चाहता हूं। सोमवार दोपहर जब मैं पैदल जा रही थी तो बाइक पर सवार दो लोगों ने मुझ पर अश्लील कमेंट किए। उन्होंने सीटियां भी बजाईं और मेरे और मेरे दोस्त की ओर अनुचित इशारे भी किए। जब मैंने उन्हें नज़रअंदाज कर दूर जाने की कोशिश की तो उन्होंने कुछ दूर तक पीछा किया। इस तरह के व्यवहार से मुझे अकेले यात्रा करते समय असुरक्षित महसूस होने लगा है। क्षेत्र की अन्य महिलाओं को भी उसी स्थान पर इसी तरह के उत्पीड़न का सामना करना पड़ा है। मैं ऐसी घटनाओं को रोकने के लिए इस क्षेत्र में पुलिस गश्त बढ़ाने का अनुरोध करता हूं। यदि लाइन-अप या सीसीटीवी समीक्षा की व्यवस्था की जाती है तो मैं व्यक्तियों की पहचान करने के लिए तैयार हूं।,ईव टीज़िंग,कल्याण होना छेडछाड घटना रिपोर्ट चाहना । सोमवार दोपहर जब पैदल जाना रहना बाइक सवार दो लोग ने अश्लील कमेंट । सीटी बजाना दोस्त ओर अनुचित इशारा । जब नजरअंदाज दूर जाना कोशिश कुछ दूर पीछा । तरह व्यवहार अकेला यात्रा समय असुरक्षित महसूस होना लगाना । क्षेत्र अन्य महिला स्थान तरह उत्पीडन सामना पड़ना । ऐसा घटना रोकना क्षेत्र पुलिस गश्त बढ़ाना अनुरोध । यदि लाइन अप सीसीटीवी समीक्षा व्यवस्था जाना व्यक्ति पहचान तैयार ।
मैं घर में लगातार घरेलू दुर्व्यवहार के लिए अपने पति और उनके परिवार के खिलाफ यह शिकायत दर्ज कर रही हूं। पिछले शुक्रवार से मुझ पर शारीरिक हमला और उत्पीड़न किया जा रहा है। मुझे बुनियादी ज़रूरतों से भी वंचित कर दिया जाता है और बिना कारण घर तक सीमित कर दिया जाता है। जब भी मैं बोलने की कोशिश करता हूं तो बार-बार हिंसा की धमकियां मिलती रहती हैं। मेरे रिश्तेदार स्थिति से अवगत हैं और दुर्व्यवहार की गवाही दे सकते हैं। मुझे अपनी सुरक्षा और मेरे साथ रहने वाले मेरे बच्चों की सुरक्षा का डर है। मैं कानून के तहत तत्काल सुरक्षा और उचित कानूनी कार्रवाई का अनुरोध करता हूं। कृपया मेरी स्थिति के लिए उपलब्ध आश्रय और कानूनी सहायता के संबंध में मेरा मार्गदर्शन करें।,घरेलू हिंसा,घर लगातार घरेलू दुर्व्यवहार अपना पति परिवार खिलाफ शिकायत दर्ज रहना । पिछला शुक्रवार शारीरिक हमला उत्पीडन जाना रहना । बुनियादी ज़रूरत वंचित देना जाना बिना कारण घर सीमित देना जाना । जब बोलना कोशिश बार बार हिंसा धमकी मिलना रहना । रिश्तेदार स्थिति अवगत दुर्व्यवहार गवाही देना सकना । अपना सुरक्षा साथ रहना वाला बच्चा सुरक्षा डर । कानून तहत तत्काल सुरक्षा उचित कानूनी कार्रवाई अनुरोध । कृपया स्थिति उपलब्ध आश्रय कानूनी सहायता संबंध मार्गदर्शन ।
"मैं दादर में एक अजनबी द्वारा लगातार झेले जा रहे उत्पीड़न की रिपोर्ट करना चाहती हूं। यह इस महीने की 3 तारीख को शुरू हुआ और तब से बंद नहीं हुआ है। कोई अजनबी दूसरों के सामने मेरे बारे में अपमानजनक टिप्पणियाँ करता रहता है। दो दिन पहले इस व्यक्ति ने मेरे घर के पास फिर मेरे साथ गलत हरकत की. मैंने उनसे विनम्रतापूर्वक रुकने के लिए कहा, लेकिन वे मुझे परेशान करते रहे। इससे मेरी मानसिक शांति प्रभावित हो रही है और मुझे अकेले बाहर निकलने में डर लगता है।' मैं पुलिस से जिम्मेदार व्यक्ति के खिलाफ सख्त कार्रवाई करने का अनुरोध करता हूं।' मैं जांच के लिए आवश्यक कोई भी अतिरिक्त विवरण प्रदान करने के लिए तैयार हूं।",उत्पीड़न,दादर अजनबी लगातार झेलना जाना रहना उत्पीडन रिपोर्ट चाहना । महीना तारीख शुरू होना तब बंद नहीं होना । कोई अजनबी दूसरा सामने बारे अपमानजनक टिप्पणी रहना । दो दिन पहले व्यक्ति ने घर पास फिर साथ गलत हरकत विनम्रतापूर्वक रुकना कहना लेकिन परेशान रहना । मानसिक शान्ति प्रभावित होना रहना अकेला बाहर निकलना डर लगना । पुलिस जिम्मेदार व्यक्ति खिलाफ सख्त कार्रवाई अनुरोध । जांच आवश्यक कोई अतिरिक्त विवरण प्रदान तैयार ।
"मैं वाकाड में अपने पति द्वारा पीछा किए जाने के संबंध में शिकायत दर्ज कराना चाहती हूं। इस महीने की 3 तारीख से यह व्यक्ति लगभग हर दिन मेरा पीछा कर रहा है। आज सुबह-सुबह, मैंने देखा कि वही व्यक्ति फिर से मेरे घर के बाहर इंतज़ार कर रहा है। वे भी मेरे पीछे-पीछे मेरे कार्यस्थल तक आते हैं और गेट के पास इंतजार करते हैं। मैंने देखा है कि एक ही वाहन कई बार मेरे ऑटो-रिक्शा का पीछा कर रहा है। इस निरंतर अनुसरण ने मुझे अपनी सुरक्षा के लिए अत्यधिक चिंतित और भयभीत कर दिया है। मैं पुलिस से जांच करने और इस व्यक्ति को मेरा पीछा करने से रोकने का अनुरोध करता हूं। मैं उस व्यक्ति की पहचान करने और जरूरत पड़ने पर और विवरण प्रदान करने को तैयार हूं।",स्टॉकिंग,वाकाड अपना पति पीछा जाना संबंध शिकायत दर्ज कराना चाहना । महीना तारीख व्यक्ति लगभग हर दिन पीछा रहना । आज सुबह सुबह देखना कि व्यक्ति फिर घर बाहर इंतजार रहना । पीछे पीछे कार्यस्थल आना गेट पास इंतजार । देखना कि ही वाहन कई बार ऑटो रिक्शा पीछा रहना । निरन्तर अनुसरण ने अपना सुरक्षा अत्यधिक चिंतित भयभीत देना । पुलिस जांच व्यक्ति पीछा रोकना अनुरोध । व्यक्ति पहचान जरूरत पड़ना विवरण प्रदान तैयार ।
"मैं नासिक रोड में सड़कों की स्थिति के संबंध में सार्वजनिक सुरक्षा चिंता उठाना चाहता हूं। मुख्य सड़क के पास एक खुला मैनहोल है जिसे कुछ दिन पहले से खोला गया है। इस स्थान पर पहले भी कई दोपहिया वाहन चालक छोटी-मोटी दुर्घटना का शिकार हो चुके हैं। खतरनाक क्षेत्र के आसपास कोई चेतावनी संकेत या बैरिकेड्स नहीं लगाए गए हैं। रात के समय खराब स्ट्रीट लाइट के कारण हादसों का खतरा और भी बढ़ जाता है। स्थानीय निवासी पहले भी यह मुद्दा उठा चुके हैं, लेकिन कोई कार्रवाई नहीं हुई। मैं संबंधित अधिकारियों से मैनहोल की मरम्मत करने और उचित रोशनी सुनिश्चित करने का अनुरोध करता हूं। यह एक गंभीर सार्वजनिक सुरक्षा ख़तरा है जिस पर तत्काल ध्यान देने की आवश्यकता है।",सार्वजनिक सुरक्षा,नासिक रोड सड़क स्थिति संबंध सार्वजनिक सुरक्षा चिंता उठाना चाहना । मुख्य सड़क पास खुला मैनहोल जो कुछ दिन पहले खोलना जाना । स्थान पहले कई दोपहिया वाहन चालक छोटा मोटा दुर्घटना शिकार होना चुकना । खतरनाक क्षेत्र आसपास कोई चेतावनी संकेत बैरिकेड्स नहीं लगाना जाना । रात समय खराब स्ट्रीट लाइट कारण हादसा खतरा बढ़ना जाना । स्थानीय निवासी पहले मुद्दा उठाना चुकना लेकिन कोई कार्रवाई नहीं होना । संबंधित अधिकारी मैनहोल मरम्मत उचित रोशनी सुनिश्चित अनुरोध । गंभीर सार्वजनिक सुरक्षा खतरा जो तत्काल ध्यान देना आवश्यकता ।
"टेलीग्राम पर कोई मुझे बार-बार अनुचित संदेश और टिप्पणियाँ भेज रहा है। यह उत्पीड़न पिछले शुक्रवार को शुरू हुआ और हाल ही में इसकी आवृत्ति में वृद्धि हुई है। उस व्यक्ति ने मेरे सार्वजनिक पोस्ट पर भी अश्लील टिप्पणी की है.' मैंने उन्हें समझाने की कोशिश की, लेकिन उन्होंने और भी अश्लील संदेश जारी रखे। उन्होंने मेरे दोस्तों और परिवार को भी शर्मनाक और झूठे पोस्ट में टैग किया। मैं बेहद परेशान हूं और अब शांति से सोशल मीडिया का इस्तेमाल नहीं कर पा रहा हूं।' मेरा अनुरोध है कि खाते का पता लगाया जाए और उचित कार्रवाई की जाए। मैं अपनी शिकायत के समर्थन में आवश्यक स्क्रीनशॉट संलग्न कर रहा हूं।",साइबर उत्पीड़न,टेलीग्राम कोई बार बार अनुचित संदेश टिप्पणी भेजना रहना । उत्पीडन पिछला शुक्रवार शुरू होना हाल ही आवृत्ति वृद्धि होना । व्यक्ति ने सार्वजनिक पोस्ट अश्लील टिप्पणी समझाना कोशिश लेकिन अश्लील संदेश जारी रखना । दोस्त परिवार शर्मनाक झूठा पोस्ट टैग । बेहद परेशान अब शान्ति सोशल मीडिया इस्तेमाल नहीं पाना रहना । अनुरोध कि खाता पता लगाना जाना उचित कार्रवाई जाना । अपना शिकायत समर्थन आवश्यक स्क्रीनशॉट संलग्न रहना ।
"यह कैंप एरिया इलाके में मेरी पत्नी के हैंडबैग से जुड़ी चोरी की घटना की रिपोर्ट करने के लिए है। यह पिछले सप्ताह हुआ, जब मैं थोड़ी देर के लिए उस स्थान से दूर चला गया था। वापस लौटने पर मुझे पता चला कि मेरा सामान कोई अज्ञात व्यक्ति ले गया है। अनुमानित नुकसान लगभग रु. 1,00,000, जो मेरे लिए एक महत्वपूर्ण राशि है। आसपास कुछ लोग भी थे, लेकिन किसी को चोरी होने का पता नहीं चला। मैंने आस-पास की दुकानों और निवासियों से जांच की है, लेकिन अभी तक कोई सुराग नहीं मिला है। मेरा अनुरोध है कि जल्द से जल्द मामला दर्ज किया जाए और जांच की जाए।' मैं जांच प्रक्रिया में पूरा सहयोग करने को तैयार हूं।'",चोरी,कैंप एरिया इलाका पत्नी हैंडबैग जुड़ना चोरी घटना रिपोर्ट । पिछला सप्ताह होना जब थोड़ा देर स्थान दूर चलना जाना । वापस लौटना पता चलना कि सामान कोई अज्ञात व्यक्ति लेना जाना । अनुमानित नुकसान लगभग रु जो महत्वपूर्ण राशि । आसपास कुछ लोग लेकिन कोई चोरी होना पता नहीं चलना । आस पास दुकान निवासी जांच लेकिन अभी कोई सुराग नहीं मिलना । अनुरोध कि जल्द जल्द मामला दर्ज जाना जांच जाना । जांच प्रक्रिया पूरा सहयोग तैयार ।
"एक व्यक्ति, जिसकी पहचान मेरे पूर्व-प्रेमी के रूप में की गई है, 15 जुलाई से मेरा पीछा कर रहा है। कल शाम को वे मेरे कॉलेज के गेट के पास खड़े होकर मुझे देखते दिखे। मेरे कई बार मना करने के बाद भी वे बार-बार मुझसे बात करने की कोशिश करते हैं। मेरे दोस्तों ने भी देखा है कि यह व्यक्ति अलग-अलग दिनों में मेरा पीछा कर रहा है। ऐसा लगता है कि यह व्यक्ति मेरी दिनचर्या जानता है, जो बहुत चिंताजनक है। मुझे डर है कि अगर इसे नहीं रोका गया तो यह और भी खतरनाक रूप ले सकता है। मेरा अनुरोध है कि इस व्यक्ति के खिलाफ तुरंत सख्त कार्रवाई की जाए।' कृपया मेरी सुरक्षा सुनिश्चित करने के लिए अगले कदमों पर मेरा मार्गदर्शन करें।",स्टॉकिंग,व्यक्ति जो पहचान पूर्व प्रेमी रूप जाना जुलाई पीछा रहना । कल शाम कॉलेज गेट पास खड़ा होना देखना दिखे।ना कई बार मना बाद बार बार बात कोशिश । दोस्त ने देखना कि व्यक्ति अलग अलग दिन पीछा रहना । ऐसा लगना कि व्यक्ति दिनचर्या जानना जो बहुत चिंताजनक । डर कि अगर नहीं रोकना जाना खतरनाक रूप लेना सकना । अनुरोध कि व्यक्ति खिलाफ तुरंत सख्त कार्रवाई जाना । कृपया सुरक्षा सुनिश्चित अगला कदम मार्गदर्शन ।
"मैं विले पार्ले में अपने पूर्व साथी द्वारा पीछा किए जाने के संबंध में शिकायत दर्ज कराना चाहती हूं। 2 अगस्त से यह व्यक्ति लगभग हर दिन मेरा पीछा कर रहा है। जब मैं काम से लौट रहा था, मैंने देखा कि वही व्यक्ति फिर से मेरे घर के बाहर इंतज़ार कर रहा था। वे भी मेरे पीछे-पीछे मेरे कार्यस्थल तक आते हैं और गेट के पास इंतजार करते हैं। मैंने देखा है कि एक ही वाहन कई बार मेरे ऑटो-रिक्शा का पीछा कर रहा है। इस निरंतर अनुसरण ने मुझे अपनी सुरक्षा के लिए अत्यधिक चिंतित और भयभीत कर दिया है। मैं पुलिस से जांच करने और इस व्यक्ति को मेरा पीछा करने से रोकने का अनुरोध करता हूं। मैं उस व्यक्ति की पहचान करने और जरूरत पड़ने पर और विवरण प्रदान करने को तैयार हूं।",स्टॉकिंग,विले पार्ले अपना पूर्व साथी पीछा जाना संबंध शिकायत दर्ज कराना चाहना । अगस्त व्यक्ति लगभग हर दिन पीछा रहना । जब काम लौटना रहना देखना कि व्यक्ति फिर घर बाहर इंतजार रहना । पीछे पीछे कार्यस्थल आना गेट पास इंतजार । देखना कि ही वाहन कई बार ऑटो रिक्शा पीछा रहना । निरन्तर अनुसरण ने अपना सुरक्षा अत्यधिक चिंतित भयभीत देना । पुलिस जांच व्यक्ति पीछा रोकना अनुरोध । व्यक्ति पहचान जरूरत पड़ना विवरण प्रदान तैयार ।
मैं शिवाजी नगर में एक अज्ञात व्यक्ति द्वारा पीछा करने के संबंध में शिकायत दर्ज करना चाहता हूं। 18 तारीख के बाद से यह व्यक्ति लगभग हर दिन मेरा पीछा कर रहा है। शाम की सैर के दौरान मैंने देखा कि वही व्यक्ति फिर से मेरे घर के बाहर इंतज़ार कर रहा है। वे भी मेरे पीछे-पीछे मेरे कार्यस्थल तक आते हैं और गेट के पास इंतजार करते हैं। मैंने देखा है कि एक ही वाहन कई बार मेरे ऑटो-रिक्शा का पीछा कर रहा है। इस निरंतर अनुसरण ने मुझे अपनी सुरक्षा के लिए अत्यधिक चिंतित और भयभीत कर दिया है। मैं पुलिस से जांच करने और इस व्यक्ति को मेरा पीछा करने से रोकने का अनुरोध करता हूं। मैं उस व्यक्ति की पहचान करने और जरूरत पड़ने पर और विवरण प्रदान करने को तैयार हूं।,स्टॉकिंग,शिवाजी नगर अज्ञात व्यक्ति पीछा संबंध शिकायत दर्ज चाहना । तारीख बाद व्यक्ति लगभग हर दिन पीछा रहना । शाम सैर दौरान देखना कि व्यक्ति फिर घर बाहर इंतजार रहना । पीछे पीछे कार्यस्थल आना गेट पास इंतजार । देखना कि ही वाहन कई बार ऑटो रिक्शा पीछा रहना । निरन्तर अनुसरण ने अपना सुरक्षा अत्यधिक चिंतित भयभीत देना । पुलिस जांच व्यक्ति पीछा रोकना अनुरोध । व्यक्ति पहचान जरूरत पड़ना विवरण प्रदान तैयार ।
मुझे और मेरे परिवार को चिंचवड़ में रहने वाले एक अजनबी द्वारा परेशान किया जा रहा है। पिछले महीने की 10 तारीख से उत्पीड़न जारी है। जब भी वे मुझे देखते हैं तो भद्दे कमेंट करते हैं और परेशानी पैदा करने की कोशिश करते हैं। दो दिन पहले स्थिति तब और खराब हो गई जब वे मुझसे सीधे भिड़ गए। इस लगातार उत्पीड़न के कारण मैं काम पर जाने में असुरक्षित महसूस करती हूं। मेरे परिवार के सदस्यों ने भी कई मौकों पर इस व्यवहार को देखा है। मैं तत्काल हस्तक्षेप का अनुरोध करता हूं ताकि यह उत्पीड़न स्थायी रूप से बंद हो जाए। कृपया मेरी शिकायत दर्ज कर आवश्यक कानूनी कार्रवाई करें।,उत्पीड़न,परिवार चिंचवड रहना वाला अजनबी परेशान जाना रहना । पिछला महीना तारीख उत्पीडन जारी । जब देखना भद्दा कमेंट परेशानी पैदा कोशिश । दो दिन पहले स्थिति तब खराब होना जाना जब सीधे भिडना जाना । लगातार उत्पीडन कारण काम जाना असुरक्षित महसूस । परिवार सदस्य ने कई मौका व्यवहार देखना । तत्काल हस्तक्षेप अनुरोध ताकि उत्पीडन स्थायी रूप बंद होना जाना । कृपया शिकायत दर्ज आवश्यक कानूनी कार्रवाई ।
मैं कल्याण में हुई छेड़छाड़ की एक घटना की रिपोर्ट करना चाहता हूं। मेरी शाम की सैर के दौरान जब मैं टहल रही थी तो लड़कों के एक समूह ने मुझ पर अश्लील टिप्पणियाँ कीं। उन्होंने सीटियां भी बजाईं और मेरे और मेरे दोस्त की ओर अनुचित इशारे भी किए। जब मैंने उन्हें नज़रअंदाज कर दूर जाने की कोशिश की तो उन्होंने कुछ दूर तक पीछा किया। इस तरह के व्यवहार से मुझे अकेले यात्रा करते समय असुरक्षित महसूस होने लगा है। क्षेत्र की अन्य महिलाओं को भी उसी स्थान पर इसी तरह के उत्पीड़न का सामना करना पड़ा है। मैं ऐसी घटनाओं को रोकने के लिए इस क्षेत्र में पुलिस गश्त बढ़ाने का अनुरोध करता हूं। यदि लाइन-अप या सीसीटीवी समीक्षा की व्यवस्था की जाती है तो मैं व्यक्तियों की पहचान करने के लिए तैयार हूं।,ईव टीज़िंग,कल्याण होना छेडछाड घटना रिपोर्ट चाहना । शाम सैर दौरान जब टहलना रहना लड़का समूह ने अश्लील टिप्पणी कीं।ना सीटी बजाना दोस्त ओर अनुचित इशारा । जब नजरअंदाज दूर जाना कोशिश कुछ दूर पीछा । तरह व्यवहार अकेला यात्रा समय असुरक्षित महसूस होना लगाना । क्षेत्र अन्य महिला स्थान तरह उत्पीडन सामना पड़ना । ऐसा घटना रोकना क्षेत्र पुलिस गश्त बढ़ाना अनुरोध । यदि लाइन अप सीसीटीवी समीक्षा व्यवस्था जाना व्यक्ति पहचान तैयार ।
"मैं बानेर में टूटी हुई स्ट्रीट लाइट और क्षतिग्रस्त फुटपाथ की रिपोर्ट करना चाहता हूं जिससे सुरक्षा संबंधी समस्याएं पैदा हो रही हैं। यह समस्या कुछ दिनों से बिना किसी मरम्मत कार्य के बनी हुई है। इस इलाके में बुजुर्गों और बच्चों को सुरक्षित चलने में काफी दिक्कत होती है। बारिश के दौरान इलाके में पानी भर जाता है, जिससे गिरने का खतरा बढ़ जाता है। यहां लोगों के फिसलने और घायल होने की कुछ घटनाएं हो चुकी हैं। मैं अन्य निवासियों के साथ इस सार्वजनिक बुनियादी ढांचे की तत्काल मरम्मत का अनुरोध करता हूं। इससे रोजाना गुजरने वाले राहगीरों और वाहनों को लगातार खतरा बना हुआ है। मैं इस मामले को सुलझाने के लिए नगर निगम अधिकारियों से त्वरित कार्रवाई का अनुरोध करता हूं।",सार्वजनिक सुरक्षा,बानेर टूटी होना स्ट्रीट लाइट क्षतिग्रस्त फुटपाथ रिपोर्ट चाहना जो सुरक्षा संबंधी समस्या पैदा होना रहना । समस्या कुछ दिन बिना कोई मरम्मत कार्य बनना होना । इलाका बुजुर्ग बच्चा सुरक्षित चलना काफी दिक्कत होना । बारिश दौरान इलाका पानी भरना जाना जो गिरना खतरा बढ़ना जाना । यहाँ लोग फिसलना घायल होना कुछ घटना होना चुकना । अन्य निवासी साथ सार्वजनिक बुनियादी ढांचा तत्काल मरम्मत अनुरोध । रोजाना गुजरना वाला राहगीर वाहन लगातार खतरा बनना होना । मामला सुलझाना नगर निगम अधिकारी त्वरित कार्रवाई अनुरोध ।
"फेसबुक पर कोई मुझे बार-बार अनुचित संदेश और टिप्पणियाँ भेज रहा है। यह उत्पीड़न पिछले महीने की 10 तारीख को शुरू हुआ और हाल ही में इसकी आवृत्ति में वृद्धि हुई है। उस व्यक्ति ने मेरे सार्वजनिक पोस्ट पर भी अश्लील टिप्पणी की है.' मैंने उन्हें समझाने की कोशिश की, लेकिन उन्होंने और भी अश्लील संदेश जारी रखे। उन्होंने मेरे दोस्तों और परिवार को भी शर्मनाक और झूठे पोस्ट में टैग किया। मैं बेहद परेशान हूं और अब शांति से सोशल मीडिया का इस्तेमाल नहीं कर पा रहा हूं।' मेरा अनुरोध है कि खाते का पता लगाया जाए और उचित कार्रवाई की जाए। मैं अपनी शिकायत के समर्थन में आवश्यक स्क्रीनशॉट संलग्न कर रहा हूं।",साइबर उत्पीड़न,फेसबुक कोई बार बार अनुचित संदेश टिप्पणी भेजना रहना । उत्पीडन पिछला महीना तारीख शुरू होना हाल ही आवृत्ति वृद्धि होना । व्यक्ति ने सार्वजनिक पोस्ट अश्लील टिप्पणी समझाना कोशिश लेकिन अश्लील संदेश जारी रखना । दोस्त परिवार शर्मनाक झूठा पोस्ट टैग । बेहद परेशान अब शान्ति सोशल मीडिया इस्तेमाल नहीं पाना रहना । अनुरोध कि खाता पता लगाना जाना उचित कार्रवाई जाना । अपना शिकायत समर्थन आवश्यक स्क्रीनशॉट संलग्न रहना ।
"मैं शिवाजी नगर स्थित अपने आवास पर अपनी सास द्वारा झेली जा रही घरेलू हिंसा की रिपोर्ट करना चाहती हूं। पिछले दो सप्ताह से शारीरिक और मानसिक शोषण जारी है। छोटी-छोटी घरेलू बातों पर अक्सर मुझे पीटा जाता है और गाली-गलौज की जाती है। उन्होंने मुझे बिना किसी सहारे के घर से बाहर निकाल देने की धमकी भी दी है. मेरे बच्चों ने ये घटनाएं देखी हैं, जिसका उन पर बुरा असर पड़ा है.' मैंने इसे शांतिपूर्ण तरीके से सुलझाने की कोशिश की है, लेकिन दुर्व्यवहार बढ़ता ही जा रहा है। मैं इस दुरुपयोग के लिए जिम्मेदार लोगों के खिलाफ सुरक्षा और कानूनी कार्रवाई का अनुरोध करता हूं। यदि आवश्यक हुआ तो मैं मेडिकल रिकॉर्ड और गवाहों के बयान उपलब्ध कराने के लिए तैयार हूं।",घरेलू हिंसा,शिवाजी नगर स्थित अपना आवास अपना सास झेलना जाना रहना घरेलू हिंसा रिपोर्ट चाहना । पिछला दो सप्ताह शारीरिक मानसिक शोषण जारी । छोटा छोटा घरेलू बात अक्सर पीटना जाना गाली गलौज जाना । बिना कोई सहारा घर बाहर निकालना देना धमकी देना बच्चा ने घटना देखना जो बुरा असर पड़ना शांतिपूर्ण तरीका सुलझाना कोशिश लेकिन दुर्व्यवहार बढना ही जाना रहना । दुरुपयोग जिम्मेदार लोग खिलाफ सुरक्षा कानूनी कार्रवाई अनुरोध । यदि आवश्यक होना मेडिकल रिकॉर्ड गवाह बयान उपलब्ध कराना तैयार ।
"मैं रिपोर्ट करना चाहता हूं कि मुझे विले पार्ले में मेरे बहनोई से गंभीर धमकियां मिली हैं। पिछले शुक्रवार से यह व्यक्ति मुझे और मेरे परिवार को नुकसान पहुंचाने की धमकी दे रहा है। अगर मैंने उनकी मांगें नहीं मानी तो उन्होंने मुझे गंभीर परिणाम भुगतने की चेतावनी दी है। धमकियाँ व्यक्तिगत रूप से और फोन कॉल दोनों पर दी गई हैं। मैं इन धमकियों के कारण अपने परिवार की सुरक्षा को लेकर बेहद चिंतित हूं।' मैंने उनकी किसी भी मांग का जवाब नहीं दिया, जिससे उनका गुस्सा और बढ़ गया है.' मैं पुलिस सुरक्षा और मुझे धमकी देने वाले व्यक्ति के खिलाफ तत्काल कार्रवाई का अनुरोध करता हूं। मैं इस शिकायत के समर्थन में कॉल रिकॉर्डिंग और गवाह विवरण प्रदान कर सकता हूं।",धमकी,रिपोर्ट चाहना कि विले पार्ले बहनोई गंभीर धमकी मिलना । पिछला शुक्रवार व्यक्ति परिवार नुकसान पहुंचाना धमकी देना रहना । अगर मांगें नहीं मानना गंभीर परिणाम भुगतना चेतावनी देना । धमकी व्यक्तिगत रूप फोन कॉल दो देना जाना । धमकी कारण अपना परिवार सुरक्षा लेना बेहद चिंतित । कोई मांग जवाब नहीं देना जो गुस्सा बढ़ना जाना पुलिस सुरक्षा धमकी देना वाला व्यक्ति खिलाफ तत्काल कार्रवाई अनुरोध । शिकायत समर्थन कॉल रिकॉर्डिंग गवाह विवरण प्रदान सकना ।
"मैं पिंपरी बस स्टॉप के पास हुई एक छेड़छाड़ की घटना की रिपोर्ट कर रहा हूं। जब मैं काम से लौट रही थी तो कुछ युवकों ने मुझे छेड़ना शुरू कर दिया और भद्दे कमेंट करने लगे। उन्होंने मेरी अनुमति के बिना मेरी तस्वीरें खींचने की भी कोशिश की. मैंने उनका विरोध किया, लेकिन उन्होंने इसे हंसी में उड़ा दिया और अपना व्यवहार जारी रखा। यह पहली बार नहीं है जब इस स्थान पर ऐसी घटनाएं हुई हैं। इसी ग्रुप के बारे में कई अन्य लड़कियों ने अनौपचारिक रूप से शिकायत की है. मैं महिलाओं की सुरक्षा सुनिश्चित करने के लिए सख्त कार्रवाई और नियमित पुलिस उपस्थिति का अनुरोध करता हूं। यदि व्यक्तियों का पता लगाया जाता है तो मैं पहचान में सहायता करने को तैयार हूं।",ईव टीज़िंग,पिंपरी बस स्टॉप पास होना छेडछाड घटना रिपोर्ट रहना । जब काम लौटना रहना कुछ युवक ने छेड़ना शुरू देना भद्दा कमेंट लगना । अनुमति बिना तस्वीर खींचना कोशिश विरोध लेकिन हँसी उड़ाना देना अपना व्यवहार जारी रखना । पहला बार नहीं जब स्थान ऐसा घटना होना । ग्रुप बारे कई अन्य लड़की ने अनौपचारिक रूप शिकायत महिला सुरक्षा सुनिश्चित सख्त कार्रवाई नियमित पुलिस उपस्थिति अनुरोध । यदि व्यक्ति पता लगाना जाना पहचान सहायता तैयार ।
"मैं रिपोर्ट करना चाहती हूं कि एक डेटिंग ऐप के जरिए मुझे ऑनलाइन परेशान किया जा रहा है। एक अज्ञात यूजर 15 जुलाई से मुझे अपमानजनक और धमकी भरे संदेश भेज रहा है। उन्होंने मेरी सहमति के बिना मेरी तस्वीरों का उपयोग करके एक फर्जी प्रोफ़ाइल भी बनाई है। यह व्यक्ति मेरे दोस्तों और रिश्तेदारों को मेरे बारे में आपत्तिजनक सामग्री वाले संदेश भेज रहा है। मैंने खाते को ब्लॉक करने का प्रयास किया है, लेकिन नए नकली खाते सामने आते रहते हैं। इस ऑनलाइन उत्पीड़न के कारण मुझे बहुत तनाव और शर्मिंदगी उठानी पड़ रही है। मैं साइबर क्राइम सेल से अनुरोध करता हूं कि खाते का पता लगाया जाए और सख्त कार्रवाई की जाए। मैं उत्पीड़न के सबूत के रूप में स्क्रीनशॉट और चैट इतिहास साझा कर सकता हूं।",साइबर उत्पीड़न,रिपोर्ट चाहना कि डेटिंग ऐप जरिये ऑनलाइन परेशान जाना रहना । अज्ञात यूजर जुलाई अपमानजनक धमकी भरना संदेश भेजना रहना । सहमति बिना तस्वीर उपयोग फर्जी प्रोफाइल बनाना । व्यक्ति दोस्त रिश्तेदार बारे आपत्तिजनक सामग्री वाला संदेश भेजना रहना । खाता ब्लॉक प्रयास लेकिन नया नकली खाता सामने आना रहना । ऑनलाइन उत्पीडन कारण बहुत तनाव शर्मिंदगी उठाना पड़ना रहना । साइबर क्राइम सेल अनुरोध कि खाता पता लगाना जाना सख्त कार्रवाई जाना । उत्पीडन सबूत रूप स्क्रीनशॉट चैट इतिहास साझा सकना ।
"मैं ठाणे में टूटी हुई स्ट्रीट लाइट और क्षतिग्रस्त फुटपाथ की रिपोर्ट करना चाहता हूं जिससे सुरक्षा संबंधी समस्याएं पैदा हो रही हैं। यह समस्या बिना किसी मरम्मत कार्य के पिछले महीने की 10 तारीख से बनी हुई है। इस इलाके में बुजुर्गों और बच्चों को सुरक्षित चलने में काफी दिक्कत होती है। बारिश के दौरान इलाके में पानी भर जाता है, जिससे गिरने का खतरा बढ़ जाता है। यहां लोगों के फिसलने और घायल होने की कुछ घटनाएं हो चुकी हैं। मैं अन्य निवासियों के साथ इस सार्वजनिक बुनियादी ढांचे की तत्काल मरम्मत का अनुरोध करता हूं। इससे रोजाना गुजरने वाले राहगीरों और वाहनों को लगातार खतरा बना हुआ है। मैं इस मामले को सुलझाने के लिए नगर निगम अधिकारियों से त्वरित कार्रवाई का अनुरोध करता हूं।",सार्वजनिक सुरक्षा,ठाणे टूटी होना स्ट्रीट लाइट क्षतिग्रस्त फुटपाथ रिपोर्ट चाहना जो सुरक्षा संबंधी समस्या पैदा होना रहना । समस्या बिना कोई मरम्मत कार्य पिछला महीना तारीख बनना होना । इलाका बुजुर्ग बच्चा सुरक्षित चलना काफी दिक्कत होना । बारिश दौरान इलाका पानी भरना जाना जो गिरना खतरा बढ़ना जाना । यहाँ लोग फिसलना घायल होना कुछ घटना होना चुकना । अन्य निवासी साथ सार्वजनिक बुनियादी ढांचा तत्काल मरम्मत अनुरोध । रोजाना गुजरना वाला राहगीर वाहन लगातार खतरा बनना होना । मामला सुलझाना नगर निगम अधिकारी त्वरित कार्रवाई अनुरोध ।
"मैं शिवाजी नगर में हुई अपनी पत्नी के हैंडबैग की चोरी की रिपोर्ट दर्ज कराना चाहता हूं। यह घटना तब हुई जब मैं काम से लौट रहा था, मुख्य बाजार क्षेत्र के पास। जब मुझे एहसास हुआ कि यह गायब है, तो मैंने तुरंत आसपास की जाँच की लेकिन कुछ नहीं मिला। मुझे संदेह है कि इसे किसी ऐसे व्यक्ति ने चुराया है जो कुछ समय से मेरा पीछा कर रहा था। चोरी गए सामान की अनुमानित कीमत करीब तीन लाख रुपये है। 75,000. मैंने स्थानीय दुकानदारों को पहले ही सूचित कर दिया है कि उन्हें कुछ भी असामान्य दिखे। मैं पुलिस से मामले की जांच करने और मेरा सामान बरामद करने में मदद करने का अनुरोध करता हूं। यदि उपलब्ध हो तो मैं कोई भी अतिरिक्त विवरण या सीसीटीवी फुटेज स्थान प्रदान करने के लिए तैयार हूं।",चोरी,शिवाजी नगर होना अपना पत्नी हैंडबैग चोरी रिपोर्ट दर्ज कराना चाहना । घटना तब होना जब काम लौटना रहना मुख्य बाजार क्षेत्र पास। जब एहसास होना कि गायब तुरंत आसपास जाँच लेकिन कुछ नहीं मिलना । संदेह कि कोई ऐसा व्यक्ति ने चुराना जो कुछ समय पीछा रहना । चोरी जाना सामान अनुमानित कीमत करीब तीन लाख रुपया । स्थानीय दुकानदार पहले ही सूचित देना कि कुछ असामान्य दिखना । पुलिस मामला जांच सामान बरामद मदद अनुरोध । यदि उपलब्ध होना कोई अतिरिक्त विवरण सीसीटीवी फुटेज स्थान प्रदान तैयार ।
"मैं दादर में रहने वाले अपने सहपाठी द्वारा मुझे दी गई धमकियों के संबंध में शिकायत दर्ज करा रहा हूं। धमकियां कुछ दिन पहले हमारे बीच मामूली विवाद के बाद शुरू हुईं। उन्होंने मुझे बोलने पर हमला करने और मेरी संपत्ति को नुकसान पहुंचाने की धमकी दी है। इससे मेरे और मेरे परिवार के सदस्यों में काफी डर और चिंता पैदा हो गई है। मैंने किसी भी टकराव से परहेज किया है, लेकिन धमकियां इसकी परवाह किए बिना जारी हैं। इलाके के पड़ोसियों को भी तनाव की जानकारी है और वे इसकी पुष्टि कर सकते हैं. मेरा अनुरोध है कि मेरी सुरक्षा सुनिश्चित करने के लिए उचित कानूनी कार्रवाई की जाए। धमकियों की गंभीर प्रकृति को देखते हुए कृपया इस मामले पर तत्परता से विचार करें।",धमकी,दादर रहना वाला अपना सहपाठी देना जाना धमकी संबंध शिकायत दर्ज रहना । धमकी कुछ दिन पहले बीच मामूली विवाद बाद शुरू होना । बोलना हमला संपत्ति नुकसान पहुंचाना धमकी देना । परिवार सदस्य काफी डर चिंता पैदा होना जाना । कोई टकराव परहेज लेकिन धमकी परवाह बिना जारी । इलाका पड़ोसी तनाव जानकारी पुष्टि सकना अनुरोध कि सुरक्षा सुनिश्चित उचित कानूनी कार्रवाई जाना धमकी गंभीर प्रकृति देखना होना कृपया मामला तत्परता विचार ।
"मैं रिपोर्ट करना चाहता हूं कि एक अज्ञात व्यक्ति एक अज्ञात फोन नंबर का उपयोग करके मुझे ब्लैकमेल कर रहा है। 2 अगस्त से इस व्यक्ति ने मेरी निजी तस्वीरें और जानकारी लीक करने की धमकी दी है। वे रुपये की मांग कर रहे हैं. सामग्री को सार्वजनिक न करने के बदले में 75,000 रु. मैंने पैसे देने से इनकार कर दिया है, जिसके बाद धमकियां और भी बढ़ गई हैं. इस ब्लैकमेल से मुझे गंभीर मानसिक तनाव और सामाजिक शर्मिंदगी का डर सता रहा है। मैंने सभी चैट वार्तालाप और स्क्रीनशॉट को साक्ष्य के रूप में सहेजा है। मैं साइबर अपराध विभाग से जांच करने और सख्त कार्रवाई करने का अनुरोध करता हूं।' मैं यह सुनिश्चित करने के लिए पूरा सहयोग करने को तैयार हूं कि इस व्यक्ति को जवाबदेह ठहराया जाए।",ब्लैकमेल,रिपोर्ट चाहना कि अज्ञात व्यक्ति अज्ञात फोन नंबर उपयोग ब्लैकमेल रहना । अगस्त व्यक्ति ने निजी तस्वीर जानकारी लीक धमकी देना । रुपया मांग रहना सामग्री सार्वजनिक न बदले रु पैसा देना इनकार देना जो बाद धमकी बढ़ना जाना ब्लैकमेल गंभीर मानसिक तनाव सामाजिक शर्मिंदगी डर सताना रहना । सभी चैट वार्तालाप स्क्रीनशॉट साक्ष्य रूप सहेजना । साइबर अपराध विभाग जांच सख्त कार्रवाई अनुरोध । सुनिश्चित पूरा सहयोग तैयार कि व्यक्ति जवाबदेह ठहराना जाना ।
"मैं रिपोर्ट करना चाहती हूं कि एक डेटिंग ऐप के जरिए मुझे ऑनलाइन परेशान किया जा रहा है। कुछ दिनों पहले से एक अज्ञात यूजर मुझे अपमानजनक और धमकी भरे संदेश भेज रहा है। उन्होंने मेरी सहमति के बिना मेरी तस्वीरों का उपयोग करके एक फर्जी प्रोफ़ाइल भी बनाई है। यह व्यक्ति मेरे दोस्तों और रिश्तेदारों को मेरे बारे में आपत्तिजनक सामग्री वाले संदेश भेज रहा है। मैंने खाते को ब्लॉक करने का प्रयास किया है, लेकिन नए नकली खाते सामने आते रहते हैं। इस ऑनलाइन उत्पीड़न के कारण मुझे बहुत तनाव और शर्मिंदगी उठानी पड़ रही है। मैं साइबर क्राइम सेल से अनुरोध करता हूं कि खाते का पता लगाया जाए और सख्त कार्रवाई की जाए। मैं उत्पीड़न के सबूत के रूप में स्क्रीनशॉट और चैट इतिहास साझा कर सकता हूं।",साइबर उत्पीड़न,रिपोर्ट चाहना कि डेटिंग ऐप जरिये ऑनलाइन परेशान जाना रहना । कुछ दिन पहले अज्ञात यूजर अपमानजनक धमकी भरना संदेश भेजना रहना । सहमति बिना तस्वीर उपयोग फर्जी प्रोफाइल बनाना । व्यक्ति दोस्त रिश्तेदार बारे आपत्तिजनक सामग्री वाला संदेश भेजना रहना । खाता ब्लॉक प्रयास लेकिन नया नकली खाता सामने आना रहना । ऑनलाइन उत्पीडन कारण बहुत तनाव शर्मिंदगी उठाना पड़ना रहना । साइबर क्राइम सेल अनुरोध कि खाता पता लगाना जाना सख्त कार्रवाई जाना । उत्पीडन सबूत रूप स्क्रीनशॉट चैट इतिहास साझा सकना ।
"मैं रिपोर्ट करना चाहता हूं कि मुझे चिंचवड़ में अपने पूर्व साथी से गंभीर धमकियां मिली हैं। 22 जून से यह व्यक्ति मुझे और मेरे परिवार को नुकसान पहुंचाने की धमकी दे रहा है। अगर मैंने उनकी मांगें नहीं मानी तो उन्होंने मुझे गंभीर परिणाम भुगतने की चेतावनी दी है। धमकियाँ व्यक्तिगत रूप से और फोन कॉल दोनों पर दी गई हैं। मैं इन धमकियों के कारण अपने परिवार की सुरक्षा को लेकर बेहद चिंतित हूं।' मैंने उनकी किसी भी मांग का जवाब नहीं दिया, जिससे उनका गुस्सा और बढ़ गया है.' मैं पुलिस सुरक्षा और मुझे धमकी देने वाले व्यक्ति के खिलाफ तत्काल कार्रवाई का अनुरोध करता हूं। मैं इस शिकायत के समर्थन में कॉल रिकॉर्डिंग और गवाह विवरण प्रदान कर सकता हूं।",धमकी,रिपोर्ट चाहना कि चिंचवड अपना पूर्व साथी गंभीर धमकी मिलना । जून व्यक्ति परिवार नुकसान पहुंचाना धमकी देना रहना । अगर मांगें नहीं मानना गंभीर परिणाम भुगतना चेतावनी देना । धमकी व्यक्तिगत रूप फोन कॉल दो देना जाना । धमकी कारण अपना परिवार सुरक्षा लेना बेहद चिंतित । कोई मांग जवाब नहीं देना जो गुस्सा बढ़ना जाना पुलिस सुरक्षा धमकी देना वाला व्यक्ति खिलाफ तत्काल कार्रवाई अनुरोध । शिकायत समर्थन कॉल रिकॉर्डिंग गवाह विवरण प्रदान सकना ।
"मैं रिपोर्ट करना चाहता हूं कि मुझे शिवाजी नगर में लड़कों के एक समूह से गंभीर धमकियां मिली हैं। पिछले महीने की 10 तारीख से यह व्यक्ति मुझे और मेरे परिवार को नुकसान पहुंचाने की धमकी दे रहा है. अगर मैंने उनकी मांगें नहीं मानी तो उन्होंने मुझे गंभीर परिणाम भुगतने की चेतावनी दी है। धमकियाँ व्यक्तिगत रूप से और फोन कॉल दोनों पर दी गई हैं। मैं इन धमकियों के कारण अपने परिवार की सुरक्षा को लेकर बेहद चिंतित हूं।' मैंने उनकी किसी भी मांग का जवाब नहीं दिया, जिससे उनका गुस्सा और बढ़ गया है.' मैं पुलिस सुरक्षा और मुझे धमकी देने वाले व्यक्ति के खिलाफ तत्काल कार्रवाई का अनुरोध करता हूं। मैं इस शिकायत के समर्थन में कॉल रिकॉर्डिंग और गवाह विवरण प्रदान कर सकता हूं।",धमकी,रिपोर्ट चाहना कि शिवाजी नगर लड़का समूह गंभीर धमकी मिलना । पिछला महीना तारीख व्यक्ति परिवार नुकसान पहुंचाना धमकी देना रहना अगर मांगें नहीं मानना गंभीर परिणाम भुगतना चेतावनी देना । धमकी व्यक्तिगत रूप फोन कॉल दो देना जाना । धमकी कारण अपना परिवार सुरक्षा लेना बेहद चिंतित । कोई मांग जवाब नहीं देना जो गुस्सा बढ़ना जाना पुलिस सुरक्षा धमकी देना वाला व्यक्ति खिलाफ तत्काल कार्रवाई अनुरोध । शिकायत समर्थन कॉल रिकॉर्डिंग गवाह विवरण प्रदान सकना ।
"मैं रिपोर्ट करना चाहती हूं कि मुझे नासिक रोड में मेरे पति से गंभीर धमकियां मिली हैं। 22 जून से यह व्यक्ति मुझे और मेरे परिवार को नुकसान पहुंचाने की धमकी दे रहा है। अगर मैंने उनकी मांगें नहीं मानी तो उन्होंने मुझे गंभीर परिणाम भुगतने की चेतावनी दी है। धमकियाँ व्यक्तिगत रूप से और फोन कॉल दोनों पर दी गई हैं। मैं इन धमकियों के कारण अपने परिवार की सुरक्षा को लेकर बेहद चिंतित हूं।' मैंने उनकी किसी भी मांग का जवाब नहीं दिया, जिससे उनका गुस्सा और बढ़ गया है.' मैं पुलिस सुरक्षा और मुझे धमकी देने वाले व्यक्ति के खिलाफ तत्काल कार्रवाई का अनुरोध करता हूं। मैं इस शिकायत के समर्थन में कॉल रिकॉर्डिंग और गवाह विवरण प्रदान कर सकता हूं।",धमकी,रिपोर्ट चाहना कि नासिक रोड पति गंभीर धमकी मिलना । जून व्यक्ति परिवार नुकसान पहुंचाना धमकी देना रहना । अगर मांगें नहीं मानना गंभीर परिणाम भुगतना चेतावनी देना । धमकी व्यक्तिगत रूप फोन कॉल दो देना जाना । धमकी कारण अपना परिवार सुरक्षा लेना बेहद चिंतित । कोई मांग जवाब नहीं देना जो गुस्सा बढ़ना जाना पुलिस सुरक्षा धमकी देना वाला व्यक्ति खिलाफ तत्काल कार्रवाई अनुरोध । शिकायत समर्थन कॉल रिकॉर्डिंग गवाह विवरण प्रदान सकना ।
"मैं नागपुर शहर में देखी गई एक संदिग्ध गतिविधि की रिपोर्ट करना चाहता हूं। 2 अगस्त से, अज्ञात व्यक्ति अजीब समय पर परित्यक्त इमारत के पास इकट्ठा हो रहे हैं। निवासियों को संदेह है कि रात में वहां कुछ अवैध गतिविधि हो सकती है। उस स्थान से तेज़ आवाज़ें और कभी-कभार बहसें सुनाई देती रही हैं। इससे आसपास रहने वाले परिवारों में सुरक्षा संबंधी चिंताएं बढ़ गई हैं। स्थानीय वार्ड कार्यालय को सूचित करने के बावजूद कोई आधिकारिक कार्रवाई नहीं की गई है। मैं अधिकारियों से इस मामले की जांच करने और निवासियों की सुरक्षा सुनिश्चित करने का अनुरोध करता हूं। यदि आवश्यक हुआ तो मैं अधिक विवरण प्रदान करने या अधिकारियों के साथ जाने को तैयार हूं।",अन्य,नागपुर शहर देखना जाना संदिग्ध गतिविधि रिपोर्ट चाहना । अगस्त अज्ञात व्यक्ति अजीब समय परित्यक्त इमारत पास इकट्ठा होना रहना । निवासी संदेह कि रात वहाँ कुछ अवैध गतिविधि होना सकना । स्थान तेज आवाज कभी कभार बहस सुनाना देना रहना । आसपास रहना वाला परिवार सुरक्षा संबंधी चिंता बढ़ना जाना । स्थानीय वार्ड कार्यालय सूचित बावजूद कोई आधिकारिक कार्रवाई नहीं जाना । अधिकारी मामला जांच निवासी सुरक्षा सुनिश्चित अनुरोध । यदि आवश्यक होना अधिक विवरण प्रदान अधिकारी साथ जाना तैयार ।
मैं पिंपरी में हुई छेड़छाड़ की एक घटना की रिपोर्ट करना चाहता हूं। आज सुबह-सुबह जब मैं पैदल जा रही थी तो बाइक पर सवार दो लोगों ने मुझ पर अश्लील टिप्पणियां कीं। उन्होंने सीटियां भी बजाईं और मेरे और मेरे दोस्त की ओर अनुचित इशारे भी किए। जब मैंने उन्हें नज़रअंदाज कर दूर जाने की कोशिश की तो उन्होंने कुछ दूर तक पीछा किया। इस तरह के व्यवहार से मुझे अकेले यात्रा करते समय असुरक्षित महसूस होने लगा है। क्षेत्र की अन्य महिलाओं को भी उसी स्थान पर इसी तरह के उत्पीड़न का सामना करना पड़ा है। मैं ऐसी घटनाओं को रोकने के लिए इस क्षेत्र में पुलिस गश्त बढ़ाने का अनुरोध करता हूं। यदि लाइन-अप या सीसीटीवी समीक्षा की व्यवस्था की जाती है तो मैं व्यक्तियों की पहचान करने के लिए तैयार हूं।,ईव टीज़िंग,पिंपरी होना छेडछाड घटना रिपोर्ट चाहना । आज सुबह सुबह जब पैदल जाना रहना बाइक सवार दो लोग ने अश्लील टिप्पणी कीं।ना सीटी बजाना दोस्त ओर अनुचित इशारा । जब नजरअंदाज दूर जाना कोशिश कुछ दूर पीछा । तरह व्यवहार अकेला यात्रा समय असुरक्षित महसूस होना लगाना । क्षेत्र अन्य महिला स्थान तरह उत्पीडन सामना पड़ना । ऐसा घटना रोकना क्षेत्र पुलिस गश्त बढ़ाना अनुरोध । यदि लाइन अप सीसीटीवी समीक्षा व्यवस्था जाना व्यक्ति पहचान तैयार ।
"मैं रिपोर्ट करना चाहता हूं कि मुझे कोथरुड में अपने बहनोई से गंभीर धमकियां मिली हैं। 2 अगस्त से यह व्यक्ति मुझे और मेरे परिवार को नुकसान पहुंचाने की धमकी दे रहा है। अगर मैंने उनकी मांगें नहीं मानी तो उन्होंने मुझे गंभीर परिणाम भुगतने की चेतावनी दी है। धमकियाँ व्यक्तिगत रूप से और फोन कॉल दोनों पर दी गई हैं। मैं इन धमकियों के कारण अपने परिवार की सुरक्षा को लेकर बेहद चिंतित हूं।' मैंने उनकी किसी भी मांग का जवाब नहीं दिया, जिससे उनका गुस्सा और बढ़ गया है.' मैं पुलिस सुरक्षा और मुझे धमकी देने वाले व्यक्ति के खिलाफ तत्काल कार्रवाई का अनुरोध करता हूं। मैं इस शिकायत के समर्थन में कॉल रिकॉर्डिंग और गवाह विवरण प्रदान कर सकता हूं।",धमकी,रिपोर्ट चाहना कि कोथरुड अपना बहनोई गंभीर धमकी मिलना । अगस्त व्यक्ति परिवार नुकसान पहुंचाना धमकी देना रहना । अगर मांगें नहीं मानना गंभीर परिणाम भुगतना चेतावनी देना । धमकी व्यक्तिगत रूप फोन कॉल दो देना जाना । धमकी कारण अपना परिवार सुरक्षा लेना बेहद चिंतित । कोई मांग जवाब नहीं देना जो गुस्सा बढ़ना जाना पुलिस सुरक्षा धमकी देना वाला व्यक्ति खिलाफ तत्काल कार्रवाई अनुरोध । शिकायत समर्थन कॉल रिकॉर्डिंग गवाह विवरण प्रदान सकना ।
मैं घर में लगातार घरेलू दुर्व्यवहार के लिए अपने पति के खिलाफ यह शिकायत दर्ज करा रही हूं। कुछ दिन पहले से मेरे साथ मारपीट और उत्पीड़न किया जा रहा है। मुझे बुनियादी ज़रूरतों से भी वंचित कर दिया जाता है और बिना कारण घर तक सीमित कर दिया जाता है। जब भी मैं बोलने की कोशिश करता हूं तो बार-बार हिंसा की धमकियां मिलती रहती हैं। मेरे रिश्तेदार स्थिति से अवगत हैं और दुर्व्यवहार की गवाही दे सकते हैं। मुझे अपनी सुरक्षा और मेरे साथ रहने वाले मेरे बच्चों की सुरक्षा का डर है। मैं कानून के तहत तत्काल सुरक्षा और उचित कानूनी कार्रवाई का अनुरोध करता हूं। कृपया मेरी स्थिति के लिए उपलब्ध आश्रय और कानूनी सहायता के संबंध में मेरा मार्गदर्शन करें।,घरेलू हिंसा,घर लगातार घरेलू दुर्व्यवहार अपना पति खिलाफ शिकायत दर्ज रहना । कुछ दिन पहले साथ मारपीट उत्पीडन जाना रहना । बुनियादी ज़रूरत वंचित देना जाना बिना कारण घर सीमित देना जाना । जब बोलना कोशिश बार बार हिंसा धमकी मिलना रहना । रिश्तेदार स्थिति अवगत दुर्व्यवहार गवाही देना सकना । अपना सुरक्षा साथ रहना वाला बच्चा सुरक्षा डर । कानून तहत तत्काल सुरक्षा उचित कानूनी कार्रवाई अनुरोध । कृपया स्थिति उपलब्ध आश्रय कानूनी सहायता संबंध मार्गदर्शन ।
"मैं दादर में सड़कों की स्थिति के संबंध में सार्वजनिक सुरक्षा चिंता उठाना चाहता हूं। मुख्य सड़क के पास एक खुला मैनहोल है जिसे 2 अगस्त से खुला रखा गया है। इस स्थान पर पहले भी कई दोपहिया वाहन चालक छोटी-मोटी दुर्घटना का शिकार हो चुके हैं। खतरनाक क्षेत्र के आसपास कोई चेतावनी संकेत या बैरिकेड्स नहीं लगाए गए हैं। रात के समय खराब स्ट्रीट लाइट के कारण हादसों का खतरा और भी बढ़ जाता है। स्थानीय निवासी पहले भी यह मुद्दा उठा चुके हैं, लेकिन कोई कार्रवाई नहीं हुई। मैं संबंधित अधिकारियों से मैनहोल की मरम्मत करने और उचित रोशनी सुनिश्चित करने का अनुरोध करता हूं। यह एक गंभीर सार्वजनिक सुरक्षा ख़तरा है जिस पर तत्काल ध्यान देने की आवश्यकता है।",सार्वजनिक सुरक्षा,दादर सड़क स्थिति संबंध सार्वजनिक सुरक्षा चिंता उठाना चाहना । मुख्य सड़क पास खुला मैनहोल जो अगस्त खुलना रखना जाना । स्थान पहले कई दोपहिया वाहन चालक छोटा मोटा दुर्घटना शिकार होना चुकना । खतरनाक क्षेत्र आसपास कोई चेतावनी संकेत बैरिकेड्स नहीं लगाना जाना । रात समय खराब स्ट्रीट लाइट कारण हादसा खतरा बढ़ना जाना । स्थानीय निवासी पहले मुद्दा उठाना चुकना लेकिन कोई कार्रवाई नहीं होना । संबंधित अधिकारी मैनहोल मरम्मत उचित रोशनी सुनिश्चित अनुरोध । गंभीर सार्वजनिक सुरक्षा खतरा जो तत्काल ध्यान देना आवश्यकता ।
"मैं सदर बाज़ार में देखी गई एक संदिग्ध गतिविधि की रिपोर्ट करना चाहता हूँ। पिछले शुक्रवार से, अज्ञात व्यक्ति विषम समय में परित्यक्त इमारत के पास इकट्ठा हो रहे हैं। निवासियों को संदेह है कि रात में वहां कुछ अवैध गतिविधि हो सकती है। उस स्थान से तेज़ आवाज़ें और कभी-कभार बहसें सुनाई देती रही हैं। इससे आसपास रहने वाले परिवारों में सुरक्षा संबंधी चिंताएं बढ़ गई हैं। स्थानीय वार्ड कार्यालय को सूचित करने के बावजूद कोई आधिकारिक कार्रवाई नहीं की गई है। मैं अधिकारियों से इस मामले की जांच करने और निवासियों की सुरक्षा सुनिश्चित करने का अनुरोध करता हूं। यदि आवश्यक हुआ तो मैं अधिक विवरण प्रदान करने या अधिकारियों के साथ जाने को तैयार हूं।",अन्य,सदर बाजार देखना जाना संदिग्ध गतिविधि रिपोर्ट चाहना । पिछला शुक्रवार अज्ञात व्यक्ति विषम समय परित्यक्त इमारत पास इकट्ठा होना रहना । निवासी संदेह कि रात वहाँ कुछ अवैध गतिविधि होना सकना । स्थान तेज आवाज कभी कभार बहस सुनाना देना रहना । आसपास रहना वाला परिवार सुरक्षा संबंधी चिंता बढ़ना जाना । स्थानीय वार्ड कार्यालय सूचित बावजूद कोई आधिकारिक कार्रवाई नहीं जाना । अधिकारी मामला जांच निवासी सुरक्षा सुनिश्चित अनुरोध । यदि आवश्यक होना अधिक विवरण प्रदान अधिकारी साथ जाना तैयार ।
मैं खराडी में पास के एक दुकानदार द्वारा पीछा किए जाने के संबंध में शिकायत दर्ज करना चाहता हूं। 15 जुलाई से यह शख्स लगभग हर दिन मेरा पीछा कर रहा है. जब मैं बाज़ार से वापस आ रहा था तो मैंने देखा कि वही व्यक्ति फिर से मेरे घर के बाहर इंतज़ार कर रहा था। वे भी मेरे पीछे-पीछे मेरे कार्यस्थल तक आते हैं और गेट के पास इंतजार करते हैं। मैंने देखा है कि एक ही वाहन कई बार मेरे ऑटो-रिक्शा का पीछा कर रहा है। इस निरंतर अनुसरण ने मुझे अपनी सुरक्षा के लिए अत्यधिक चिंतित और भयभीत कर दिया है। मैं पुलिस से जांच करने और इस व्यक्ति को मेरा पीछा करने से रोकने का अनुरोध करता हूं। मैं उस व्यक्ति की पहचान करने और जरूरत पड़ने पर और विवरण प्रदान करने को तैयार हूं।,स्टॉकिंग,खराडी पास दुकानदार पीछा जाना संबंध शिकायत दर्ज चाहना । जुलाई शख्स लगभग हर दिन पीछा रहना जब बाजार वापस आना रहना देखना कि व्यक्ति फिर घर बाहर इंतजार रहना । पीछे पीछे कार्यस्थल आना गेट पास इंतजार । देखना कि ही वाहन कई बार ऑटो रिक्शा पीछा रहना । निरन्तर अनुसरण ने अपना सुरक्षा अत्यधिक चिंतित भयभीत देना । पुलिस जांच व्यक्ति पीछा रोकना अनुरोध । व्यक्ति पहचान जरूरत पड़ना विवरण प्रदान तैयार ।
"मैं चिंचवड़ में देखी गई एक संदिग्ध गतिविधि की रिपोर्ट करना चाहता हूं। पिछले महीने की 10 तारीख से, अज्ञात व्यक्ति अजीब समय पर परित्यक्त इमारत के पास इकट्ठा हो रहे हैं। निवासियों को संदेह है कि रात में वहां कुछ अवैध गतिविधि हो सकती है। उस स्थान से तेज़ आवाज़ें और कभी-कभार बहसें सुनाई देती रही हैं। इससे आसपास रहने वाले परिवारों में सुरक्षा संबंधी चिंताएं बढ़ गई हैं। स्थानीय वार्ड कार्यालय को सूचित करने के बावजूद कोई आधिकारिक कार्रवाई नहीं की गई है। मैं अधिकारियों से इस मामले की जांच करने और निवासियों की सुरक्षा सुनिश्चित करने का अनुरोध करता हूं। यदि आवश्यक हुआ तो मैं अधिक विवरण प्रदान करने या अधिकारियों के साथ जाने को तैयार हूं।",अन्य,चिंचवड देखना जाना संदिग्ध गतिविधि रिपोर्ट चाहना । पिछला महीना तारीख अज्ञात व्यक्ति अजीब समय परित्यक्त इमारत पास इकट्ठा होना रहना । निवासी संदेह कि रात वहाँ कुछ अवैध गतिविधि होना सकना । स्थान तेज आवाज कभी कभार बहस सुनाना देना रहना । आसपास रहना वाला परिवार सुरक्षा संबंधी चिंता बढ़ना जाना । स्थानीय वार्ड कार्यालय सूचित बावजूद कोई आधिकारिक कार्रवाई नहीं जाना । अधिकारी मामला जांच निवासी सुरक्षा सुनिश्चित अनुरोध । यदि आवश्यक होना अधिक विवरण प्रदान अधिकारी साथ जाना तैयार ।
मैं घर में लगातार घरेलू दुर्व्यवहार के लिए अपने पति के खिलाफ यह शिकायत दर्ज करा रही हूं। 18 तारीख से मुझ पर शारीरिक हमला और उत्पीड़न किया जा रहा है। मुझे बुनियादी ज़रूरतों से भी वंचित कर दिया जाता है और बिना कारण घर तक सीमित कर दिया जाता है। जब भी मैं बोलने की कोशिश करता हूं तो बार-बार हिंसा की धमकियां मिलती रहती हैं। मेरे रिश्तेदार स्थिति से अवगत हैं और दुर्व्यवहार की गवाही दे सकते हैं। मुझे अपनी सुरक्षा और मेरे साथ रहने वाले मेरे बच्चों की सुरक्षा का डर है। मैं कानून के तहत तत्काल सुरक्षा और उचित कानूनी कार्रवाई का अनुरोध करता हूं। कृपया मेरी स्थिति के लिए उपलब्ध आश्रय और कानूनी सहायता के संबंध में मेरा मार्गदर्शन करें।,घरेलू हिंसा,घर लगातार घरेलू दुर्व्यवहार अपना पति खिलाफ शिकायत दर्ज रहना । तारीख शारीरिक हमला उत्पीडन जाना रहना । बुनियादी ज़रूरत वंचित देना जाना बिना कारण घर सीमित देना जाना । जब बोलना कोशिश बार बार हिंसा धमकी मिलना रहना । रिश्तेदार स्थिति अवगत दुर्व्यवहार गवाही देना सकना । अपना सुरक्षा साथ रहना वाला बच्चा सुरक्षा डर । कानून तहत तत्काल सुरक्षा उचित कानूनी कार्रवाई अनुरोध । कृपया स्थिति उपलब्ध आश्रय कानूनी सहायता संबंध मार्गदर्शन ।
"मैं सदर बाजार में अपने पति द्वारा पीछा किए जाने के संबंध में शिकायत दर्ज कराना चाहती हूं। 2 अगस्त से यह व्यक्ति लगभग हर दिन मेरा पीछा कर रहा है। आधी रात के आसपास, मैंने देखा कि वही व्यक्ति फिर से मेरे घर के बाहर इंतज़ार कर रहा था। वे भी मेरे पीछे-पीछे मेरे कार्यस्थल तक आते हैं और गेट के पास इंतजार करते हैं। मैंने देखा है कि एक ही वाहन कई बार मेरे ऑटो-रिक्शा का पीछा कर रहा है। इस निरंतर अनुसरण ने मुझे अपनी सुरक्षा के लिए अत्यधिक चिंतित और भयभीत कर दिया है। मैं पुलिस से जांच करने और इस व्यक्ति को मेरा पीछा करने से रोकने का अनुरोध करता हूं। मैं उस व्यक्ति की पहचान करने और जरूरत पड़ने पर और विवरण प्रदान करने को तैयार हूं।",स्टॉकिंग,सदर बाजार अपना पति पीछा जाना संबंध शिकायत दर्ज कराना चाहना । अगस्त व्यक्ति लगभग हर दिन पीछा रहना । आधा रात आसपास देखना कि व्यक्ति फिर घर बाहर इंतजार रहना । पीछे पीछे कार्यस्थल आना गेट पास इंतजार । देखना कि ही वाहन कई बार ऑटो रिक्शा पीछा रहना । निरन्तर अनुसरण ने अपना सुरक्षा अत्यधिक चिंतित भयभीत देना । पुलिस जांच व्यक्ति पीछा रोकना अनुरोध । व्यक्ति पहचान जरूरत पड़ना विवरण प्रदान तैयार ।
बोरीवली में रहने वाले मेरे मकान मालिक द्वारा मुझे और मेरे परिवार को परेशान किया जा रहा है। पिछले एक महीने से उत्पीड़न जारी है। जब भी वे मुझे देखते हैं तो भद्दे कमेंट करते हैं और परेशानी पैदा करने की कोशिश करते हैं। पिछले सप्ताह स्थिति तब और खराब हो गई जब उन्होंने मुझसे सीधे तौर पर सामना किया। इस लगातार उत्पीड़न के कारण मैं काम पर जाने में असुरक्षित महसूस करती हूं। मेरे परिवार के सदस्यों ने भी कई मौकों पर इस व्यवहार को देखा है। मैं तत्काल हस्तक्षेप का अनुरोध करता हूं ताकि यह उत्पीड़न स्थायी रूप से बंद हो जाए। कृपया मेरी शिकायत दर्ज कर आवश्यक कानूनी कार्रवाई करें।,उत्पीड़न,बोरीवली रहना वाला मकान मालिक परिवार परेशान जाना रहना । पिछला महीना उत्पीडन जारी । जब देखना भद्दा कमेंट परेशानी पैदा कोशिश । पिछला सप्ताह स्थिति तब खराब होना जाना जब सीधा तौर सामना । लगातार उत्पीडन कारण काम जाना असुरक्षित महसूस । परिवार सदस्य ने कई मौका व्यवहार देखना । तत्काल हस्तक्षेप अनुरोध ताकि उत्पीडन स्थायी रूप बंद होना जाना । कृपया शिकायत दर्ज आवश्यक कानूनी कार्रवाई ।
"मुझे लड़कों के एक समूह द्वारा ब्लैकमेल किया जा रहा है जो मेरे बारे में निजी जानकारी उजागर करने की धमकी दे रहा है। ब्लैकमेल की कोशिशें 15 जुलाई को एक फर्जी ईमेल आईडी पर संदेशों के जरिए शुरू हुईं। वे रुपये मांग रहे हैं. 50,000 न देने पर वे मुझे सार्वजनिक रूप से बदनाम करने की धमकी देते हैं। मैंने अब तक उनकी कोई भी मांग नहीं मानी है।' लगातार मिल रही इन धमकियों से मानसिक दबाव असहनीय होता जा रहा है। मैंने इस मामले से जुड़े सभी मैसेज और कॉल का रिकॉर्ड रखा है.' मैं इस ब्लैकमेल को रोकने और मेरी गोपनीयता की रक्षा के लिए तत्काल कार्रवाई का अनुरोध करता हूं। कृपया सलाह दें कि मैं इस व्यक्ति के खिलाफ क्या कानूनी कदम उठा सकता हूं।",ब्लैकमेल,लड़का समूह ब्लैकमेल जाना रहना जो बारे निजी जानकारी उजागर धमकी देना रहना । ब्लैकमेल कोशिश जुलाई फर्जी ईमेल आईडी संदेश जरिये शुरू होना । रुपया मांगना रहना न देना सार्वजनिक रूप बदनाम धमकी देना । अब कोई मांग नहीं मानना । लगातार मिलना रहना धमकी मानसिक दबाव असहनीय होना जाना रहना । मामला जुडना सभी मैसेज कॉल रिकॉर्ड रखना ब्लैकमेल रोकना गोपनीयता रक्षा तत्काल कार्रवाई अनुरोध । कृपया सलाह देना कि व्यक्ति खिलाफ क्या कानूनी कदम उठाना सकना ।
"मैं सदर बाजार में अपने पूर्व पति से लगातार मिल रहे उत्पीड़न की शिकायत करना चाहती हूं। यह पिछले शुक्रवार को शुरू हुआ और तब से रुका नहीं है। मेरे पूर्व पति दूसरों के सामने मेरे बारे में अपमानजनक टिप्पणियाँ करते रहते हैं। कॉलेज जाते समय मेरे घर के पास इस व्यक्ति ने फिर मेरे साथ दुर्व्यवहार किया। मैंने उनसे विनम्रतापूर्वक रुकने के लिए कहा, लेकिन वे मुझे परेशान करते रहे। इससे मेरी मानसिक शांति प्रभावित हो रही है और मुझे अकेले बाहर निकलने में डर लगता है।' मैं पुलिस से जिम्मेदार व्यक्ति के खिलाफ सख्त कार्रवाई करने का अनुरोध करता हूं।' मैं जांच के लिए आवश्यक कोई भी अतिरिक्त विवरण प्रदान करने के लिए तैयार हूं।",उत्पीड़न,सदर बाजार अपना पूर्व पति लगातार मिलना रहना उत्पीडन शिकायत चाहना । पिछला शुक्रवार शुरू होना तब रुकना नहीं । पूर्व पति दूसरा सामने बारे अपमानजनक टिप्पणी रहना । कॉलेज जाना समय घर पास व्यक्ति ने फिर साथ दुर्व्यवहार । विनम्रतापूर्वक रुकना कहना लेकिन परेशान रहना । मानसिक शान्ति प्रभावित होना रहना अकेला बाहर निकलना डर लगना । पुलिस जिम्मेदार व्यक्ति खिलाफ सख्त कार्रवाई अनुरोध । जांच आवश्यक कोई अतिरिक्त विवरण प्रदान तैयार ।
"मैं रिपोर्ट करना चाहता हूं कि मेरा मकान मालिक फर्जी ईमेल आईडी का इस्तेमाल कर मुझे ब्लैकमेल कर रहा है। कुछ दिन पहले से इस शख्स ने मेरी निजी तस्वीरें और जानकारी लीक करने की धमकी दी है. वे रुपये की मांग कर रहे हैं. सामग्री को सार्वजनिक न करने के बदले में 8,000 रु. मैंने पैसे देने से इनकार कर दिया है, जिसके बाद धमकियां और भी बढ़ गई हैं. इस ब्लैकमेल से मुझे गंभीर मानसिक तनाव और सामाजिक शर्मिंदगी का डर सता रहा है। मैंने सभी चैट वार्तालाप और स्क्रीनशॉट को साक्ष्य के रूप में सहेजा है। मैं साइबर अपराध विभाग से जांच करने और सख्त कार्रवाई करने का अनुरोध करता हूं।' मैं यह सुनिश्चित करने के लिए पूरा सहयोग करने को तैयार हूं कि इस व्यक्ति को जवाबदेह ठहराया जाए।",ब्लैकमेल,रिपोर्ट चाहना कि मकान मालिक फर्जी ईमेल आईडी इस्तेमाल ब्लैकमेल रहना । कुछ दिन पहले शख्स ने निजी तस्वीर जानकारी लीक धमकी देना रुपया मांग रहना सामग्री सार्वजनिक न बदले रु पैसा देना इनकार देना जो बाद धमकी बढ़ना जाना ब्लैकमेल गंभीर मानसिक तनाव सामाजिक शर्मिंदगी डर सताना रहना । सभी चैट वार्तालाप स्क्रीनशॉट साक्ष्य रूप सहेजना । साइबर अपराध विभाग जांच सख्त कार्रवाई अनुरोध । सुनिश्चित पूरा सहयोग तैयार कि व्यक्ति जवाबदेह ठहराना जाना ।
"मुझे एक अज्ञात व्यक्ति द्वारा ब्लैकमेल किया जा रहा है जो मेरे बारे में निजी जानकारी उजागर करने की धमकी दे रहा है। ब्लैकमेल की कोशिशें 15 जुलाई को फेसबुक पर संदेशों के जरिए शुरू हुईं। वे रुपये मांग रहे हैं. 1,00,000 न देने पर वे मुझे सार्वजनिक रूप से बदनाम करने की धमकी देते हैं। मैंने अब तक उनकी कोई भी मांग नहीं मानी है।' लगातार मिल रही इन धमकियों से मानसिक दबाव असहनीय होता जा रहा है। मैंने इस मामले से जुड़े सभी मैसेज और कॉल का रिकॉर्ड रखा है.' मैं इस ब्लैकमेल को रोकने और मेरी गोपनीयता की रक्षा के लिए तत्काल कार्रवाई का अनुरोध करता हूं। कृपया सलाह दें कि मैं इस व्यक्ति के खिलाफ क्या कानूनी कदम उठा सकता हूं।",ब्लैकमेल,अज्ञात व्यक्ति ब्लैकमेल जाना रहना जो बारे निजी जानकारी उजागर धमकी देना रहना । ब्लैकमेल कोशिश जुलाई फेसबुक संदेश जरिये शुरू होना । रुपया मांगना रहना न देना सार्वजनिक रूप बदनाम धमकी देना । अब कोई मांग नहीं मानना । लगातार मिलना रहना धमकी मानसिक दबाव असहनीय होना जाना रहना । मामला जुडना सभी मैसेज कॉल रिकॉर्ड रखना ब्लैकमेल रोकना गोपनीयता रक्षा तत्काल कार्रवाई अनुरोध । कृपया सलाह देना कि व्यक्ति खिलाफ क्या कानूनी कदम उठाना सकना ।
"व्हाट्सएप पर कोई मुझे बार-बार अनुचित संदेश और टिप्पणियां भेज रहा है। यह उत्पीड़न पिछले एक महीने से शुरू हुआ और हाल ही में इसकी आवृत्ति में वृद्धि हुई है। उस व्यक्ति ने मेरे सार्वजनिक पोस्ट पर भी अश्लील टिप्पणी की है.' मैंने उन्हें समझाने की कोशिश की, लेकिन उन्होंने और भी अश्लील संदेश जारी रखे। उन्होंने मेरे दोस्तों और परिवार को भी शर्मनाक और झूठे पोस्ट में टैग किया। मैं बेहद परेशान हूं और अब शांति से सोशल मीडिया का इस्तेमाल नहीं कर पा रहा हूं।' मेरा अनुरोध है कि खाते का पता लगाया जाए और उचित कार्रवाई की जाए। मैं अपनी शिकायत के समर्थन में आवश्यक स्क्रीनशॉट संलग्न कर रहा हूं।",साइबर उत्पीड़न,व्हाट्सएप कोई बार बार अनुचित संदेश टिप्पणी भेजना रहना । उत्पीडन पिछला महीना शुरू होना हाल ही आवृत्ति वृद्धि होना । व्यक्ति ने सार्वजनिक पोस्ट अश्लील टिप्पणी समझाना कोशिश लेकिन अश्लील संदेश जारी रखना । दोस्त परिवार शर्मनाक झूठा पोस्ट टैग । बेहद परेशान अब शान्ति सोशल मीडिया इस्तेमाल नहीं पाना रहना । अनुरोध कि खाता पता लगाना जाना उचित कार्रवाई जाना । अपना शिकायत समर्थन आवश्यक स्क्रीनशॉट संलग्न रहना ।
"मैं विले पार्ले में हुई अपने दोपहिया वाहन की चोरी की रिपोर्ट करना चाहता हूं। यह घटना कल शाम मुख्य बाजार क्षेत्र के पास हुई। जब मुझे एहसास हुआ कि यह गायब है, तो मैंने तुरंत आसपास की जाँच की लेकिन कुछ नहीं मिला। मुझे संदेह है कि इसे किसी ऐसे व्यक्ति ने चुराया है जो कुछ समय से मेरा पीछा कर रहा था। चोरी गए सामान की अनुमानित कीमत करीब तीन लाख रुपये है। 50,000. मैंने स्थानीय दुकानदारों को पहले ही सूचित कर दिया है कि उन्हें कुछ भी असामान्य दिखे। मैं पुलिस से मामले की जांच करने और मेरा सामान बरामद करने में मदद करने का अनुरोध करता हूं। यदि उपलब्ध हो तो मैं कोई भी अतिरिक्त विवरण या सीसीटीवी फुटेज स्थान प्रदान करने के लिए तैयार हूं।",चोरी,विले पार्ले होना अपना दोपहिया वाहन चोरी रिपोर्ट चाहना । घटना कल शाम मुख्य बाजार क्षेत्र पास होना । जब एहसास होना कि गायब तुरंत आसपास जाँच लेकिन कुछ नहीं मिलना । संदेह कि कोई ऐसा व्यक्ति ने चुराना जो कुछ समय पीछा रहना । चोरी जाना सामान अनुमानित कीमत करीब तीन लाख रुपया । स्थानीय दुकानदार पहले ही सूचित देना कि कुछ असामान्य दिखना । पुलिस मामला जांच सामान बरामद मदद अनुरोध । यदि उपलब्ध होना कोई अतिरिक्त विवरण सीसीटीवी फुटेज स्थान प्रदान तैयार ।
"मैं सदर बाज़ार में देखी गई एक संदिग्ध गतिविधि की रिपोर्ट करना चाहता हूँ। 15 जुलाई के बाद से, अज्ञात व्यक्ति अजीब समय पर परित्यक्त इमारत के पास इकट्ठा हो रहे हैं। निवासियों को संदेह है कि रात में वहां कुछ अवैध गतिविधि हो सकती है। उस स्थान से तेज़ आवाज़ें और कभी-कभार बहसें सुनाई देती रही हैं। इससे आसपास रहने वाले परिवारों में सुरक्षा संबंधी चिंताएं बढ़ गई हैं। स्थानीय वार्ड कार्यालय को सूचित करने के बावजूद कोई आधिकारिक कार्रवाई नहीं की गई है। मैं अधिकारियों से इस मामले की जांच करने और निवासियों की सुरक्षा सुनिश्चित करने का अनुरोध करता हूं। यदि आवश्यक हुआ तो मैं अधिक विवरण प्रदान करने या अधिकारियों के साथ जाने को तैयार हूं।",अन्य,सदर बाजार देखना जाना संदिग्ध गतिविधि रिपोर्ट चाहना । जुलाई बाद अज्ञात व्यक्ति अजीब समय परित्यक्त इमारत पास इकट्ठा होना रहना । निवासी संदेह कि रात वहाँ कुछ अवैध गतिविधि होना सकना । स्थान तेज आवाज कभी कभार बहस सुनाना देना रहना । आसपास रहना वाला परिवार सुरक्षा संबंधी चिंता बढ़ना जाना । स्थानीय वार्ड कार्यालय सूचित बावजूद कोई आधिकारिक कार्रवाई नहीं जाना । अधिकारी मामला जांच निवासी सुरक्षा सुनिश्चित अनुरोध । यदि आवश्यक होना अधिक विवरण प्रदान अधिकारी साथ जाना तैयार ।
"मैं हडपसर में एक अजनबी द्वारा लगातार मेरे साथ हो रहे उत्पीड़न की रिपोर्ट करना चाहती हूं। यह 2 अगस्त को शुरू हुआ और तब से बंद नहीं हुआ है। कोई अजनबी दूसरों के सामने मेरे बारे में अपमानजनक टिप्पणियाँ करता रहता है। जब मैं बाजार से वापस आ रही थी तो मेरे घर के पास इस व्यक्ति ने फिर मेरे साथ दुर्व्यवहार किया। मैंने उनसे विनम्रतापूर्वक रुकने के लिए कहा, लेकिन वे मुझे परेशान करते रहे। इससे मेरी मानसिक शांति प्रभावित हो रही है और मुझे अकेले बाहर निकलने में डर लगता है।' मैं पुलिस से जिम्मेदार व्यक्ति के खिलाफ सख्त कार्रवाई करने का अनुरोध करता हूं।' मैं जांच के लिए आवश्यक कोई भी अतिरिक्त विवरण प्रदान करने के लिए तैयार हूं।",उत्पीड़न,हडपसर अजनबी लगातार साथ होना रहना उत्पीडन रिपोर्ट चाहना । अगस्त शुरू होना तब बंद नहीं होना । कोई अजनबी दूसरा सामने बारे अपमानजनक टिप्पणी रहना । जब बाजार वापस आना रहना घर पास व्यक्ति ने फिर साथ दुर्व्यवहार । विनम्रतापूर्वक रुकना कहना लेकिन परेशान रहना । मानसिक शान्ति प्रभावित होना रहना अकेला बाहर निकलना डर लगना । पुलिस जिम्मेदार व्यक्ति खिलाफ सख्त कार्रवाई अनुरोध । जांच आवश्यक कोई अतिरिक्त विवरण प्रदान तैयार ।
"मैं रिपोर्ट करना चाहती हूं कि मेरा जीजा मुझे व्हाट्सएप के जरिए ब्लैकमेल कर रहा है। कुछ दिन पहले से इस शख्स ने मेरी निजी तस्वीरें और जानकारी लीक करने की धमकी दी है. वे रुपये की मांग कर रहे हैं. सामग्री को सार्वजनिक न करने के बदले में 75,000 रु. मैंने पैसे देने से इनकार कर दिया है, जिसके बाद धमकियां और भी बढ़ गई हैं. इस ब्लैकमेल से मुझे गंभीर मानसिक तनाव और सामाजिक शर्मिंदगी का डर सता रहा है। मैंने सभी चैट वार्तालाप और स्क्रीनशॉट को साक्ष्य के रूप में सहेजा है। मैं साइबर अपराध विभाग से जांच करने और सख्त कार्रवाई करने का अनुरोध करता हूं।' मैं यह सुनिश्चित करने के लिए पूरा सहयोग करने को तैयार हूं कि इस व्यक्ति को जवाबदेह ठहराया जाए।",ब्लैकमेल,रिपोर्ट चाहना कि जीजा व्हाट्सएप जरिये ब्लैकमेल रहना । कुछ दिन पहले शख्स ने निजी तस्वीर जानकारी लीक धमकी देना रुपया मांग रहना सामग्री सार्वजनिक न बदले रु पैसा देना इनकार देना जो बाद धमकी बढ़ना जाना ब्लैकमेल गंभीर मानसिक तनाव सामाजिक शर्मिंदगी डर सताना रहना । सभी चैट वार्तालाप स्क्रीनशॉट साक्ष्य रूप सहेजना । साइबर अपराध विभाग जांच सख्त कार्रवाई अनुरोध । सुनिश्चित पूरा सहयोग तैयार कि व्यक्ति जवाबदेह ठहराना जाना ।
मैं खराड़ी में अपने कार्यस्थल पर एक वरिष्ठ द्वारा पीछा किए जाने के संबंध में शिकायत दर्ज करना चाहती हूं। 15 जुलाई से यह शख्स लगभग हर दिन मेरा पीछा कर रहा है. जब मैं बाज़ार से वापस आ रहा था तो मैंने देखा कि वही व्यक्ति फिर से मेरे घर के बाहर इंतज़ार कर रहा था। वे भी मेरे पीछे-पीछे मेरे कार्यस्थल तक आते हैं और गेट के पास इंतजार करते हैं। मैंने देखा है कि एक ही वाहन कई बार मेरे ऑटो-रिक्शा का पीछा कर रहा है। इस निरंतर अनुसरण ने मुझे अपनी सुरक्षा के लिए अत्यधिक चिंतित और भयभीत कर दिया है। मैं पुलिस से जांच करने और इस व्यक्ति को मेरा पीछा करने से रोकने का अनुरोध करता हूं। मैं उस व्यक्ति की पहचान करने और जरूरत पड़ने पर और विवरण प्रदान करने को तैयार हूं।,स्टॉकिंग,खराड़ी अपना कार्यस्थल वरिष्ठ पीछा जाना संबंध शिकायत दर्ज चाहना । जुलाई शख्स लगभग हर दिन पीछा रहना जब बाजार वापस आना रहना देखना कि व्यक्ति फिर घर बाहर इंतजार रहना । पीछे पीछे कार्यस्थल आना गेट पास इंतजार । देखना कि ही वाहन कई बार ऑटो रिक्शा पीछा रहना । निरन्तर अनुसरण ने अपना सुरक्षा अत्यधिक चिंतित भयभीत देना । पुलिस जांच व्यक्ति पीछा रोकना अनुरोध । व्यक्ति पहचान जरूरत पड़ना विवरण प्रदान तैयार ।
"मैं कल्याण में हुई अपने दोपहिया वाहन की चोरी की रिपोर्ट करना चाहता हूं। यह घटना मेरी शाम की सैर के दौरान मुख्य बाजार क्षेत्र के पास घटी। जब मुझे एहसास हुआ कि यह गायब है, तो मैंने तुरंत आसपास की जाँच की लेकिन कुछ नहीं मिला। मुझे संदेह है कि इसे किसी ऐसे व्यक्ति ने चुराया है जो कुछ समय से मेरा पीछा कर रहा था। चोरी गए सामान की अनुमानित कीमत करीब तीन लाख रुपये है। 35,000. मैंने स्थानीय दुकानदारों को पहले ही सूचित कर दिया है कि उन्हें कुछ भी असामान्य दिखे। मैं पुलिस से मामले की जांच करने और मेरा सामान बरामद करने में मदद करने का अनुरोध करता हूं। यदि उपलब्ध हो तो मैं कोई भी अतिरिक्त विवरण या सीसीटीवी फुटेज स्थान प्रदान करने के लिए तैयार हूं।",चोरी,कल्याण होना अपना दोपहिया वाहन चोरी रिपोर्ट चाहना । घटना शाम सैर दौरान मुख्य बाजार क्षेत्र पास घटना जब एहसास होना कि गायब तुरंत आसपास जाँच लेकिन कुछ नहीं मिलना । संदेह कि कोई ऐसा व्यक्ति ने चुराना जो कुछ समय पीछा रहना । चोरी जाना सामान अनुमानित कीमत करीब तीन लाख रुपया । स्थानीय दुकानदार पहले ही सूचित देना कि कुछ असामान्य दिखना । पुलिस मामला जांच सामान बरामद मदद अनुरोध । यदि उपलब्ध होना कोई अतिरिक्त विवरण सीसीटीवी फुटेज स्थान प्रदान तैयार ।
"मैं वाकाड में अपने सहकर्मी से लगातार हो रहे उत्पीड़न की रिपोर्ट करना चाहती हूं। यह इस महीने की 3 तारीख को शुरू हुआ और तब से बंद नहीं हुआ है। मेरा सहकर्मी दूसरों के सामने मेरे बारे में अपमानजनक टिप्पणियाँ करता रहता है। सोमवार दोपहर को मेरे घर के पास इस व्यक्ति ने फिर मेरे साथ अभद्र व्यवहार किया। मैंने उनसे विनम्रतापूर्वक रुकने के लिए कहा, लेकिन वे मुझे परेशान करते रहे। इससे मेरी मानसिक शांति प्रभावित हो रही है और मुझे अकेले बाहर निकलने में डर लगता है।' मैं पुलिस से जिम्मेदार व्यक्ति के खिलाफ सख्त कार्रवाई करने का अनुरोध करता हूं।' मैं जांच के लिए आवश्यक कोई भी अतिरिक्त विवरण प्रदान करने के लिए तैयार हूं।",उत्पीड़न,वाकाड अपना सहकर्मी लगातार होना रहना उत्पीडन रिपोर्ट चाहना । महीना तारीख शुरू होना तब बंद नहीं होना । सहकर्मी दूसरा सामने बारे अपमानजनक टिप्पणी रहना । सोमवार दोपहर घर पास व्यक्ति ने फिर साथ अभद्र व्यवहार । विनम्रतापूर्वक रुकना कहना लेकिन परेशान रहना । मानसिक शान्ति प्रभावित होना रहना अकेला बाहर निकलना डर लगना । पुलिस जिम्मेदार व्यक्ति खिलाफ सख्त कार्रवाई अनुरोध । जांच आवश्यक कोई अतिरिक्त विवरण प्रदान तैयार ।
"मैं औंध में शोर और उपद्रव के संबंध में एक सामान्य सुरक्षा शिकायत दर्ज करना चाहता हूं। कुछ दिन पहले से, पास का एक प्रतिष्ठान अनुमत समय से अधिक जोर-शोर से काम कर रहा है। इससे आस-पड़ोस की शांति भंग हो गई है, विशेषकर बुजुर्ग निवासियों और बच्चों के लिए। मालिकों से शोर कम करने के बार-बार अनुरोध को नजरअंदाज कर दिया गया है। सप्ताहांत पर स्थिति और भी गंभीर हो जाती है जब अशांति देर रात तक जारी रहती है। इस मुद्दे को स्थानीय अधिकारियों के सामने उठाने के लिए कई पड़ोसी एकजुट हुए हैं। मैं यह सुनिश्चित करने के लिए आवश्यक कार्रवाई का अनुरोध करता हूं कि शोर के स्तर को नियंत्रण में लाया जाए। कृपया निवासियों की भलाई के लिए इस मामले पर जल्द से जल्द ध्यान दें।",अन्य,औंध शोर उपद्रव संबंध सामान्य सुरक्षा शिकायत दर्ज चाहना । कुछ दिन पहले पास प्रतिष्ठान अनुमत समय अधिक जोर शोर काम रहना । आस पडोस शान्ति भंग होना जाना विशेषकर बुजुर्ग निवासी बच्चा । मालिक शोर कम बार बार अनुरोध नजरअंदाज देना जाना । सप्ताहांत स्थिति गंभीर होना जाना जब अशान्ति देर रात जारी रहना । मुद्दा स्थानीय अधिकारी सामने उठाना कई पड़ोसी एकजुट होना । सुनिश्चित आवश्यक कार्रवाई अनुरोध कि शोर स्तर नियंत्रण लाना जाना । कृपया निवासी भलाई मामला जल्द जल्द ध्यान देना ।
"मैं रिपोर्ट करना चाहती हूं कि मुझे बानेर में अपने पूर्व पति से गंभीर धमकियां मिली हैं। 22 जून से यह व्यक्ति मुझे और मेरे परिवार को नुकसान पहुंचाने की धमकी दे रहा है। अगर मैंने उनकी मांगें नहीं मानी तो उन्होंने मुझे गंभीर परिणाम भुगतने की चेतावनी दी है। धमकियाँ व्यक्तिगत रूप से और फोन कॉल दोनों पर दी गई हैं। मैं इन धमकियों के कारण अपने परिवार की सुरक्षा को लेकर बेहद चिंतित हूं।' मैंने उनकी किसी भी मांग का जवाब नहीं दिया, जिससे उनका गुस्सा और बढ़ गया है.' मैं पुलिस सुरक्षा और मुझे धमकी देने वाले व्यक्ति के खिलाफ तत्काल कार्रवाई का अनुरोध करता हूं। मैं इस शिकायत के समर्थन में कॉल रिकॉर्डिंग और गवाह विवरण प्रदान कर सकता हूं।",धमकी,रिपोर्ट चाहना कि बानेर अपना पूर्व पति गंभीर धमकी मिलना । जून व्यक्ति परिवार नुकसान पहुंचाना धमकी देना रहना । अगर मांगें नहीं मानना गंभीर परिणाम भुगतना चेतावनी देना । धमकी व्यक्तिगत रूप फोन कॉल दो देना जाना । धमकी कारण अपना परिवार सुरक्षा लेना बेहद चिंतित । कोई मांग जवाब नहीं देना जो गुस्सा बढ़ना जाना पुलिस सुरक्षा धमकी देना वाला व्यक्ति खिलाफ तत्काल कार्रवाई अनुरोध । शिकायत समर्थन कॉल रिकॉर्डिंग गवाह विवरण प्रदान सकना ।
मैं घर में लगातार घरेलू दुर्व्यवहार के लिए अपने पति और उनके परिवार के खिलाफ यह शिकायत दर्ज कर रही हूं। पिछले महीने की 10 तारीख से मुझे शारीरिक उत्पीड़न और उत्पीड़न का शिकार होना पड़ रहा है। मुझे बुनियादी ज़रूरतों से भी वंचित कर दिया जाता है और बिना कारण घर तक सीमित कर दिया जाता है। जब भी मैं बोलने की कोशिश करता हूं तो बार-बार हिंसा की धमकियां मिलती रहती हैं। मेरे रिश्तेदार स्थिति से अवगत हैं और दुर्व्यवहार की गवाही दे सकते हैं। मुझे अपनी सुरक्षा और मेरे साथ रहने वाले मेरे बच्चों की सुरक्षा का डर है। मैं कानून के तहत तत्काल सुरक्षा और उचित कानूनी कार्रवाई का अनुरोध करता हूं। कृपया मेरी स्थिति के लिए उपलब्ध आश्रय और कानूनी सहायता के संबंध में मेरा मार्गदर्शन करें।,घरेलू हिंसा,घर लगातार घरेलू दुर्व्यवहार अपना पति परिवार खिलाफ शिकायत दर्ज रहना । पिछला महीना तारीख शारीरिक उत्पीडन उत्पीडन शिकार होना पड़ना रहना । बुनियादी ज़रूरत वंचित देना जाना बिना कारण घर सीमित देना जाना । जब बोलना कोशिश बार बार हिंसा धमकी मिलना रहना । रिश्तेदार स्थिति अवगत दुर्व्यवहार गवाही देना सकना । अपना सुरक्षा साथ रहना वाला बच्चा सुरक्षा डर । कानून तहत तत्काल सुरक्षा उचित कानूनी कार्रवाई अनुरोध । कृपया स्थिति उपलब्ध आश्रय कानूनी सहायता संबंध मार्गदर्शन ।
"मैं वाशी में हुई छेड़छाड़ की एक घटना की रिपोर्ट करना चाहता हूं। पिछले हफ्ते, जब मैं पैदल जा रही थी तो बाइक पर सवार दो लोगों ने मुझ पर अश्लील टिप्पणियाँ कीं। उन्होंने सीटियां भी बजाईं और मेरे और मेरे दोस्त की ओर अनुचित इशारे भी किए। जब मैंने उन्हें नज़रअंदाज कर दूर जाने की कोशिश की तो उन्होंने कुछ दूर तक पीछा किया। इस तरह के व्यवहार से मुझे अकेले यात्रा करते समय असुरक्षित महसूस होने लगा है। क्षेत्र की अन्य महिलाओं को भी उसी स्थान पर इसी तरह के उत्पीड़न का सामना करना पड़ा है। मैं ऐसी घटनाओं को रोकने के लिए इस क्षेत्र में पुलिस गश्त बढ़ाने का अनुरोध करता हूं। यदि लाइन-अप या सीसीटीवी समीक्षा की व्यवस्था की जाती है तो मैं व्यक्तियों की पहचान करने के लिए तैयार हूं।",ईव टीज़िंग,वाशी होना छेडछाड घटना रिपोर्ट चाहना । पिछला हफ्ता जब पैदल जाना रहना बाइक सवार दो लोग ने अश्लील टिप्पणी कीं।ना सीटी बजाना दोस्त ओर अनुचित इशारा । जब नजरअंदाज दूर जाना कोशिश कुछ दूर पीछा । तरह व्यवहार अकेला यात्रा समय असुरक्षित महसूस होना लगाना । क्षेत्र अन्य महिला स्थान तरह उत्पीडन सामना पड़ना । ऐसा घटना रोकना क्षेत्र पुलिस गश्त बढ़ाना अनुरोध । यदि लाइन अप सीसीटीवी समीक्षा व्यवस्था जाना व्यक्ति पहचान तैयार ।
"मैं विले पार्ले में रहने वाले एक दुकानदार द्वारा मुझे दी गई धमकियों के संबंध में शिकायत दर्ज करा रहा हूं। धमकियां 22 जून को हमारे बीच एक मामूली विवाद के बाद शुरू हुईं। उन्होंने मुझे बोलने पर हमला करने और मेरी संपत्ति को नुकसान पहुंचाने की धमकी दी है। इससे मेरे और मेरे परिवार के सदस्यों में काफी डर और चिंता पैदा हो गई है। मैंने किसी भी टकराव से परहेज किया है, लेकिन धमकियां इसकी परवाह किए बिना जारी हैं। इलाके के पड़ोसियों को भी तनाव की जानकारी है और वे इसकी पुष्टि कर सकते हैं. मेरा अनुरोध है कि मेरी सुरक्षा सुनिश्चित करने के लिए उचित कानूनी कार्रवाई की जाए। धमकियों की गंभीर प्रकृति को देखते हुए कृपया इस मामले पर तत्परता से विचार करें।",धमकी,विले पार्ले रहना वाला दुकानदार देना जाना धमकी संबंध शिकायत दर्ज रहना । धमकी जून बीच मामूली विवाद बाद शुरू होना । बोलना हमला संपत्ति नुकसान पहुंचाना धमकी देना । परिवार सदस्य काफी डर चिंता पैदा होना जाना । कोई टकराव परहेज लेकिन धमकी परवाह बिना जारी । इलाका पड़ोसी तनाव जानकारी पुष्टि सकना अनुरोध कि सुरक्षा सुनिश्चित उचित कानूनी कार्रवाई जाना धमकी गंभीर प्रकृति देखना होना कृपया मामला तत्परता विचार ।
"यह औंध इलाके में मेरी पत्नी के हैंडबैग से जुड़ी चोरी की घटना की रिपोर्ट करने के लिए है। यह मेरे कॉलेज जाते समय हुआ, जब मैं थोड़ी देर के लिए वहां से हट गया था। वापस लौटने पर मुझे पता चला कि मेरा सामान कोई अज्ञात व्यक्ति ले गया है। अनुमानित नुकसान लगभग रु. 50,000, जो मेरे लिए एक महत्वपूर्ण राशि है। आसपास कुछ लोग भी थे, लेकिन किसी को चोरी होने का पता नहीं चला। मैंने आस-पास की दुकानों और निवासियों से जांच की है, लेकिन अभी तक कोई सुराग नहीं मिला है। मेरा अनुरोध है कि जल्द से जल्द मामला दर्ज किया जाए और जांच की जाए।' मैं जांच प्रक्रिया में पूरा सहयोग करने को तैयार हूं।'",चोरी,औंध इलाका पत्नी हैंडबैग जुड़ना चोरी घटना रिपोर्ट । कॉलेज जाना समय होना जब थोड़ा देर वहाँ हटना जाना । वापस लौटना पता चलना कि सामान कोई अज्ञात व्यक्ति लेना जाना । अनुमानित नुकसान लगभग रु जो महत्वपूर्ण राशि । आसपास कुछ लोग लेकिन कोई चोरी होना पता नहीं चलना । आस पास दुकान निवासी जांच लेकिन अभी कोई सुराग नहीं मिलना । अनुरोध कि जल्द जल्द मामला दर्ज जाना जांच जाना । जांच प्रक्रिया पूरा सहयोग तैयार ।
"मैं खराड़ी में रहने वाले एक अज्ञात व्यक्ति द्वारा मुझे दी गई धमकियों के संबंध में शिकायत दर्ज करा रहा हूं। धमकियां पिछले शुक्रवार को हमारे बीच मामूली विवाद के बाद शुरू हुईं। उन्होंने मुझे बोलने पर हमला करने और मेरी संपत्ति को नुकसान पहुंचाने की धमकी दी है। इससे मेरे और मेरे परिवार के सदस्यों में काफी डर और चिंता पैदा हो गई है। मैंने किसी भी टकराव से परहेज किया है, लेकिन धमकियां इसकी परवाह किए बिना जारी हैं। इलाके के पड़ोसियों को भी तनाव की जानकारी है और वे इसकी पुष्टि कर सकते हैं. मेरा अनुरोध है कि मेरी सुरक्षा सुनिश्चित करने के लिए उचित कानूनी कार्रवाई की जाए। धमकियों की गंभीर प्रकृति को देखते हुए कृपया इस मामले पर तत्परता से विचार करें।",धमकी,खराड़ी रहना वाला अज्ञात व्यक्ति देना जाना धमकी संबंध शिकायत दर्ज रहना । धमकी पिछला शुक्रवार बीच मामूली विवाद बाद शुरू होना । बोलना हमला संपत्ति नुकसान पहुंचाना धमकी देना । परिवार सदस्य काफी डर चिंता पैदा होना जाना । कोई टकराव परहेज लेकिन धमकी परवाह बिना जारी । इलाका पड़ोसी तनाव जानकारी पुष्टि सकना अनुरोध कि सुरक्षा सुनिश्चित उचित कानूनी कार्रवाई जाना धमकी गंभीर प्रकृति देखना होना कृपया मामला तत्परता विचार ।
मैं बानेर में अपने सहपाठी द्वारा पीछा किए जाने के संबंध में शिकायत दर्ज कराना चाहती हूं। पिछले महीने की 10 तारीख से यह व्यक्ति लगभग हर दिन मेरा पीछा कर रहा है। कॉलेज जाते समय मैंने देखा कि वही व्यक्ति फिर से मेरे घर के बाहर इंतज़ार कर रहा था। वे भी मेरे पीछे-पीछे मेरे कार्यस्थल तक आते हैं और गेट के पास इंतजार करते हैं। मैंने देखा है कि एक ही वाहन कई बार मेरे ऑटो-रिक्शा का पीछा कर रहा है। इस निरंतर अनुसरण ने मुझे अपनी सुरक्षा के लिए अत्यधिक चिंतित और भयभीत कर दिया है। मैं पुलिस से जांच करने और इस व्यक्ति को मेरा पीछा करने से रोकने का अनुरोध करता हूं। मैं उस व्यक्ति की पहचान करने और जरूरत पड़ने पर और विवरण प्रदान करने को तैयार हूं।,स्टॉकिंग,बानेर अपना सहपाठी पीछा जाना संबंध शिकायत दर्ज कराना चाहना । पिछला महीना तारीख व्यक्ति लगभग हर दिन पीछा रहना । कॉलेज जाना समय देखना कि व्यक्ति फिर घर बाहर इंतजार रहना । पीछे पीछे कार्यस्थल आना गेट पास इंतजार । देखना कि ही वाहन कई बार ऑटो रिक्शा पीछा रहना । निरन्तर अनुसरण ने अपना सुरक्षा अत्यधिक चिंतित भयभीत देना । पुलिस जांच व्यक्ति पीछा रोकना अनुरोध । व्यक्ति पहचान जरूरत पड़ना विवरण प्रदान तैयार ।
मैं बानेर में हुई छेड़छाड़ की एक घटना की रिपोर्ट करना चाहता हूं। जब मैं काम से लौट रही थी तो एक बाइक पर सवार दो लोगों ने चलते समय मुझ पर अश्लील टिप्पणियां कीं। उन्होंने सीटियां भी बजाईं और मेरे और मेरे दोस्त की ओर अनुचित इशारे भी किए। जब मैंने उन्हें नज़रअंदाज कर दूर जाने की कोशिश की तो उन्होंने कुछ दूर तक पीछा किया। इस तरह के व्यवहार से मुझे अकेले यात्रा करते समय असुरक्षित महसूस होने लगा है। क्षेत्र की अन्य महिलाओं को भी उसी स्थान पर इसी तरह के उत्पीड़न का सामना करना पड़ा है। मैं ऐसी घटनाओं को रोकने के लिए इस क्षेत्र में पुलिस गश्त बढ़ाने का अनुरोध करता हूं। यदि लाइन-अप या सीसीटीवी समीक्षा की व्यवस्था की जाती है तो मैं व्यक्तियों की पहचान करने के लिए तैयार हूं।,ईव टीज़िंग,बानेर होना छेडछाड घटना रिपोर्ट चाहना । जब काम लौटना रहना बाइक सवार दो लोग ने चलना समय अश्लील टिप्पणी कीं।ना सीटी बजाना दोस्त ओर अनुचित इशारा । जब नजरअंदाज दूर जाना कोशिश कुछ दूर पीछा । तरह व्यवहार अकेला यात्रा समय असुरक्षित महसूस होना लगाना । क्षेत्र अन्य महिला स्थान तरह उत्पीडन सामना पड़ना । ऐसा घटना रोकना क्षेत्र पुलिस गश्त बढ़ाना अनुरोध । यदि लाइन अप सीसीटीवी समीक्षा व्यवस्था जाना व्यक्ति पहचान तैयार ।
"मुझे लड़कों के एक समूह द्वारा ब्लैकमेल किया जा रहा है जो मेरे बारे में निजी जानकारी उजागर करने की धमकी दे रहा है। 18 तारीख को फेसबुक पर मैसेज के जरिए ब्लैकमेल की कोशिशें शुरू हुईं। वे रुपये मांग रहे हैं. 1,00,000 न देने पर वे मुझे सार्वजनिक रूप से बदनाम करने की धमकी देते हैं। मैंने अब तक उनकी कोई भी मांग नहीं मानी है।' लगातार मिल रही इन धमकियों से मानसिक दबाव असहनीय होता जा रहा है। मैंने इस मामले से जुड़े सभी मैसेज और कॉल का रिकॉर्ड रखा है.' मैं इस ब्लैकमेल को रोकने और मेरी गोपनीयता की रक्षा के लिए तत्काल कार्रवाई का अनुरोध करता हूं। कृपया सलाह दें कि मैं इस व्यक्ति के खिलाफ क्या कानूनी कदम उठा सकता हूं।",ब्लैकमेल,लड़का समूह ब्लैकमेल जाना रहना जो बारे निजी जानकारी उजागर धमकी देना रहना । तारीख फेसबुक मैसेज जरिये ब्लैकमेल कोशिश शुरू होना । रुपया मांगना रहना न देना सार्वजनिक रूप बदनाम धमकी देना । अब कोई मांग नहीं मानना । लगातार मिलना रहना धमकी मानसिक दबाव असहनीय होना जाना रहना । मामला जुडना सभी मैसेज कॉल रिकॉर्ड रखना ब्लैकमेल रोकना गोपनीयता रक्षा तत्काल कार्रवाई अनुरोध । कृपया सलाह देना कि व्यक्ति खिलाफ क्या कानूनी कदम उठाना सकना ।
"मुझे मेरे पति द्वारा ब्लैकमेल किया जा रहा है जो मेरे बारे में निजी जानकारी उजागर करने की धमकी दे रहा है। ब्लैकमेल की कोशिश 15 जुलाई को व्हाट्सएप पर संदेशों के माध्यम से शुरू हुई। वे रुपये मांग रहे हैं. 1,00,000 न देने पर वे मुझे सार्वजनिक रूप से बदनाम करने की धमकी देते हैं। मैंने अब तक उनकी कोई भी मांग नहीं मानी है।' लगातार मिल रही इन धमकियों से मानसिक दबाव असहनीय होता जा रहा है। मैंने इस मामले से जुड़े सभी मैसेज और कॉल का रिकॉर्ड रखा है.' मैं इस ब्लैकमेल को रोकने और मेरी गोपनीयता की रक्षा के लिए तत्काल कार्रवाई का अनुरोध करता हूं। कृपया सलाह दें कि मैं इस व्यक्ति के खिलाफ क्या कानूनी कदम उठा सकता हूं।",ब्लैकमेल,पति ब्लैकमेल जाना रहना जो बारे निजी जानकारी उजागर धमकी देना रहना । ब्लैकमेल कोशिश जुलाई व्हाट्सएप संदेश माध्यम शुरू होना । रुपया मांगना रहना न देना सार्वजनिक रूप बदनाम धमकी देना । अब कोई मांग नहीं मानना । लगातार मिलना रहना धमकी मानसिक दबाव असहनीय होना जाना रहना । मामला जुडना सभी मैसेज कॉल रिकॉर्ड रखना ब्लैकमेल रोकना गोपनीयता रक्षा तत्काल कार्रवाई अनुरोध । कृपया सलाह देना कि व्यक्ति खिलाफ क्या कानूनी कदम उठाना सकना ।
"एक व्यक्ति, जिसकी पहचान मेरे सहपाठी के रूप में हुई है, पिछले शुक्रवार से मेरा पीछा कर रहा है। पिछले हफ्ते, वे मेरे कॉलेज के गेट के पास खड़े होकर मुझे देखते हुए देखे गए थे। मेरे कई बार मना करने के बाद भी वे बार-बार मुझसे बात करने की कोशिश करते हैं। मेरे दोस्तों ने भी देखा है कि यह व्यक्ति अलग-अलग दिनों में मेरा पीछा कर रहा है। ऐसा लगता है कि यह व्यक्ति मेरी दिनचर्या जानता है, जो बहुत चिंताजनक है। मुझे डर है कि अगर इसे नहीं रोका गया तो यह और भी खतरनाक रूप ले सकता है। मेरा अनुरोध है कि इस व्यक्ति के खिलाफ तुरंत सख्त कार्रवाई की जाए।' कृपया मेरी सुरक्षा सुनिश्चित करने के लिए अगले कदमों पर मेरा मार्गदर्शन करें।",स्टॉकिंग,व्यक्ति जो पहचान सहपाठी रूप होना पिछला शुक्रवार पीछा रहना । पिछला हफ्ता कॉलेज गेट पास खड़ा होना देखना होना देखना जाना । कई बार मना बाद बार बार बात कोशिश । दोस्त ने देखना कि व्यक्ति अलग अलग दिन पीछा रहना । ऐसा लगना कि व्यक्ति दिनचर्या जानना जो बहुत चिंताजनक । डर कि अगर नहीं रोकना जाना खतरनाक रूप लेना सकना । अनुरोध कि व्यक्ति खिलाफ तुरंत सख्त कार्रवाई जाना । कृपया सुरक्षा सुनिश्चित अगला कदम मार्गदर्शन ।
"मैं रिपोर्ट करना चाहता हूं कि मुझे कोथरुड में अपने बहनोई से गंभीर धमकियां मिली हैं। पिछले एक महीने से यह व्यक्ति मुझे और मेरे परिवार को नुकसान पहुंचाने की धमकी दे रहा है। अगर मैंने उनकी मांगें नहीं मानी तो उन्होंने मुझे गंभीर परिणाम भुगतने की चेतावनी दी है। धमकियाँ व्यक्तिगत रूप से और फोन कॉल दोनों पर दी गई हैं। मैं इन धमकियों के कारण अपने परिवार की सुरक्षा को लेकर बेहद चिंतित हूं।' मैंने उनकी किसी भी मांग का जवाब नहीं दिया, जिससे उनका गुस्सा और बढ़ गया है.' मैं पुलिस सुरक्षा और मुझे धमकी देने वाले व्यक्ति के खिलाफ तत्काल कार्रवाई का अनुरोध करता हूं। मैं इस शिकायत के समर्थन में कॉल रिकॉर्डिंग और गवाह विवरण प्रदान कर सकता हूं।",धमकी,रिपोर्ट चाहना कि कोथरुड अपना बहनोई गंभीर धमकी मिलना । पिछला महीना व्यक्ति परिवार नुकसान पहुंचाना धमकी देना रहना । अगर मांगें नहीं मानना गंभीर परिणाम भुगतना चेतावनी देना । धमकी व्यक्तिगत रूप फोन कॉल दो देना जाना । धमकी कारण अपना परिवार सुरक्षा लेना बेहद चिंतित । कोई मांग जवाब नहीं देना जो गुस्सा बढ़ना जाना पुलिस सुरक्षा धमकी देना वाला व्यक्ति खिलाफ तत्काल कार्रवाई अनुरोध । शिकायत समर्थन कॉल रिकॉर्डिंग गवाह विवरण प्रदान सकना ।
"मैं पिंपरी में शोर और उपद्रव के संबंध में एक सामान्य सुरक्षा शिकायत दर्ज करना चाहता हूं। पिछले महीने की 10 तारीख से, पास का एक प्रतिष्ठान अनुमत घंटों से अधिक जोर-शोर से काम कर रहा है। इससे आस-पड़ोस की शांति भंग हो गई है, विशेषकर बुजुर्ग निवासियों और बच्चों के लिए। मालिकों से शोर कम करने के बार-बार अनुरोध को नजरअंदाज कर दिया गया है। सप्ताहांत पर स्थिति और भी गंभीर हो जाती है जब अशांति देर रात तक जारी रहती है। इस मुद्दे को स्थानीय अधिकारियों के सामने उठाने के लिए कई पड़ोसी एकजुट हुए हैं। मैं यह सुनिश्चित करने के लिए आवश्यक कार्रवाई का अनुरोध करता हूं कि शोर के स्तर को नियंत्रण में लाया जाए। कृपया निवासियों की भलाई के लिए इस मामले पर जल्द से जल्द ध्यान दें।",अन्य,पिंपरी शोर उपद्रव संबंध सामान्य सुरक्षा शिकायत दर्ज चाहना । पिछला महीना तारीख पास प्रतिष्ठान अनुमत घंटा अधिक जोर शोर काम रहना । आस पडोस शान्ति भंग होना जाना विशेषकर बुजुर्ग निवासी बच्चा । मालिक शोर कम बार बार अनुरोध नजरअंदाज देना जाना । सप्ताहांत स्थिति गंभीर होना जाना जब अशान्ति देर रात जारी रहना । मुद्दा स्थानीय अधिकारी सामने उठाना कई पड़ोसी एकजुट होना । सुनिश्चित आवश्यक कार्रवाई अनुरोध कि शोर स्तर नियंत्रण लाना जाना । कृपया निवासी भलाई मामला जल्द जल्द ध्यान देना ।
"मैं रिपोर्ट करना चाहता हूं कि मुझे नासिक रोड स्थित मेरे कार्यस्थल पर एक वरिष्ठ से गंभीर धमकियां मिली हैं। पिछले महीने की 10 तारीख से यह व्यक्ति मुझे और मेरे परिवार को नुकसान पहुंचाने की धमकी दे रहा है. अगर मैंने उनकी मांगें नहीं मानी तो उन्होंने मुझे गंभीर परिणाम भुगतने की चेतावनी दी है। धमकियाँ व्यक्तिगत रूप से और फोन कॉल दोनों पर दी गई हैं। मैं इन धमकियों के कारण अपने परिवार की सुरक्षा को लेकर बेहद चिंतित हूं।' मैंने उनकी किसी भी मांग का जवाब नहीं दिया, जिससे उनका गुस्सा और बढ़ गया है.' मैं पुलिस सुरक्षा और मुझे धमकी देने वाले व्यक्ति के खिलाफ तत्काल कार्रवाई का अनुरोध करता हूं। मैं इस शिकायत के समर्थन में कॉल रिकॉर्डिंग और गवाह विवरण प्रदान कर सकता हूं।",धमकी,रिपोर्ट चाहना कि नासिक रोड स्थित कार्यस्थल वरिष्ठ गंभीर धमकी मिलना । पिछला महीना तारीख व्यक्ति परिवार नुकसान पहुंचाना धमकी देना रहना अगर मांगें नहीं मानना गंभीर परिणाम भुगतना चेतावनी देना । धमकी व्यक्तिगत रूप फोन कॉल दो देना जाना । धमकी कारण अपना परिवार सुरक्षा लेना बेहद चिंतित । कोई मांग जवाब नहीं देना जो गुस्सा बढ़ना जाना पुलिस सुरक्षा धमकी देना वाला व्यक्ति खिलाफ तत्काल कार्रवाई अनुरोध । शिकायत समर्थन कॉल रिकॉर्डिंग गवाह विवरण प्रदान सकना ।
"मैं कैंप क्षेत्र में शोर और उपद्रव के संबंध में एक सामान्य सुरक्षा शिकायत दर्ज करना चाहता हूं। पिछले महीने की 10 तारीख से, पास का एक प्रतिष्ठान अनुमत घंटों से अधिक जोर-शोर से काम कर रहा है। इससे आस-पड़ोस की शांति भंग हो गई है, विशेषकर बुजुर्ग निवासियों और बच्चों के लिए। मालिकों से शोर कम करने के बार-बार अनुरोध को नजरअंदाज कर दिया गया है। सप्ताहांत पर स्थिति और भी गंभीर हो जाती है जब अशांति देर रात तक जारी रहती है। इस मुद्दे को स्थानीय अधिकारियों के सामने उठाने के लिए कई पड़ोसी एकजुट हुए हैं। मैं यह सुनिश्चित करने के लिए आवश्यक कार्रवाई का अनुरोध करता हूं कि शोर के स्तर को नियंत्रण में लाया जाए। कृपया निवासियों की भलाई के लिए इस मामले पर जल्द से जल्द ध्यान दें।",अन्य,कैंप क्षेत्र शोर उपद्रव संबंध सामान्य सुरक्षा शिकायत दर्ज चाहना । पिछला महीना तारीख पास प्रतिष्ठान अनुमत घंटा अधिक जोर शोर काम रहना । आस पडोस शान्ति भंग होना जाना विशेषकर बुजुर्ग निवासी बच्चा । मालिक शोर कम बार बार अनुरोध नजरअंदाज देना जाना । सप्ताहांत स्थिति गंभीर होना जाना जब अशान्ति देर रात जारी रहना । मुद्दा स्थानीय अधिकारी सामने उठाना कई पड़ोसी एकजुट होना । सुनिश्चित आवश्यक कार्रवाई अनुरोध कि शोर स्तर नियंत्रण लाना जाना । कृपया निवासी भलाई मामला जल्द जल्द ध्यान देना ।
"मैं रिपोर्ट करना चाहती हूं कि मुझे टेलीग्राम के जरिए ऑनलाइन परेशान किया जा रहा है। एक अज्ञात यूजर 15 जुलाई से मुझे अपमानजनक और धमकी भरे संदेश भेज रहा है। उन्होंने मेरी सहमति के बिना मेरी तस्वीरों का उपयोग करके एक फर्जी प्रोफ़ाइल भी बनाई है। यह व्यक्ति मेरे दोस्तों और रिश्तेदारों को मेरे बारे में आपत्तिजनक सामग्री वाले संदेश भेज रहा है। मैंने खाते को ब्लॉक करने का प्रयास किया है, लेकिन नए नकली खाते सामने आते रहते हैं। इस ऑनलाइन उत्पीड़न के कारण मुझे बहुत तनाव और शर्मिंदगी उठानी पड़ रही है। मैं साइबर क्राइम सेल से अनुरोध करता हूं कि खाते का पता लगाया जाए और सख्त कार्रवाई की जाए। मैं उत्पीड़न के सबूत के रूप में स्क्रीनशॉट और चैट इतिहास साझा कर सकता हूं।",साइबर उत्पीड़न,रिपोर्ट चाहना कि टेलीग्राम जरिये ऑनलाइन परेशान जाना रहना । अज्ञात यूजर जुलाई अपमानजनक धमकी भरना संदेश भेजना रहना । सहमति बिना तस्वीर उपयोग फर्जी प्रोफाइल बनाना । व्यक्ति दोस्त रिश्तेदार बारे आपत्तिजनक सामग्री वाला संदेश भेजना रहना । खाता ब्लॉक प्रयास लेकिन नया नकली खाता सामने आना रहना । ऑनलाइन उत्पीडन कारण बहुत तनाव शर्मिंदगी उठाना पड़ना रहना । साइबर क्राइम सेल अनुरोध कि खाता पता लगाना जाना सख्त कार्रवाई जाना । उत्पीडन सबूत रूप स्क्रीनशॉट चैट इतिहास साझा सकना ।
"मैं दादर में रहने वाले एक अज्ञात व्यक्ति द्वारा मुझे दी गई धमकियों के संबंध में शिकायत दर्ज करा रहा हूं। धमकियां 18 तारीख को हमारे बीच मामूली विवाद के बाद शुरू हुईं। उन्होंने मुझे बोलने पर हमला करने और मेरी संपत्ति को नुकसान पहुंचाने की धमकी दी है। इससे मेरे और मेरे परिवार के सदस्यों में काफी डर और चिंता पैदा हो गई है। मैंने किसी भी टकराव से परहेज किया है, लेकिन धमकियां इसकी परवाह किए बिना जारी हैं। इलाके के पड़ोसियों को भी तनाव की जानकारी है और वे इसकी पुष्टि कर सकते हैं. मेरा अनुरोध है कि मेरी सुरक्षा सुनिश्चित करने के लिए उचित कानूनी कार्रवाई की जाए। धमकियों की गंभीर प्रकृति को देखते हुए कृपया इस मामले पर तत्परता से विचार करें।",धमकी,दादर रहना वाला अज्ञात व्यक्ति देना जाना धमकी संबंध शिकायत दर्ज रहना । धमकी तारीख बीच मामूली विवाद बाद शुरू होना । बोलना हमला संपत्ति नुकसान पहुंचाना धमकी देना । परिवार सदस्य काफी डर चिंता पैदा होना जाना । कोई टकराव परहेज लेकिन धमकी परवाह बिना जारी । इलाका पड़ोसी तनाव जानकारी पुष्टि सकना अनुरोध कि सुरक्षा सुनिश्चित उचित कानूनी कार्रवाई जाना धमकी गंभीर प्रकृति देखना होना कृपया मामला तत्परता विचार ।
मैं औंध में हुई छेड़छाड़ की एक घटना की रिपोर्ट करना चाहता हूं। दो दिन पहले जब मैं पैदल जा रही थी तो बस स्टॉप पर एक आदमी ने मुझ पर अश्लील टिप्पणी की। उन्होंने सीटियां भी बजाईं और मेरे और मेरे दोस्त की ओर अनुचित इशारे भी किए। जब मैंने उन्हें नज़रअंदाज कर दूर जाने की कोशिश की तो उन्होंने कुछ दूर तक पीछा किया। इस तरह के व्यवहार से मुझे अकेले यात्रा करते समय असुरक्षित महसूस होने लगा है। क्षेत्र की अन्य महिलाओं को भी उसी स्थान पर इसी तरह के उत्पीड़न का सामना करना पड़ा है। मैं ऐसी घटनाओं को रोकने के लिए इस क्षेत्र में पुलिस गश्त बढ़ाने का अनुरोध करता हूं। यदि लाइन-अप या सीसीटीवी समीक्षा की व्यवस्था की जाती है तो मैं व्यक्तियों की पहचान करने के लिए तैयार हूं।,ईव टीज़िंग,औंध होना छेडछाड घटना रिपोर्ट चाहना । दो दिन पहले जब पैदल जाना रहना बस स्टॉप आदमी ने अश्लील टिप्पणी । सीटी बजाना दोस्त ओर अनुचित इशारा । जब नजरअंदाज दूर जाना कोशिश कुछ दूर पीछा । तरह व्यवहार अकेला यात्रा समय असुरक्षित महसूस होना लगाना । क्षेत्र अन्य महिला स्थान तरह उत्पीडन सामना पड़ना । ऐसा घटना रोकना क्षेत्र पुलिस गश्त बढ़ाना अनुरोध । यदि लाइन अप सीसीटीवी समीक्षा व्यवस्था जाना व्यक्ति पहचान तैयार ।
"मैं कोथरुड में अपने आवास पर अपनी सास द्वारा झेली जा रही घरेलू हिंसा की रिपोर्ट करना चाहती हूं। पिछले एक महीने से शारीरिक और मानसिक शोषण जारी है। छोटी-छोटी घरेलू बातों पर अक्सर मुझे पीटा जाता है और गाली-गलौज की जाती है। उन्होंने मुझे बिना किसी सहारे के घर से बाहर निकाल देने की धमकी भी दी है. मेरे बच्चों ने ये घटनाएं देखी हैं, जिसका उन पर बुरा असर पड़ा है.' मैंने इसे शांतिपूर्ण तरीके से सुलझाने की कोशिश की है, लेकिन दुर्व्यवहार बढ़ता ही जा रहा है। मैं इस दुरुपयोग के लिए जिम्मेदार लोगों के खिलाफ सुरक्षा और कानूनी कार्रवाई का अनुरोध करता हूं। यदि आवश्यक हुआ तो मैं मेडिकल रिकॉर्ड और गवाहों के बयान उपलब्ध कराने के लिए तैयार हूं।",घरेलू हिंसा,कोथरुड अपना आवास अपना सास झेलना जाना रहना घरेलू हिंसा रिपोर्ट चाहना । पिछला महीना शारीरिक मानसिक शोषण जारी । छोटा छोटा घरेलू बात अक्सर पीटना जाना गाली गलौज जाना । बिना कोई सहारा घर बाहर निकालना देना धमकी देना बच्चा ने घटना देखना जो बुरा असर पड़ना शांतिपूर्ण तरीका सुलझाना कोशिश लेकिन दुर्व्यवहार बढना ही जाना रहना । दुरुपयोग जिम्मेदार लोग खिलाफ सुरक्षा कानूनी कार्रवाई अनुरोध । यदि आवश्यक होना मेडिकल रिकॉर्ड गवाह बयान उपलब्ध कराना तैयार ।
"मैं पिंपरी में अपने आवास पर अपनी सास द्वारा झेली जा रही घरेलू हिंसा की रिपोर्ट करना चाहती हूं। शारीरिक और मानसिक शोषण पिछले शुक्रवार से जारी है। छोटी-छोटी घरेलू बातों पर अक्सर मुझे पीटा जाता है और गाली-गलौज की जाती है। उन्होंने मुझे बिना किसी सहारे के घर से बाहर निकाल देने की धमकी भी दी है. मेरे बच्चों ने ये घटनाएं देखी हैं, जिसका उन पर बुरा असर पड़ा है.' मैंने इसे शांतिपूर्ण तरीके से सुलझाने की कोशिश की है, लेकिन दुर्व्यवहार बढ़ता ही जा रहा है। मैं इस दुरुपयोग के लिए जिम्मेदार लोगों के खिलाफ सुरक्षा और कानूनी कार्रवाई का अनुरोध करता हूं। यदि आवश्यक हुआ तो मैं मेडिकल रिकॉर्ड और गवाहों के बयान उपलब्ध कराने के लिए तैयार हूं।",घरेलू हिंसा,पिंपरी अपना आवास अपना सास झेलना जाना रहना घरेलू हिंसा रिपोर्ट चाहना । शारीरिक मानसिक शोषण पिछला शुक्रवार जारी । छोटा छोटा घरेलू बात अक्सर पीटना जाना गाली गलौज जाना । बिना कोई सहारा घर बाहर निकालना देना धमकी देना बच्चा ने घटना देखना जो बुरा असर पड़ना शांतिपूर्ण तरीका सुलझाना कोशिश लेकिन दुर्व्यवहार बढना ही जाना रहना । दुरुपयोग जिम्मेदार लोग खिलाफ सुरक्षा कानूनी कार्रवाई अनुरोध । यदि आवश्यक होना मेडिकल रिकॉर्ड गवाह बयान उपलब्ध कराना तैयार ।
मैं खरादी में हुई छेड़छाड़ की एक घटना की रिपोर्ट करना चाहता हूं। सोमवार दोपहर जब मैं टहल रही थी तो कुछ युवकों ने मुझ पर अश्लील कमेंट किए। उन्होंने सीटियां भी बजाईं और मेरे और मेरे दोस्त की ओर अनुचित इशारे भी किए। जब मैंने उन्हें नज़रअंदाज कर दूर जाने की कोशिश की तो उन्होंने कुछ दूर तक पीछा किया। इस तरह के व्यवहार से मुझे अकेले यात्रा करते समय असुरक्षित महसूस होने लगा है। क्षेत्र की अन्य महिलाओं को भी उसी स्थान पर इसी तरह के उत्पीड़न का सामना करना पड़ा है। मैं ऐसी घटनाओं को रोकने के लिए इस क्षेत्र में पुलिस गश्त बढ़ाने का अनुरोध करता हूं। यदि लाइन-अप या सीसीटीवी समीक्षा की व्यवस्था की जाती है तो मैं व्यक्तियों की पहचान करने के लिए तैयार हूं।,ईव टीज़िंग,खरादी होना छेडछाड घटना रिपोर्ट चाहना । सोमवार दोपहर जब टहलना रहना कुछ युवक ने अश्लील कमेंट । सीटी बजाना दोस्त ओर अनुचित इशारा । जब नजरअंदाज दूर जाना कोशिश कुछ दूर पीछा । तरह व्यवहार अकेला यात्रा समय असुरक्षित महसूस होना लगाना । क्षेत्र अन्य महिला स्थान तरह उत्पीडन सामना पड़ना । ऐसा घटना रोकना क्षेत्र पुलिस गश्त बढ़ाना अनुरोध । यदि लाइन अप सीसीटीवी समीक्षा व्यवस्था जाना व्यक्ति पहचान तैयार ।
"मैं औंध में शोर और उपद्रव के संबंध में एक सामान्य सुरक्षा शिकायत दर्ज करना चाहता हूं। 2 अगस्त के लिए, पास का एक प्रतिष्ठान अनुमत समय से अधिक जोर-शोर से काम कर रहा है। इससे आस-पड़ोस की शांति भंग हो गई है, विशेषकर बुजुर्ग निवासियों और बच्चों के लिए। मालिकों से शोर कम करने के बार-बार अनुरोध को नजरअंदाज कर दिया गया है। सप्ताहांत पर स्थिति और भी गंभीर हो जाती है जब अशांति देर रात तक जारी रहती है। इस मुद्दे को स्थानीय अधिकारियों के सामने उठाने के लिए कई पड़ोसी एकजुट हुए हैं। मैं यह सुनिश्चित करने के लिए आवश्यक कार्रवाई का अनुरोध करता हूं कि शोर के स्तर को नियंत्रण में लाया जाए। कृपया निवासियों की भलाई के लिए इस मामले पर जल्द से जल्द ध्यान दें।",अन्य,औंध शोर उपद्रव संबंध सामान्य सुरक्षा शिकायत दर्ज चाहना । अगस्त पास प्रतिष्ठान अनुमत समय अधिक जोर शोर काम रहना । आस पडोस शान्ति भंग होना जाना विशेषकर बुजुर्ग निवासी बच्चा । मालिक शोर कम बार बार अनुरोध नजरअंदाज देना जाना । सप्ताहांत स्थिति गंभीर होना जाना जब अशान्ति देर रात जारी रहना । मुद्दा स्थानीय अधिकारी सामने उठाना कई पड़ोसी एकजुट होना । सुनिश्चित आवश्यक कार्रवाई अनुरोध कि शोर स्तर नियंत्रण लाना जाना । कृपया निवासी भलाई मामला जल्द जल्द ध्यान देना ।
"मैं रिपोर्ट करना चाहता हूं कि मेरा जीजा स्नैपचैट का इस्तेमाल करके मुझे ब्लैकमेल कर रहा है। 2 अगस्त से इस व्यक्ति ने मेरी निजी तस्वीरें और जानकारी लीक करने की धमकी दी है। वे रुपये की मांग कर रहे हैं. सामग्री को सार्वजनिक न करने के बदले में 35,000 रु. मैंने पैसे देने से इनकार कर दिया है, जिसके बाद धमकियां और भी बढ़ गई हैं. इस ब्लैकमेल से मुझे गंभीर मानसिक तनाव और सामाजिक शर्मिंदगी का डर सता रहा है। मैंने सभी चैट वार्तालाप और स्क्रीनशॉट को साक्ष्य के रूप में सहेजा है। मैं साइबर अपराध विभाग से जांच करने और सख्त कार्रवाई करने का अनुरोध करता हूं।' मैं यह सुनिश्चित करने के लिए पूरा सहयोग करने को तैयार हूं कि इस व्यक्ति को जवाबदेह ठहराया जाए।",ब्लैकमेल,रिपोर्ट चाहना कि जीजा स्नैपचैट इस्तेमाल ब्लैकमेल रहना । अगस्त व्यक्ति ने निजी तस्वीर जानकारी लीक धमकी देना । रुपया मांग रहना सामग्री सार्वजनिक न बदले रु पैसा देना इनकार देना जो बाद धमकी बढ़ना जाना ब्लैकमेल गंभीर मानसिक तनाव सामाजिक शर्मिंदगी डर सताना रहना । सभी चैट वार्तालाप स्क्रीनशॉट साक्ष्य रूप सहेजना । साइबर अपराध विभाग जांच सख्त कार्रवाई अनुरोध । सुनिश्चित पूरा सहयोग तैयार कि व्यक्ति जवाबदेह ठहराना जाना ।
"मैं दादर में शोर और उपद्रव के संबंध में एक सामान्य सुरक्षा शिकायत दर्ज करना चाहता हूं। इस महीने की 3 तारीख से, पास का एक प्रतिष्ठान अनुमत घंटों से अधिक जोर-शोर से काम कर रहा है। इससे आस-पड़ोस की शांति भंग हो गई है, विशेषकर बुजुर्ग निवासियों और बच्चों के लिए। मालिकों से शोर कम करने के बार-बार अनुरोध को नजरअंदाज कर दिया गया है। सप्ताहांत पर स्थिति और भी गंभीर हो जाती है जब अशांति देर रात तक जारी रहती है। इस मुद्दे को स्थानीय अधिकारियों के सामने उठाने के लिए कई पड़ोसी एकजुट हुए हैं। मैं यह सुनिश्चित करने के लिए आवश्यक कार्रवाई का अनुरोध करता हूं कि शोर के स्तर को नियंत्रण में लाया जाए। कृपया निवासियों की भलाई के लिए इस मामले पर जल्द से जल्द ध्यान दें।",अन्य,दादर शोर उपद्रव संबंध सामान्य सुरक्षा शिकायत दर्ज चाहना । महीना तारीख पास प्रतिष्ठान अनुमत घंटा अधिक जोर शोर काम रहना । आस पडोस शान्ति भंग होना जाना विशेषकर बुजुर्ग निवासी बच्चा । मालिक शोर कम बार बार अनुरोध नजरअंदाज देना जाना । सप्ताहांत स्थिति गंभीर होना जाना जब अशान्ति देर रात जारी रहना । मुद्दा स्थानीय अधिकारी सामने उठाना कई पड़ोसी एकजुट होना । सुनिश्चित आवश्यक कार्रवाई अनुरोध कि शोर स्तर नियंत्रण लाना जाना । कृपया निवासी भलाई मामला जल्द जल्द ध्यान देना ।
"मैं पिंपरी बस स्टॉप के पास हुई एक छेड़छाड़ की घटना की रिपोर्ट कर रहा हूं। आज सुबह करीब 8 बजे बस स्टॉप पर एक आदमी ने मुझे छेड़ना शुरू कर दिया और भद्दे कमेंट करने लगा। उन्होंने मेरी अनुमति के बिना मेरी तस्वीरें खींचने की भी कोशिश की. मैंने उनका विरोध किया, लेकिन उन्होंने इसे हंसी में उड़ा दिया और अपना व्यवहार जारी रखा। यह पहली बार नहीं है जब इस स्थान पर ऐसी घटनाएं हुई हैं। इसी ग्रुप के बारे में कई अन्य लड़कियों ने अनौपचारिक रूप से शिकायत की है. मैं महिलाओं की सुरक्षा सुनिश्चित करने के लिए सख्त कार्रवाई और नियमित पुलिस उपस्थिति का अनुरोध करता हूं। यदि व्यक्तियों का पता लगाया जाता है तो मैं पहचान में सहायता करने को तैयार हूं।",ईव टीज़िंग,पिंपरी बस स्टॉप पास होना छेडछाड घटना रिपोर्ट रहना । आज सुबह करीब बजे बस स्टॉप आदमी ने छेड़ना शुरू देना भद्दा कमेंट लगाना । अनुमति बिना तस्वीर खींचना कोशिश विरोध लेकिन हँसी उड़ाना देना अपना व्यवहार जारी रखना । पहला बार नहीं जब स्थान ऐसा घटना होना । ग्रुप बारे कई अन्य लड़की ने अनौपचारिक रूप शिकायत महिला सुरक्षा सुनिश्चित सख्त कार्रवाई नियमित पुलिस उपस्थिति अनुरोध । यदि व्यक्ति पता लगाना जाना पहचान सहायता तैयार ।
मैं घर में लगातार घरेलू दुर्व्यवहार के लिए अपनी सास के खिलाफ यह शिकायत दर्ज करा रही हूं। चूंकि पिछले एक महीने से मेरे साथ मारपीट और उत्पीड़न किया जा रहा है। मुझे बुनियादी ज़रूरतों से भी वंचित कर दिया जाता है और बिना कारण घर तक सीमित कर दिया जाता है। जब भी मैं बोलने की कोशिश करता हूं तो बार-बार हिंसा की धमकियां मिलती रहती हैं। मेरे रिश्तेदार स्थिति से अवगत हैं और दुर्व्यवहार की गवाही दे सकते हैं। मुझे अपनी सुरक्षा और मेरे साथ रहने वाले मेरे बच्चों की सुरक्षा का डर है। मैं कानून के तहत तत्काल सुरक्षा और उचित कानूनी कार्रवाई का अनुरोध करता हूं। कृपया मेरी स्थिति के लिए उपलब्ध आश्रय और कानूनी सहायता के संबंध में मेरा मार्गदर्शन करें।,घरेलू हिंसा,घर लगातार घरेलू दुर्व्यवहार अपना सास खिलाफ शिकायत दर्ज रहना । चूंकि पिछला महीना साथ मारपीट उत्पीडन जाना रहना । बुनियादी ज़रूरत वंचित देना जाना बिना कारण घर सीमित देना जाना । जब बोलना कोशिश बार बार हिंसा धमकी मिलना रहना । रिश्तेदार स्थिति अवगत दुर्व्यवहार गवाही देना सकना । अपना सुरक्षा साथ रहना वाला बच्चा सुरक्षा डर । कानून तहत तत्काल सुरक्षा उचित कानूनी कार्रवाई अनुरोध । कृपया स्थिति उपलब्ध आश्रय कानूनी सहायता संबंध मार्गदर्शन ।
"मैं रिपोर्ट करना चाहती हूं कि मुझे टेलीग्राम के जरिए ऑनलाइन परेशान किया जा रहा है। एक अज्ञात उपयोगकर्ता पिछले शुक्रवार से मुझे अपमानजनक और धमकी भरे संदेश भेज रहा है। उन्होंने मेरी सहमति के बिना मेरी तस्वीरों का उपयोग करके एक फर्जी प्रोफ़ाइल भी बनाई है। यह व्यक्ति मेरे दोस्तों और रिश्तेदारों को मेरे बारे में आपत्तिजनक सामग्री वाले संदेश भेज रहा है। मैंने खाते को ब्लॉक करने का प्रयास किया है, लेकिन नए नकली खाते सामने आते रहते हैं। इस ऑनलाइन उत्पीड़न के कारण मुझे बहुत तनाव और शर्मिंदगी उठानी पड़ रही है। मैं साइबर क्राइम सेल से अनुरोध करता हूं कि खाते का पता लगाया जाए और सख्त कार्रवाई की जाए। मैं उत्पीड़न के सबूत के रूप में स्क्रीनशॉट और चैट इतिहास साझा कर सकता हूं।",साइबर उत्पीड़न,रिपोर्ट चाहना कि टेलीग्राम जरिये ऑनलाइन परेशान जाना रहना । अज्ञात उपयोगकर्ता पिछला शुक्रवार अपमानजनक धमकी भरना संदेश भेजना रहना । सहमति बिना तस्वीर उपयोग फर्जी प्रोफाइल बनाना । व्यक्ति दोस्त रिश्तेदार बारे आपत्तिजनक सामग्री वाला संदेश भेजना रहना । खाता ब्लॉक प्रयास लेकिन नया नकली खाता सामने आना रहना । ऑनलाइन उत्पीडन कारण बहुत तनाव शर्मिंदगी उठाना पड़ना रहना । साइबर क्राइम सेल अनुरोध कि खाता पता लगाना जाना सख्त कार्रवाई जाना । उत्पीडन सबूत रूप स्क्रीनशॉट चैट इतिहास साझा सकना ।
"मैं नासिक रोड में देखी गई एक संदिग्ध गतिविधि की रिपोर्ट करना चाहता हूं। 2 अगस्त से, अज्ञात व्यक्ति अजीब समय पर परित्यक्त इमारत के पास इकट्ठा हो रहे हैं। निवासियों को संदेह है कि रात में वहां कुछ अवैध गतिविधि हो सकती है। उस स्थान से तेज़ आवाज़ें और कभी-कभार बहसें सुनाई देती रही हैं। इससे आसपास रहने वाले परिवारों में सुरक्षा संबंधी चिंताएं बढ़ गई हैं। स्थानीय वार्ड कार्यालय को सूचित करने के बावजूद कोई आधिकारिक कार्रवाई नहीं की गई है। मैं अधिकारियों से इस मामले की जांच करने और निवासियों की सुरक्षा सुनिश्चित करने का अनुरोध करता हूं। यदि आवश्यक हुआ तो मैं अधिक विवरण प्रदान करने या अधिकारियों के साथ जाने को तैयार हूं।",अन्य,नासिक रोड देखना जाना संदिग्ध गतिविधि रिपोर्ट चाहना । अगस्त अज्ञात व्यक्ति अजीब समय परित्यक्त इमारत पास इकट्ठा होना रहना । निवासी संदेह कि रात वहाँ कुछ अवैध गतिविधि होना सकना । स्थान तेज आवाज कभी कभार बहस सुनाना देना रहना । आसपास रहना वाला परिवार सुरक्षा संबंधी चिंता बढ़ना जाना । स्थानीय वार्ड कार्यालय सूचित बावजूद कोई आधिकारिक कार्रवाई नहीं जाना । अधिकारी मामला जांच निवासी सुरक्षा सुनिश्चित अनुरोध । यदि आवश्यक होना अधिक विवरण प्रदान अधिकारी साथ जाना तैयार ।
"मैं दादर में रहने वाले अपने पूर्व पति द्वारा मुझे दी गई धमकियों के संबंध में शिकायत दर्ज करा रही हूं। धमकियां पिछले शुक्रवार को हमारे बीच मामूली विवाद के बाद शुरू हुईं। उन्होंने मुझे बोलने पर हमला करने और मेरी संपत्ति को नुकसान पहुंचाने की धमकी दी है। इससे मेरे और मेरे परिवार के सदस्यों में काफी डर और चिंता पैदा हो गई है। मैंने किसी भी टकराव से परहेज किया है, लेकिन धमकियां इसकी परवाह किए बिना जारी हैं। इलाके के पड़ोसियों को भी तनाव की जानकारी है और वे इसकी पुष्टि कर सकते हैं. मेरा अनुरोध है कि मेरी सुरक्षा सुनिश्चित करने के लिए उचित कानूनी कार्रवाई की जाए। धमकियों की गंभीर प्रकृति को देखते हुए कृपया इस मामले पर तत्परता से विचार करें।",धमकी,दादर रहना वाला अपना पूर्व पति देना जाना धमकी संबंध शिकायत दर्ज रहना । धमकी पिछला शुक्रवार बीच मामूली विवाद बाद शुरू होना । बोलना हमला संपत्ति नुकसान पहुंचाना धमकी देना । परिवार सदस्य काफी डर चिंता पैदा होना जाना । कोई टकराव परहेज लेकिन धमकी परवाह बिना जारी । इलाका पड़ोसी तनाव जानकारी पुष्टि सकना अनुरोध कि सुरक्षा सुनिश्चित उचित कानूनी कार्रवाई जाना धमकी गंभीर प्रकृति देखना होना कृपया मामला तत्परता विचार ।
"मैं दादर में शोर और उपद्रव के संबंध में एक सामान्य सुरक्षा शिकायत दर्ज करना चाहता हूं। 18 तारीख को, पास का एक प्रतिष्ठान अनुमत समय से अधिक जोर-शोर से काम कर रहा था। इससे आस-पड़ोस की शांति भंग हो गई है, विशेषकर बुजुर्ग निवासियों और बच्चों के लिए। मालिकों से शोर कम करने के बार-बार अनुरोध को नजरअंदाज कर दिया गया है। सप्ताहांत पर स्थिति और भी गंभीर हो जाती है जब अशांति देर रात तक जारी रहती है। इस मुद्दे को स्थानीय अधिकारियों के सामने उठाने के लिए कई पड़ोसी एकजुट हुए हैं। मैं यह सुनिश्चित करने के लिए आवश्यक कार्रवाई का अनुरोध करता हूं कि शोर के स्तर को नियंत्रण में लाया जाए। कृपया निवासियों की भलाई के लिए इस मामले पर जल्द से जल्द ध्यान दें।",अन्य,दादर शोर उपद्रव संबंध सामान्य सुरक्षा शिकायत दर्ज चाहना । तारीख पास प्रतिष्ठान अनुमत समय अधिक जोर शोर काम रहना । आस पडोस शान्ति भंग होना जाना विशेषकर बुजुर्ग निवासी बच्चा । मालिक शोर कम बार बार अनुरोध नजरअंदाज देना जाना । सप्ताहांत स्थिति गंभीर होना जाना जब अशान्ति देर रात जारी रहना । मुद्दा स्थानीय अधिकारी सामने उठाना कई पड़ोसी एकजुट होना । सुनिश्चित आवश्यक कार्रवाई अनुरोध कि शोर स्तर नियंत्रण लाना जाना । कृपया निवासी भलाई मामला जल्द जल्द ध्यान देना ।
मैं घर में लगातार घरेलू दुर्व्यवहार के लिए अपने ससुराल वालों के खिलाफ यह शिकायत दर्ज करा रही हूं। 2 अगस्त से मुझे शारीरिक उत्पीड़न और उत्पीड़न का शिकार होना पड़ रहा है। मुझे बुनियादी ज़रूरतों से भी वंचित कर दिया जाता है और बिना कारण घर तक सीमित कर दिया जाता है। जब भी मैं बोलने की कोशिश करता हूं तो बार-बार हिंसा की धमकियां मिलती रहती हैं। मेरे रिश्तेदार स्थिति से अवगत हैं और दुर्व्यवहार की गवाही दे सकते हैं। मुझे अपनी सुरक्षा और मेरे साथ रहने वाले मेरे बच्चों की सुरक्षा का डर है। मैं कानून के तहत तत्काल सुरक्षा और उचित कानूनी कार्रवाई का अनुरोध करता हूं। कृपया मेरी स्थिति के लिए उपलब्ध आश्रय और कानूनी सहायता के संबंध में मेरा मार्गदर्शन करें।,घरेलू हिंसा,घर लगातार घरेलू दुर्व्यवहार अपना ससुराल वाला खिलाफ शिकायत दर्ज रहना । अगस्त शारीरिक उत्पीडन उत्पीडन शिकार होना पड़ना रहना । बुनियादी ज़रूरत वंचित देना जाना बिना कारण घर सीमित देना जाना । जब बोलना कोशिश बार बार हिंसा धमकी मिलना रहना । रिश्तेदार स्थिति अवगत दुर्व्यवहार गवाही देना सकना । अपना सुरक्षा साथ रहना वाला बच्चा सुरक्षा डर । कानून तहत तत्काल सुरक्षा उचित कानूनी कार्रवाई अनुरोध । कृपया स्थिति उपलब्ध आश्रय कानूनी सहायता संबंध मार्गदर्शन ।
"मैं चिंचवड़ में रहने वाले अपने मकान मालिक द्वारा मुझे दी गई धमकियों के संबंध में शिकायत दर्ज करा रहा हूं। इस महीने की 3 तारीख को हमारे बीच एक मामूली विवाद के बाद धमकियां मिलनी शुरू हुईं। उन्होंने मुझे बोलने पर हमला करने और मेरी संपत्ति को नुकसान पहुंचाने की धमकी दी है। इससे मेरे और मेरे परिवार के सदस्यों में काफी डर और चिंता पैदा हो गई है। मैंने किसी भी टकराव से परहेज किया है, लेकिन धमकियां इसकी परवाह किए बिना जारी हैं। इलाके के पड़ोसियों को भी तनाव की जानकारी है और वे इसकी पुष्टि कर सकते हैं. मेरा अनुरोध है कि मेरी सुरक्षा सुनिश्चित करने के लिए उचित कानूनी कार्रवाई की जाए। धमकियों की गंभीर प्रकृति को देखते हुए कृपया इस मामले पर तत्परता से विचार करें।",धमकी,चिंचवड़ रहना वाला अपना मकान मालिक देना जाना धमकी संबंध शिकायत दर्ज रहना । महीना तारीख बीच मामूली विवाद बाद धमकी मिलना शुरू होना । बोलना हमला संपत्ति नुकसान पहुंचाना धमकी देना । परिवार सदस्य काफी डर चिंता पैदा होना जाना । कोई टकराव परहेज लेकिन धमकी परवाह बिना जारी । इलाका पड़ोसी तनाव जानकारी पुष्टि सकना अनुरोध कि सुरक्षा सुनिश्चित उचित कानूनी कार्रवाई जाना धमकी गंभीर प्रकृति देखना होना कृपया मामला तत्परता विचार ।
"मैं चिंचवड़ में हुई नकदी और कार्ड वाले अपने पर्स की चोरी की रिपोर्ट करना चाहता हूं। यह घटना आज सुबह मुख्य बाजार क्षेत्र के पास हुई। जब मुझे एहसास हुआ कि यह गायब है, तो मैंने तुरंत आसपास की जाँच की लेकिन कुछ नहीं मिला। मुझे संदेह है कि इसे किसी ऐसे व्यक्ति ने चुराया है जो कुछ समय से मेरा पीछा कर रहा था। चोरी गए सामान की अनुमानित कीमत करीब तीन लाख रुपये है। 50,000. मैंने स्थानीय दुकानदारों को पहले ही सूचित कर दिया है कि उन्हें कुछ भी असामान्य दिखे। मैं पुलिस से मामले की जांच करने और मेरा सामान बरामद करने में मदद करने का अनुरोध करता हूं। यदि उपलब्ध हो तो मैं कोई भी अतिरिक्त विवरण या सीसीटीवी फुटेज स्थान प्रदान करने के लिए तैयार हूं।",चोरी,चिंचवड होना नकदी कार्ड वाला अपना पर्स चोरी रिपोर्ट चाहना । घटना आज सुबह मुख्य बाजार क्षेत्र पास होना । जब एहसास होना कि गायब तुरंत आसपास जाँच लेकिन कुछ नहीं मिलना । संदेह कि कोई ऐसा व्यक्ति ने चुराना जो कुछ समय पीछा रहना । चोरी जाना सामान अनुमानित कीमत करीब तीन लाख रुपया । स्थानीय दुकानदार पहले ही सूचित देना कि कुछ असामान्य दिखना । पुलिस मामला जांच सामान बरामद मदद अनुरोध । यदि उपलब्ध होना कोई अतिरिक्त विवरण सीसीटीवी फुटेज स्थान प्रदान तैयार ।
"मैं विले पार्ले में रहने वाले एक दुकानदार द्वारा मुझे दी गई धमकियों के संबंध में शिकायत दर्ज करा रहा हूं। धमकियां पिछले शुक्रवार को हमारे बीच मामूली विवाद के बाद शुरू हुईं। उन्होंने मुझे बोलने पर हमला करने और मेरी संपत्ति को नुकसान पहुंचाने की धमकी दी है। इससे मेरे और मेरे परिवार के सदस्यों में काफी डर और चिंता पैदा हो गई है। मैंने किसी भी टकराव से परहेज किया है, लेकिन धमकियां इसकी परवाह किए बिना जारी हैं। इलाके के पड़ोसियों को भी तनाव की जानकारी है और वे इसकी पुष्टि कर सकते हैं. मेरा अनुरोध है कि मेरी सुरक्षा सुनिश्चित करने के लिए उचित कानूनी कार्रवाई की जाए। धमकियों की गंभीर प्रकृति को देखते हुए कृपया इस मामले पर तत्परता से विचार करें।",धमकी,विले पार्ले रहना वाला दुकानदार देना जाना धमकी संबंध शिकायत दर्ज रहना । धमकी पिछला शुक्रवार बीच मामूली विवाद बाद शुरू होना । बोलना हमला संपत्ति नुकसान पहुंचाना धमकी देना । परिवार सदस्य काफी डर चिंता पैदा होना जाना । कोई टकराव परहेज लेकिन धमकी परवाह बिना जारी । इलाका पड़ोसी तनाव जानकारी पुष्टि सकना अनुरोध कि सुरक्षा सुनिश्चित उचित कानूनी कार्रवाई जाना धमकी गंभीर प्रकृति देखना होना कृपया मामला तत्परता विचार ।
"स्नैपचैट पर कोई मुझे बार-बार अनुचित संदेश और टिप्पणियाँ भेज रहा है। यह उत्पीड़न 2 अगस्त को शुरू हुआ और हाल ही में इसकी आवृत्ति में वृद्धि हुई है। उस व्यक्ति ने मेरे सार्वजनिक पोस्ट पर भी अश्लील टिप्पणी की है.' मैंने उन्हें समझाने की कोशिश की, लेकिन उन्होंने और भी अश्लील संदेश जारी रखे। उन्होंने मेरे दोस्तों और परिवार को भी शर्मनाक और झूठे पोस्ट में टैग किया। मैं बेहद परेशान हूं और अब शांति से सोशल मीडिया का इस्तेमाल नहीं कर पा रहा हूं।' मेरा अनुरोध है कि खाते का पता लगाया जाए और उचित कार्रवाई की जाए। मैं अपनी शिकायत के समर्थन में आवश्यक स्क्रीनशॉट संलग्न कर रहा हूं।",साइबर उत्पीड़न,स्नैपचैट कोई बार बार अनुचित संदेश टिप्पणी भेजना रहना । उत्पीडन अगस्त शुरू होना हाल ही आवृत्ति वृद्धि होना । व्यक्ति ने सार्वजनिक पोस्ट अश्लील टिप्पणी समझाना कोशिश लेकिन अश्लील संदेश जारी रखना । दोस्त परिवार शर्मनाक झूठा पोस्ट टैग । बेहद परेशान अब शान्ति सोशल मीडिया इस्तेमाल नहीं पाना रहना । अनुरोध कि खाता पता लगाना जाना उचित कार्रवाई जाना । अपना शिकायत समर्थन आवश्यक स्क्रीनशॉट संलग्न रहना ।
"मैं वाकाड में शोर और उपद्रव के संबंध में एक सामान्य सुरक्षा शिकायत दर्ज करना चाहता हूं। 22 जून से, पास का एक प्रतिष्ठान अनुमत समय से अधिक जोर-शोर से काम कर रहा है। इससे आस-पड़ोस की शांति भंग हो गई है, विशेषकर बुजुर्ग निवासियों और बच्चों के लिए। मालिकों से शोर कम करने के बार-बार अनुरोध को नजरअंदाज कर दिया गया है। सप्ताहांत पर स्थिति और भी गंभीर हो जाती है जब अशांति देर रात तक जारी रहती है। इस मुद्दे को स्थानीय अधिकारियों के सामने उठाने के लिए कई पड़ोसी एकजुट हुए हैं। मैं यह सुनिश्चित करने के लिए आवश्यक कार्रवाई का अनुरोध करता हूं कि शोर के स्तर को नियंत्रण में लाया जाए। कृपया निवासियों की भलाई के लिए इस मामले पर जल्द से जल्द ध्यान दें।",अन्य,वाकाड शोर उपद्रव संबंध सामान्य सुरक्षा शिकायत दर्ज चाहना । जून पास प्रतिष्ठान अनुमत समय अधिक जोर शोर काम रहना । आस पडोस शान्ति भंग होना जाना विशेषकर बुजुर्ग निवासी बच्चा । मालिक शोर कम बार बार अनुरोध नजरअंदाज देना जाना । सप्ताहांत स्थिति गंभीर होना जाना जब अशान्ति देर रात जारी रहना । मुद्दा स्थानीय अधिकारी सामने उठाना कई पड़ोसी एकजुट होना । सुनिश्चित आवश्यक कार्रवाई अनुरोध कि शोर स्तर नियंत्रण लाना जाना । कृपया निवासी भलाई मामला जल्द जल्द ध्यान देना ।
"मेरे कार्यस्थल पर वरिष्ठ के रूप में पहचाने जाने वाला एक व्यक्ति 2 अगस्त से मेरा पीछा कर रहा है। कल रात करीब 9 बजे वे मेरे कॉलेज के गेट के पास खड़े होकर मुझे देखते दिखे। मेरे कई बार मना करने के बाद भी वे बार-बार मुझसे बात करने की कोशिश करते हैं। मेरे दोस्तों ने भी देखा है कि यह व्यक्ति अलग-अलग दिनों में मेरा पीछा कर रहा है। ऐसा लगता है कि यह व्यक्ति मेरी दिनचर्या जानता है, जो बहुत चिंताजनक है। मुझे डर है कि अगर इसे नहीं रोका गया तो यह और भी खतरनाक रूप ले सकता है। मेरा अनुरोध है कि इस व्यक्ति के खिलाफ तुरंत सख्त कार्रवाई की जाए।' कृपया मेरी सुरक्षा सुनिश्चित करने के लिए अगले कदमों पर मेरा मार्गदर्शन करें।",स्टॉकिंग,कार्यस्थल वरिष्ठ रूप पहचानना जाना वाला व्यक्ति अगस्त पीछा रहना । कल रात करीब बजे कॉलेज गेट पास खड़ा होना देखना दिखे।ना कई बार मना बाद बार बार बात कोशिश । दोस्त ने देखना कि व्यक्ति अलग अलग दिन पीछा रहना । ऐसा लगना कि व्यक्ति दिनचर्या जानना जो बहुत चिंताजनक । डर कि अगर नहीं रोकना जाना खतरनाक रूप लेना सकना । अनुरोध कि व्यक्ति खिलाफ तुरंत सख्त कार्रवाई जाना । कृपया सुरक्षा सुनिश्चित अगला कदम मार्गदर्शन ।
"मैं रिपोर्ट करना चाहता हूं कि पास का एक दुकानदार फेसबुक का उपयोग करके मुझे ब्लैकमेल कर रहा है। पिछले दो सप्ताह से यह व्यक्ति मेरी निजी तस्वीरें और जानकारी लीक करने की धमकी दे रहा है। वे रुपये की मांग कर रहे हैं. सामग्री को सार्वजनिक न करने के बदले में 1,00,000 रु. मैंने पैसे देने से इनकार कर दिया है, जिसके बाद धमकियां और भी बढ़ गई हैं. इस ब्लैकमेल से मुझे गंभीर मानसिक तनाव और सामाजिक शर्मिंदगी का डर सता रहा है। मैंने सभी चैट वार्तालाप और स्क्रीनशॉट को साक्ष्य के रूप में सहेजा है। मैं साइबर अपराध विभाग से जांच करने और सख्त कार्रवाई करने का अनुरोध करता हूं।' मैं यह सुनिश्चित करने के लिए पूरा सहयोग करने को तैयार हूं कि इस व्यक्ति को जवाबदेह ठहराया जाए।",ब्लैकमेल,रिपोर्ट चाहना कि पास दुकानदार फेसबुक उपयोग ब्लैकमेल रहना । पिछला दो सप्ताह व्यक्ति निजी तस्वीर जानकारी लीक धमकी देना रहना । रुपया मांग रहना सामग्री सार्वजनिक न बदले रु पैसा देना इनकार देना जो बाद धमकी बढ़ना जाना ब्लैकमेल गंभीर मानसिक तनाव सामाजिक शर्मिंदगी डर सताना रहना । सभी चैट वार्तालाप स्क्रीनशॉट साक्ष्य रूप सहेजना । साइबर अपराध विभाग जांच सख्त कार्रवाई अनुरोध । सुनिश्चित पूरा सहयोग तैयार कि व्यक्ति जवाबदेह ठहराना जाना ।
मैं विले पार्ले में हुई छेड़छाड़ की एक घटना की रिपोर्ट करना चाहता हूं। कल शाम जब मैं पैदल जा रही थी तो बाइक पर सवार दो लोगों ने मुझ पर अश्लील टिप्पणियां कीं। उन्होंने सीटियां भी बजाईं और मेरे और मेरे दोस्त की ओर अनुचित इशारे भी किए। जब मैंने उन्हें नज़रअंदाज कर दूर जाने की कोशिश की तो उन्होंने कुछ दूर तक पीछा किया। इस तरह के व्यवहार से मुझे अकेले यात्रा करते समय असुरक्षित महसूस होने लगा है। क्षेत्र की अन्य महिलाओं को भी उसी स्थान पर इसी तरह के उत्पीड़न का सामना करना पड़ा है। मैं ऐसी घटनाओं को रोकने के लिए इस क्षेत्र में पुलिस गश्त बढ़ाने का अनुरोध करता हूं। यदि लाइन-अप या सीसीटीवी समीक्षा की व्यवस्था की जाती है तो मैं व्यक्तियों की पहचान करने के लिए तैयार हूं।,ईव टीज़िंग,विले पार्ले होना छेडछाड घटना रिपोर्ट चाहना । कल शाम जब पैदल जाना रहना बाइक सवार दो लोग ने अश्लील टिप्पणी कीं।ना सीटी बजाना दोस्त ओर अनुचित इशारा । जब नजरअंदाज दूर जाना कोशिश कुछ दूर पीछा । तरह व्यवहार अकेला यात्रा समय असुरक्षित महसूस होना लगाना । क्षेत्र अन्य महिला स्थान तरह उत्पीडन सामना पड़ना । ऐसा घटना रोकना क्षेत्र पुलिस गश्त बढ़ाना अनुरोध । यदि लाइन अप सीसीटीवी समीक्षा व्यवस्था जाना व्यक्ति पहचान तैयार ।
"मैं रिपोर्ट करना चाहती हूं कि मुझे व्हाट्सएप के जरिए ऑनलाइन परेशान किया जा रहा है। एक अज्ञात यूजर पिछले महीने की 10 तारीख से मुझे अपमानजनक और धमकी भरे संदेश भेज रहा है। उन्होंने मेरी सहमति के बिना मेरी तस्वीरों का उपयोग करके एक फर्जी प्रोफ़ाइल भी बनाई है। यह व्यक्ति मेरे दोस्तों और रिश्तेदारों को मेरे बारे में आपत्तिजनक सामग्री वाले संदेश भेज रहा है। मैंने खाते को ब्लॉक करने का प्रयास किया है, लेकिन नए नकली खाते सामने आते रहते हैं। इस ऑनलाइन उत्पीड़न के कारण मुझे बहुत तनाव और शर्मिंदगी उठानी पड़ रही है। मैं साइबर क्राइम सेल से अनुरोध करता हूं कि खाते का पता लगाया जाए और सख्त कार्रवाई की जाए। मैं उत्पीड़न के सबूत के रूप में स्क्रीनशॉट और चैट इतिहास साझा कर सकता हूं।",साइबर उत्पीड़न,रिपोर्ट चाहना कि व्हाट्सएप जरिये ऑनलाइन परेशान जाना रहना । अज्ञात यूजर पिछला महीना तारीख अपमानजनक धमकी भरना संदेश भेजना रहना । सहमति बिना तस्वीर उपयोग फर्जी प्रोफाइल बनाना । व्यक्ति दोस्त रिश्तेदार बारे आपत्तिजनक सामग्री वाला संदेश भेजना रहना । खाता ब्लॉक प्रयास लेकिन नया नकली खाता सामने आना रहना । ऑनलाइन उत्पीडन कारण बहुत तनाव शर्मिंदगी उठाना पड़ना रहना । साइबर क्राइम सेल अनुरोध कि खाता पता लगाना जाना सख्त कार्रवाई जाना । उत्पीडन सबूत रूप स्क्रीनशॉट चैट इतिहास साझा सकना ।
"मैं चिंचवड़ बस स्टॉप के पास हुई एक छेड़छाड़ की घटना की रिपोर्ट कर रहा हूं। जब मैं बाजार से वापस आ रही थी तो कुछ युवक मेरे साथ छेड़छाड़ करने लगे और भद्दे कमेंट करने लगे। उन्होंने मेरी अनुमति के बिना मेरी तस्वीरें खींचने की भी कोशिश की. मैंने उनका विरोध किया, लेकिन उन्होंने इसे हंसी में उड़ा दिया और अपना व्यवहार जारी रखा। यह पहली बार नहीं है जब इस स्थान पर ऐसी घटनाएं हुई हैं। इसी ग्रुप के बारे में कई अन्य लड़कियों ने अनौपचारिक रूप से शिकायत की है. मैं महिलाओं की सुरक्षा सुनिश्चित करने के लिए सख्त कार्रवाई और नियमित पुलिस उपस्थिति का अनुरोध करता हूं। यदि व्यक्तियों का पता लगाया जाता है तो मैं पहचान में सहायता करने को तैयार हूं।",ईव टीज़िंग,चिंचवड बस स्टॉप पास होना छेडछाड घटना रिपोर्ट रहना । जब बाजार वापस आना रहना कुछ युवक साथ छेडछाड लगना भद्दा कमेंट लगना । अनुमति बिना तस्वीर खींचना कोशिश विरोध लेकिन हँसी उड़ाना देना अपना व्यवहार जारी रखना । पहला बार नहीं जब स्थान ऐसा घटना होना । ग्रुप बारे कई अन्य लड़की ने अनौपचारिक रूप शिकायत महिला सुरक्षा सुनिश्चित सख्त कार्रवाई नियमित पुलिस उपस्थिति अनुरोध । यदि व्यक्ति पता लगाना जाना पहचान सहायता तैयार ।
"मैं खरादी बस स्टॉप के पास हुई एक छेड़छाड़ की घटना की रिपोर्ट कर रहा हूं। जब मैं कॉलेज जा रही थी तो बाइक पर दो आदमी मुझे छेड़ने लगे और भद्दे कमेंट करने लगे। उन्होंने मेरी अनुमति के बिना मेरी तस्वीरें खींचने की भी कोशिश की. मैंने उनका विरोध किया, लेकिन उन्होंने इसे हंसी में उड़ा दिया और अपना व्यवहार जारी रखा। यह पहली बार नहीं है जब इस स्थान पर ऐसी घटनाएं हुई हैं। इसी ग्रुप के बारे में कई अन्य लड़कियों ने अनौपचारिक रूप से शिकायत की है. मैं महिलाओं की सुरक्षा सुनिश्चित करने के लिए सख्त कार्रवाई और नियमित पुलिस उपस्थिति का अनुरोध करता हूं। यदि व्यक्तियों का पता लगाया जाता है तो मैं पहचान में सहायता करने को तैयार हूं।",ईव टीज़िंग,खरादी बस स्टॉप पास होना छेडछाड घटना रिपोर्ट रहना । जब कॉलेज जाना रहना बाइक दो आदमी छेडना लगना भद्दा कमेंट लगना । अनुमति बिना तस्वीर खींचना कोशिश विरोध लेकिन हँसी उड़ाना देना अपना व्यवहार जारी रखना । पहला बार नहीं जब स्थान ऐसा घटना होना । ग्रुप बारे कई अन्य लड़की ने अनौपचारिक रूप शिकायत महिला सुरक्षा सुनिश्चित सख्त कार्रवाई नियमित पुलिस उपस्थिति अनुरोध । यदि व्यक्ति पता लगाना जाना पहचान सहायता तैयार ।
"मैं हडपसर में शोर और उपद्रव के संबंध में एक सामान्य सुरक्षा शिकायत दर्ज करना चाहता हूं। पिछले महीने की 10 तारीख से, पास का एक प्रतिष्ठान अनुमत घंटों से अधिक जोर-शोर से काम कर रहा है। इससे आस-पड़ोस की शांति भंग हो गई है, विशेषकर बुजुर्ग निवासियों और बच्चों के लिए। मालिकों से शोर कम करने के बार-बार अनुरोध को नजरअंदाज कर दिया गया है। सप्ताहांत पर स्थिति और भी गंभीर हो जाती है जब अशांति देर रात तक जारी रहती है। इस मुद्दे को स्थानीय अधिकारियों के सामने उठाने के लिए कई पड़ोसी एकजुट हुए हैं। मैं यह सुनिश्चित करने के लिए आवश्यक कार्रवाई का अनुरोध करता हूं कि शोर के स्तर को नियंत्रण में लाया जाए। कृपया निवासियों की भलाई के लिए इस मामले पर जल्द से जल्द ध्यान दें।",अन्य,हडपसर शोर उपद्रव संबंध सामान्य सुरक्षा शिकायत दर्ज चाहना । पिछला महीना तारीख पास प्रतिष्ठान अनुमत घंटा अधिक जोर शोर काम रहना । आस पडोस शान्ति भंग होना जाना विशेषकर बुजुर्ग निवासी बच्चा । मालिक शोर कम बार बार अनुरोध नजरअंदाज देना जाना । सप्ताहांत स्थिति गंभीर होना जाना जब अशान्ति देर रात जारी रहना । मुद्दा स्थानीय अधिकारी सामने उठाना कई पड़ोसी एकजुट होना । सुनिश्चित आवश्यक कार्रवाई अनुरोध कि शोर स्तर नियंत्रण लाना जाना । कृपया निवासी भलाई मामला जल्द जल्द ध्यान देना ।
मैं नासिक रोड में अपने पूर्व पति द्वारा पीछा किए जाने के संबंध में शिकायत दर्ज कराना चाहती हूं। चूँकि पिछले एक महीने से यह व्यक्ति लगभग हर दिन मेरा पीछा कर रहा है। कल शाम को मैंने देखा कि वही व्यक्ति फिर से मेरे घर के बाहर इंतज़ार कर रहा है। वे भी मेरे पीछे-पीछे मेरे कार्यस्थल तक आते हैं और गेट के पास इंतजार करते हैं। मैंने देखा है कि एक ही वाहन कई बार मेरे ऑटो-रिक्शा का पीछा कर रहा है। इस निरंतर अनुसरण ने मुझे अपनी सुरक्षा के लिए अत्यधिक चिंतित और भयभीत कर दिया है। मैं पुलिस से जांच करने और इस व्यक्ति को मेरा पीछा करने से रोकने का अनुरोध करता हूं। मैं उस व्यक्ति की पहचान करने और जरूरत पड़ने पर और विवरण प्रदान करने को तैयार हूं।,स्टॉकिंग,नासिक रोड अपना पूर्व पति पीछा जाना संबंध शिकायत दर्ज कराना चाहना । चूँकि पिछला महीना व्यक्ति लगभग हर दिन पीछा रहना । कल शाम देखना कि व्यक्ति फिर घर बाहर इंतजार रहना । पीछे पीछे कार्यस्थल आना गेट पास इंतजार । देखना कि ही वाहन कई बार ऑटो रिक्शा पीछा रहना । निरन्तर अनुसरण ने अपना सुरक्षा अत्यधिक चिंतित भयभीत देना । पुलिस जांच व्यक्ति पीछा रोकना अनुरोध । व्यक्ति पहचान जरूरत पड़ना विवरण प्रदान तैयार ।
"मैं हडपसर बस स्टॉप के पास हुई एक छेड़छाड़ की घटना की रिपोर्ट कर रहा हूं। जब मैं बाजार से वापस आ रही थी तो एक अनजान आदमी ने मुझे छेड़ना शुरू कर दिया और भद्दे कमेंट करने लगा। उन्होंने मेरी अनुमति के बिना मेरी तस्वीरें खींचने की भी कोशिश की. मैंने उनका विरोध किया, लेकिन उन्होंने इसे हंसी में उड़ा दिया और अपना व्यवहार जारी रखा। यह पहली बार नहीं है जब इस स्थान पर ऐसी घटनाएं हुई हैं। इसी ग्रुप के बारे में कई अन्य लड़कियों ने अनौपचारिक रूप से शिकायत की है. मैं महिलाओं की सुरक्षा सुनिश्चित करने के लिए सख्त कार्रवाई और नियमित पुलिस उपस्थिति का अनुरोध करता हूं। यदि व्यक्तियों का पता लगाया जाता है तो मैं पहचान में सहायता करने को तैयार हूं।",ईव टीज़िंग,हडपसर बस स्टॉप पास होना छेडछाड घटना रिपोर्ट रहना । जब बाजार वापस आना रहना अनजान आदमी ने छेड़ना शुरू देना भद्दा कमेंट लगाना । अनुमति बिना तस्वीर खींचना कोशिश विरोध लेकिन हँसी उड़ाना देना अपना व्यवहार जारी रखना । पहला बार नहीं जब स्थान ऐसा घटना होना । ग्रुप बारे कई अन्य लड़की ने अनौपचारिक रूप शिकायत महिला सुरक्षा सुनिश्चित सख्त कार्रवाई नियमित पुलिस उपस्थिति अनुरोध । यदि व्यक्ति पता लगाना जाना पहचान सहायता तैयार ।
"मैं लगभग रुपये की नकदी की चोरी की रिपोर्ट करना चाहता हूं। 15,000 जो बोरीवली में हुआ। यह घटना मेरे कॉलेज जाते समय मुख्य बाजार क्षेत्र के पास घटी। जब मुझे एहसास हुआ कि यह गायब है, तो मैंने तुरंत आसपास की जाँच की लेकिन कुछ नहीं मिला। मुझे संदेह है कि इसे किसी ऐसे व्यक्ति ने चुराया है जो कुछ समय से मेरा पीछा कर रहा था। चोरी गए सामान की अनुमानित कीमत करीब तीन लाख रुपये है। 1,00,000. मैंने स्थानीय दुकानदारों को पहले ही सूचित कर दिया है कि उन्हें कुछ भी असामान्य दिखे। मैं पुलिस से मामले की जांच करने और मेरा सामान बरामद करने में मदद करने का अनुरोध करता हूं। यदि उपलब्ध हो तो मैं कोई भी अतिरिक्त विवरण या सीसीटीवी फुटेज स्थान प्रदान करने के लिए तैयार हूं।",चोरी,लगभग रुपया नकदी चोरी रिपोर्ट चाहना । जो बोरीवली होना । घटना कॉलेज जाना समय मुख्य बाजार क्षेत्र पास घटना जब एहसास होना कि गायब तुरंत आसपास जाँच लेकिन कुछ नहीं मिलना । संदेह कि कोई ऐसा व्यक्ति ने चुराना जो कुछ समय पीछा रहना । चोरी जाना सामान अनुमानित कीमत करीब तीन लाख रुपया । स्थानीय दुकानदार पहले ही सूचित देना कि कुछ असामान्य दिखना । पुलिस मामला जांच सामान बरामद मदद अनुरोध । यदि उपलब्ध होना कोई अतिरिक्त विवरण सीसीटीवी फुटेज स्थान प्रदान तैयार ।
"मुझे मेरे पूर्व-साथी द्वारा ब्लैकमेल किया जा रहा है जो मेरे बारे में निजी जानकारी उजागर करने की धमकी दे रहा है। ब्लैकमेल की कोशिशें 18 तारीख को स्नैपचैट पर संदेशों के जरिए शुरू हुईं। वे रुपये मांग रहे हैं. 35,000 न देने पर वे मुझे सार्वजनिक रूप से बदनाम करने की धमकी देते हैं। मैंने अब तक उनकी कोई भी मांग नहीं मानी है।' लगातार मिल रही इन धमकियों से मानसिक दबाव असहनीय होता जा रहा है। मैंने इस मामले से जुड़े सभी मैसेज और कॉल का रिकॉर्ड रखा है.' मैं इस ब्लैकमेल को रोकने और मेरी गोपनीयता की रक्षा के लिए तत्काल कार्रवाई का अनुरोध करता हूं। कृपया सलाह दें कि मैं इस व्यक्ति के खिलाफ क्या कानूनी कदम उठा सकता हूं।",ब्लैकमेल,पूर्व साथी ब्लैकमेल जाना रहना जो बारे निजी जानकारी उजागर धमकी देना रहना । ब्लैकमेल कोशिश तारीख स्नैपचैट संदेश जरिये शुरू होना । रुपया मांगना रहना न देना सार्वजनिक रूप बदनाम धमकी देना । अब कोई मांग नहीं मानना । लगातार मिलना रहना धमकी मानसिक दबाव असहनीय होना जाना रहना । मामला जुडना सभी मैसेज कॉल रिकॉर्ड रखना ब्लैकमेल रोकना गोपनीयता रक्षा तत्काल कार्रवाई अनुरोध । कृपया सलाह देना कि व्यक्ति खिलाफ क्या कानूनी कदम उठाना सकना ।
"व्हाट्सएप पर कोई मुझे बार-बार अनुचित संदेश और टिप्पणियां भेज रहा है। यह उत्पीड़न पिछले महीने की 10 तारीख को शुरू हुआ और हाल ही में इसकी आवृत्ति में वृद्धि हुई है। उस व्यक्ति ने मेरे सार्वजनिक पोस्ट पर भी अश्लील टिप्पणी की है.' मैंने उन्हें समझाने की कोशिश की, लेकिन उन्होंने और भी अश्लील संदेश जारी रखे। उन्होंने मेरे दोस्तों और परिवार को भी शर्मनाक और झूठे पोस्ट में टैग किया। मैं बेहद परेशान हूं और अब शांति से सोशल मीडिया का इस्तेमाल नहीं कर पा रहा हूं।' मेरा अनुरोध है कि खाते का पता लगाया जाए और उचित कार्रवाई की जाए। मैं अपनी शिकायत के समर्थन में आवश्यक स्क्रीनशॉट संलग्न कर रहा हूं।",साइबर उत्पीड़न,व्हाट्सएप कोई बार बार अनुचित संदेश टिप्पणी भेजना रहना । उत्पीडन पिछला महीना तारीख शुरू होना हाल ही आवृत्ति वृद्धि होना । व्यक्ति ने सार्वजनिक पोस्ट अश्लील टिप्पणी समझाना कोशिश लेकिन अश्लील संदेश जारी रखना । दोस्त परिवार शर्मनाक झूठा पोस्ट टैग । बेहद परेशान अब शान्ति सोशल मीडिया इस्तेमाल नहीं पाना रहना । अनुरोध कि खाता पता लगाना जाना उचित कार्रवाई जाना । अपना शिकायत समर्थन आवश्यक स्क्रीनशॉट संलग्न रहना ।
"मैं कोथरुड में एक अज्ञात व्यक्ति द्वारा लगातार किए जा रहे उत्पीड़न की रिपोर्ट करना चाहती हूं। यह पिछले दो सप्ताह से शुरू हुआ और तब से बंद नहीं हुआ है. कोई अनजान व्यक्ति दूसरों के सामने मेरे बारे में अपमानजनक टिप्पणियाँ करता रहता है। जब मैं काम से लौट रही थी तो मेरे घर के पास इस व्यक्ति ने फिर से मेरे साथ दुर्व्यवहार किया। मैंने उनसे विनम्रतापूर्वक रुकने के लिए कहा, लेकिन वे मुझे परेशान करते रहे। इससे मेरी मानसिक शांति प्रभावित हो रही है और मुझे अकेले बाहर निकलने में डर लगता है।' मैं पुलिस से जिम्मेदार व्यक्ति के खिलाफ सख्त कार्रवाई करने का अनुरोध करता हूं।' मैं जांच के लिए आवश्यक कोई भी अतिरिक्त विवरण प्रदान करने के लिए तैयार हूं।",उत्पीड़न,कोथरुड अज्ञात व्यक्ति लगातार जाना रहना उत्पीडन रिपोर्ट चाहना । पिछला दो सप्ताह शुरू होना तब बंद नहीं होना कोई अनजान व्यक्ति दूसरा सामने बारे अपमानजनक टिप्पणी रहना । जब काम लौटना रहना घर पास व्यक्ति ने फिर साथ दुर्व्यवहार । विनम्रतापूर्वक रुकना कहना लेकिन परेशान रहना । मानसिक शान्ति प्रभावित होना रहना अकेला बाहर निकलना डर लगना । पुलिस जिम्मेदार व्यक्ति खिलाफ सख्त कार्रवाई अनुरोध । जांच आवश्यक कोई अतिरिक्त विवरण प्रदान तैयार ।
"मैं नागपुर शहर में अपने पड़ोसी से लगातार हो रहे उत्पीड़न की रिपोर्ट करना चाहती हूं। यह पिछले शुक्रवार को शुरू हुआ और तब से रुका नहीं है। मेरा पड़ोसी दूसरों के सामने मेरे बारे में अपमानजनक टिप्पणियाँ करता रहता है। दो दिन पहले इस व्यक्ति ने मेरे घर के पास फिर मेरे साथ गलत हरकत की. मैंने उनसे विनम्रतापूर्वक रुकने के लिए कहा, लेकिन वे मुझे परेशान करते रहे। इससे मेरी मानसिक शांति प्रभावित हो रही है और मुझे अकेले बाहर निकलने में डर लगता है।' मैं पुलिस से जिम्मेदार व्यक्ति के खिलाफ सख्त कार्रवाई करने का अनुरोध करता हूं।' मैं जांच के लिए आवश्यक कोई भी अतिरिक्त विवरण प्रदान करने के लिए तैयार हूं।",उत्पीड़न,नागपुर शहर अपना पड़ोसी लगातार होना रहना उत्पीडन रिपोर्ट चाहना । पिछला शुक्रवार शुरू होना तब रुकना नहीं । पड़ोसी दूसरा सामने बारे अपमानजनक टिप्पणी रहना । दो दिन पहले व्यक्ति ने घर पास फिर साथ गलत हरकत विनम्रतापूर्वक रुकना कहना लेकिन परेशान रहना । मानसिक शान्ति प्रभावित होना रहना अकेला बाहर निकलना डर लगना । पुलिस जिम्मेदार व्यक्ति खिलाफ सख्त कार्रवाई अनुरोध । जांच आवश्यक कोई अतिरिक्त विवरण प्रदान तैयार ।
"मैं नासिक रोड स्थित अपने आवास पर अपने ससुराल वालों द्वारा झेली जा रही घरेलू हिंसा की रिपोर्ट करना चाहती हूं। शारीरिक और मानसिक शोषण पिछले शुक्रवार से जारी है। छोटी-छोटी घरेलू बातों पर अक्सर मुझे पीटा जाता है और गाली-गलौज की जाती है। उन्होंने मुझे बिना किसी सहारे के घर से बाहर निकाल देने की धमकी भी दी है. मेरे बच्चों ने ये घटनाएं देखी हैं, जिसका उन पर बुरा असर पड़ा है.' मैंने इसे शांतिपूर्ण तरीके से सुलझाने की कोशिश की है, लेकिन दुर्व्यवहार बढ़ता ही जा रहा है। मैं इस दुरुपयोग के लिए जिम्मेदार लोगों के खिलाफ सुरक्षा और कानूनी कार्रवाई का अनुरोध करता हूं। यदि आवश्यक हुआ तो मैं मेडिकल रिकॉर्ड और गवाहों के बयान उपलब्ध कराने के लिए तैयार हूं।",घरेलू हिंसा,नासिक रोड स्थित अपना आवास अपना ससुराल वाला झेलना जाना रहना घरेलू हिंसा रिपोर्ट चाहना । शारीरिक मानसिक शोषण पिछला शुक्रवार जारी । छोटा छोटा घरेलू बात अक्सर पीटना जाना गाली गलौज जाना । बिना कोई सहारा घर बाहर निकालना देना धमकी देना बच्चा ने घटना देखना जो बुरा असर पड़ना शांतिपूर्ण तरीका सुलझाना कोशिश लेकिन दुर्व्यवहार बढना ही जाना रहना । दुरुपयोग जिम्मेदार लोग खिलाफ सुरक्षा कानूनी कार्रवाई अनुरोध । यदि आवश्यक होना मेडिकल रिकॉर्ड गवाह बयान उपलब्ध कराना तैयार ।
"मेरे पड़ोसी द्वारा मुझे ब्लैकमेल किया जा रहा है जो मेरे बारे में निजी जानकारी उजागर करने की धमकी दे रहा है। पिछले दो सप्ताह से अज्ञात फोन नंबर पर मैसेज के जरिए ब्लैकमेल की कोशिशें शुरू हो गईं। वे रुपये मांग रहे हैं. 2,50,000 न देने पर वे मुझे सार्वजनिक रूप से बदनाम करने की धमकी देते हैं। मैंने अब तक उनकी कोई भी मांग नहीं मानी है।' लगातार मिल रही इन धमकियों से मानसिक दबाव असहनीय होता जा रहा है। मैंने इस मामले से जुड़े सभी मैसेज और कॉल का रिकॉर्ड रखा है.' मैं इस ब्लैकमेल को रोकने और मेरी गोपनीयता की रक्षा के लिए तत्काल कार्रवाई का अनुरोध करता हूं। कृपया सलाह दें कि मैं इस व्यक्ति के खिलाफ क्या कानूनी कदम उठा सकता हूं।",ब्लैकमेल,पड़ोसी ब्लैकमेल जाना रहना जो बारे निजी जानकारी उजागर धमकी देना रहना । पिछला दो सप्ताह अज्ञात फोन नंबर मैसेज जरिये ब्लैकमेल कोशिश शुरू होना जाना । रुपया मांगना रहना न देना सार्वजनिक रूप बदनाम धमकी देना । अब कोई मांग नहीं मानना । लगातार मिलना रहना धमकी मानसिक दबाव असहनीय होना जाना रहना । मामला जुडना सभी मैसेज कॉल रिकॉर्ड रखना ब्लैकमेल रोकना गोपनीयता रक्षा तत्काल कार्रवाई अनुरोध । कृपया सलाह देना कि व्यक्ति खिलाफ क्या कानूनी कदम उठाना सकना ।
"मैं वाकाड में एक अजनबी द्वारा लगातार किए जा रहे उत्पीड़न की रिपोर्ट करना चाहती हूं। यह इस महीने की 3 तारीख को शुरू हुआ और तब से बंद नहीं हुआ है। कोई अजनबी दूसरों के सामने मेरे बारे में अपमानजनक टिप्पणियाँ करता रहता है। आधी रात के करीब इस शख्स ने मेरे घर के पास फिर से मेरे साथ गलत हरकत की. मैंने उनसे विनम्रतापूर्वक रुकने के लिए कहा, लेकिन वे मुझे परेशान करते रहे। इससे मेरी मानसिक शांति प्रभावित हो रही है और मुझे अकेले बाहर निकलने में डर लगता है।' मैं पुलिस से जिम्मेदार व्यक्ति के खिलाफ सख्त कार्रवाई करने का अनुरोध करता हूं।' मैं जांच के लिए आवश्यक कोई भी अतिरिक्त विवरण प्रदान करने के लिए तैयार हूं।",उत्पीड़न,वाकाड अजनबी लगातार जाना रहना उत्पीडन रिपोर्ट चाहना । महीना तारीख शुरू होना तब बंद नहीं होना । कोई अजनबी दूसरा सामने बारे अपमानजनक टिप्पणी रहना । आधा रात करीब शख्स ने घर पास फिर साथ गलत हरकत विनम्रतापूर्वक रुकना कहना लेकिन परेशान रहना । मानसिक शान्ति प्रभावित होना रहना अकेला बाहर निकलना डर लगना । पुलिस जिम्मेदार व्यक्ति खिलाफ सख्त कार्रवाई अनुरोध । जांच आवश्यक कोई अतिरिक्त विवरण प्रदान तैयार ।
"मैं रिपोर्ट करना चाहता हूं कि मेरा पूर्व साथी टेलीग्राम का उपयोग करके मुझे ब्लैकमेल कर रहा है। 18 तारीख को इस शख्स ने मेरी निजी तस्वीरें और जानकारी लीक करने की धमकी दी है. वे रुपये की मांग कर रहे हैं. सामग्री को सार्वजनिक न करने के बदले में 50,000 रु. मैंने पैसे देने से इनकार कर दिया है, जिसके बाद धमकियां और भी बढ़ गई हैं. इस ब्लैकमेल से मुझे गंभीर मानसिक तनाव और सामाजिक शर्मिंदगी का डर सता रहा है। मैंने सभी चैट वार्तालाप और स्क्रीनशॉट को साक्ष्य के रूप में सहेजा है। मैं साइबर अपराध विभाग से जांच करने और सख्त कार्रवाई करने का अनुरोध करता हूं।' मैं यह सुनिश्चित करने के लिए पूरा सहयोग करने को तैयार हूं कि इस व्यक्ति को जवाबदेह ठहराया जाए।",ब्लैकमेल,रिपोर्ट चाहना कि पूर्व साथी टेलीग्राम उपयोग ब्लैकमेल रहना । तारीख शख्स ने निजी तस्वीर जानकारी लीक धमकी देना रुपया मांग रहना सामग्री सार्वजनिक न बदले रु पैसा देना इनकार देना जो बाद धमकी बढ़ना जाना ब्लैकमेल गंभीर मानसिक तनाव सामाजिक शर्मिंदगी डर सताना रहना । सभी चैट वार्तालाप स्क्रीनशॉट साक्ष्य रूप सहेजना । साइबर अपराध विभाग जांच सख्त कार्रवाई अनुरोध । सुनिश्चित पूरा सहयोग तैयार कि व्यक्ति जवाबदेह ठहराना जाना ।
"मैं रिपोर्ट करना चाहता हूं कि मेरा पड़ोसी एक अज्ञात फोन नंबर का उपयोग करके मुझे ब्लैकमेल कर रहा है। इस महीने की 3 तारीख से इस व्यक्ति ने मेरी निजी तस्वीरें और जानकारी लीक करने की धमकी दी है। वे रुपये की मांग कर रहे हैं. सामग्री को सार्वजनिक न करने के बदले में 2,50,000 रु. मैंने पैसे देने से इनकार कर दिया है, जिसके बाद धमकियां और भी बढ़ गई हैं. इस ब्लैकमेल से मुझे गंभीर मानसिक तनाव और सामाजिक शर्मिंदगी का डर सता रहा है। मैंने सभी चैट वार्तालाप और स्क्रीनशॉट को साक्ष्य के रूप में सहेजा है। मैं साइबर अपराध विभाग से जांच करने और सख्त कार्रवाई करने का अनुरोध करता हूं।' मैं यह सुनिश्चित करने के लिए पूरा सहयोग करने को तैयार हूं कि इस व्यक्ति को जवाबदेह ठहराया जाए।",ब्लैकमेल,रिपोर्ट चाहना कि पड़ोसी अज्ञात फोन नंबर उपयोग ब्लैकमेल रहना । महीना तारीख व्यक्ति ने निजी तस्वीर जानकारी लीक धमकी देना । रुपया मांग रहना सामग्री सार्वजनिक न बदले रु पैसा देना इनकार देना जो बाद धमकी बढ़ना जाना ब्लैकमेल गंभीर मानसिक तनाव सामाजिक शर्मिंदगी डर सताना रहना । सभी चैट वार्तालाप स्क्रीनशॉट साक्ष्य रूप सहेजना । साइबर अपराध विभाग जांच सख्त कार्रवाई अनुरोध । सुनिश्चित पूरा सहयोग तैयार कि व्यक्ति जवाबदेह ठहराना जाना ।
मैं दादर में हुई छेड़छाड़ की एक घटना की रिपोर्ट करना चाहता हूं। जब मैं बाजार से वापस आ रही थी तो चलते समय एक अनजान आदमी ने मुझ पर अश्लील कमेंट किए। उन्होंने सीटियां भी बजाईं और मेरे और मेरे दोस्त की ओर अनुचित इशारे भी किए। जब मैंने उन्हें नज़रअंदाज कर दूर जाने की कोशिश की तो उन्होंने कुछ दूर तक पीछा किया। इस तरह के व्यवहार से मुझे अकेले यात्रा करते समय असुरक्षित महसूस होने लगा है। क्षेत्र की अन्य महिलाओं को भी उसी स्थान पर इसी तरह के उत्पीड़न का सामना करना पड़ा है। मैं ऐसी घटनाओं को रोकने के लिए इस क्षेत्र में पुलिस गश्त बढ़ाने का अनुरोध करता हूं। यदि लाइन-अप या सीसीटीवी समीक्षा की व्यवस्था की जाती है तो मैं व्यक्तियों की पहचान करने के लिए तैयार हूं।,ईव टीज़िंग,दादर होना छेडछाड घटना रिपोर्ट चाहना । जब बाजार वापस आना रहना चलना समय अनजान आदमी ने अश्लील कमेंट । सीटी बजाना दोस्त ओर अनुचित इशारा । जब नजरअंदाज दूर जाना कोशिश कुछ दूर पीछा । तरह व्यवहार अकेला यात्रा समय असुरक्षित महसूस होना लगाना । क्षेत्र अन्य महिला स्थान तरह उत्पीडन सामना पड़ना । ऐसा घटना रोकना क्षेत्र पुलिस गश्त बढ़ाना अनुरोध । यदि लाइन अप सीसीटीवी समीक्षा व्यवस्था जाना व्यक्ति पहचान तैयार ।
"मैं नागपुर शहर में देखी गई एक संदिग्ध गतिविधि की रिपोर्ट करना चाहता हूं। पिछले शुक्रवार से, अज्ञात व्यक्ति विषम समय में परित्यक्त इमारत के पास इकट्ठा हो रहे हैं। निवासियों को संदेह है कि रात में वहां कुछ अवैध गतिविधि हो सकती है। उस स्थान से तेज़ आवाज़ें और कभी-कभार बहसें सुनाई देती रही हैं। इससे आसपास रहने वाले परिवारों में सुरक्षा संबंधी चिंताएं बढ़ गई हैं। स्थानीय वार्ड कार्यालय को सूचित करने के बावजूद कोई आधिकारिक कार्रवाई नहीं की गई है। मैं अधिकारियों से इस मामले की जांच करने और निवासियों की सुरक्षा सुनिश्चित करने का अनुरोध करता हूं। यदि आवश्यक हुआ तो मैं अधिक विवरण प्रदान करने या अधिकारियों के साथ जाने को तैयार हूं।",अन्य,नागपुर शहर देखना जाना संदिग्ध गतिविधि रिपोर्ट चाहना । पिछला शुक्रवार अज्ञात व्यक्ति विषम समय परित्यक्त इमारत पास इकट्ठा होना रहना । निवासी संदेह कि रात वहाँ कुछ अवैध गतिविधि होना सकना । स्थान तेज आवाज कभी कभार बहस सुनाना देना रहना । आसपास रहना वाला परिवार सुरक्षा संबंधी चिंता बढ़ना जाना । स्थानीय वार्ड कार्यालय सूचित बावजूद कोई आधिकारिक कार्रवाई नहीं जाना । अधिकारी मामला जांच निवासी सुरक्षा सुनिश्चित अनुरोध । यदि आवश्यक होना अधिक विवरण प्रदान अधिकारी साथ जाना तैयार ।
"व्हाट्सएप पर कोई मुझे बार-बार अनुचित संदेश और टिप्पणियां भेज रहा है। यह उत्पीड़न पिछले शुक्रवार को शुरू हुआ और हाल ही में इसकी आवृत्ति में वृद्धि हुई है। उस व्यक्ति ने मेरे सार्वजनिक पोस्ट पर भी अश्लील टिप्पणी की है.' मैंने उन्हें समझाने की कोशिश की, लेकिन उन्होंने और भी अश्लील संदेश जारी रखे। उन्होंने मेरे दोस्तों और परिवार को भी शर्मनाक और झूठे पोस्ट में टैग किया। मैं बेहद परेशान हूं और अब शांति से सोशल मीडिया का इस्तेमाल नहीं कर पा रहा हूं।' मेरा अनुरोध है कि खाते का पता लगाया जाए और उचित कार्रवाई की जाए। मैं अपनी शिकायत के समर्थन में आवश्यक स्क्रीनशॉट संलग्न कर रहा हूं।",साइबर उत्पीड़न,व्हाट्सएप कोई बार बार अनुचित संदेश टिप्पणी भेजना रहना । उत्पीडन पिछला शुक्रवार शुरू होना हाल ही आवृत्ति वृद्धि होना । व्यक्ति ने सार्वजनिक पोस्ट अश्लील टिप्पणी समझाना कोशिश लेकिन अश्लील संदेश जारी रखना । दोस्त परिवार शर्मनाक झूठा पोस्ट टैग । बेहद परेशान अब शान्ति सोशल मीडिया इस्तेमाल नहीं पाना रहना । अनुरोध कि खाता पता लगाना जाना उचित कार्रवाई जाना । अपना शिकायत समर्थन आवश्यक स्क्रीनशॉट संलग्न रहना ।
"मैं नासिक रोड पर हुई अपनी पत्नी के हैंडबैग की चोरी की रिपोर्ट करना चाहता हूं। यह घटना कल शाम मुख्य बाजार क्षेत्र के पास हुई। जब मुझे एहसास हुआ कि यह गायब है, तो मैंने तुरंत आसपास की जाँच की लेकिन कुछ नहीं मिला। मुझे संदेह है कि इसे किसी ऐसे व्यक्ति ने चुराया है जो कुछ समय से मेरा पीछा कर रहा था। चोरी गए सामान की अनुमानित कीमत करीब तीन लाख रुपये है। 12,000. मैंने स्थानीय दुकानदारों को पहले ही सूचित कर दिया है कि उन्हें कुछ भी असामान्य दिखे। मैं पुलिस से मामले की जांच करने और मेरा सामान बरामद करने में मदद करने का अनुरोध करता हूं। यदि उपलब्ध हो तो मैं कोई भी अतिरिक्त विवरण या सीसीटीवी फुटेज स्थान प्रदान करने के लिए तैयार हूं।",चोरी,नासिक रोड होना अपना पत्नी हैंडबैग चोरी रिपोर्ट चाहना । घटना कल शाम मुख्य बाजार क्षेत्र पास होना । जब एहसास होना कि गायब तुरंत आसपास जाँच लेकिन कुछ नहीं मिलना । संदेह कि कोई ऐसा व्यक्ति ने चुराना जो कुछ समय पीछा रहना । चोरी जाना सामान अनुमानित कीमत करीब तीन लाख रुपया । स्थानीय दुकानदार पहले ही सूचित देना कि कुछ असामान्य दिखना । पुलिस मामला जांच सामान बरामद मदद अनुरोध । यदि उपलब्ध होना कोई अतिरिक्त विवरण सीसीटीवी फुटेज स्थान प्रदान तैयार ।
"मैं हडपसर में टूटी हुई स्ट्रीट लाइट और क्षतिग्रस्त फुटपाथ की रिपोर्ट करना चाहता हूं जिससे सुरक्षा संबंधी समस्याएं पैदा हो रही हैं। बिना किसी मरम्मत कार्य के यह समस्या इस महीने की तीसरी तारीख से बनी हुई है। इस इलाके में बुजुर्गों और बच्चों को सुरक्षित चलने में काफी दिक्कत होती है। बारिश के दौरान इलाके में पानी भर जाता है, जिससे गिरने का खतरा बढ़ जाता है। यहां लोगों के फिसलने और घायल होने की कुछ घटनाएं हो चुकी हैं। मैं अन्य निवासियों के साथ इस सार्वजनिक बुनियादी ढांचे की तत्काल मरम्मत का अनुरोध करता हूं। इससे रोजाना गुजरने वाले राहगीरों और वाहनों को लगातार खतरा बना हुआ है। मैं इस मामले को सुलझाने के लिए नगर निगम अधिकारियों से त्वरित कार्रवाई का अनुरोध करता हूं।",सार्वजनिक सुरक्षा,हडपसर टूटी होना स्ट्रीट लाइट क्षतिग्रस्त फुटपाथ रिपोर्ट चाहना जो सुरक्षा संबंधी समस्या पैदा होना रहना । बिना कोई मरम्मत कार्य समस्या महीना तीसरा तारीख बनना होना । इलाका बुजुर्ग बच्चा सुरक्षित चलना काफी दिक्कत होना । बारिश दौरान इलाका पानी भरना जाना जो गिरना खतरा बढ़ना जाना । यहाँ लोग फिसलना घायल होना कुछ घटना होना चुकना । अन्य निवासी साथ सार्वजनिक बुनियादी ढांचा तत्काल मरम्मत अनुरोध । रोजाना गुजरना वाला राहगीर वाहन लगातार खतरा बनना होना । मामला सुलझाना नगर निगम अधिकारी त्वरित कार्रवाई अनुरोध ।
मुझे और मेरे परिवार को पिंपरी में रहने वाले मेरे समाज के एक व्यक्ति द्वारा परेशान किया जा रहा है। पिछले महीने की 10 तारीख से उत्पीड़न जारी है। जब भी वे मुझे देखते हैं तो भद्दे कमेंट करते हैं और परेशानी पैदा करने की कोशिश करते हैं। दो दिन पहले स्थिति तब और खराब हो गई जब वे मुझसे सीधे भिड़ गए। इस लगातार उत्पीड़न के कारण मैं काम पर जाने में असुरक्षित महसूस करती हूं। मेरे परिवार के सदस्यों ने भी कई मौकों पर इस व्यवहार को देखा है। मैं तत्काल हस्तक्षेप का अनुरोध करता हूं ताकि यह उत्पीड़न स्थायी रूप से बंद हो जाए। कृपया मेरी शिकायत दर्ज कर आवश्यक कानूनी कार्रवाई करें।,उत्पीड़न,परिवार पिंपरी रहना वाला समाज व्यक्ति परेशान जाना रहना । पिछला महीना तारीख उत्पीडन जारी । जब देखना भद्दा कमेंट परेशानी पैदा कोशिश । दो दिन पहले स्थिति तब खराब होना जाना जब सीधे भिडना जाना । लगातार उत्पीडन कारण काम जाना असुरक्षित महसूस । परिवार सदस्य ने कई मौका व्यवहार देखना । तत्काल हस्तक्षेप अनुरोध ताकि उत्पीडन स्थायी रूप बंद होना जाना । कृपया शिकायत दर्ज आवश्यक कानूनी कार्रवाई ।
मैं कल्याण में अपने पूर्व-प्रेमी द्वारा पीछा किए जाने के संबंध में शिकायत दर्ज करना चाहती हूं। पिछले महीने की 10 तारीख से यह व्यक्ति लगभग हर दिन मेरा पीछा कर रहा है। जब मैं बाज़ार से वापस आ रहा था तो मैंने देखा कि वही व्यक्ति फिर से मेरे घर के बाहर इंतज़ार कर रहा था। वे भी मेरे पीछे-पीछे मेरे कार्यस्थल तक आते हैं और गेट के पास इंतजार करते हैं। मैंने देखा है कि एक ही वाहन कई बार मेरे ऑटो-रिक्शा का पीछा कर रहा है। इस निरंतर अनुसरण ने मुझे अपनी सुरक्षा के लिए अत्यधिक चिंतित और भयभीत कर दिया है। मैं पुलिस से जांच करने और इस व्यक्ति को मेरा पीछा करने से रोकने का अनुरोध करता हूं। मैं उस व्यक्ति की पहचान करने और जरूरत पड़ने पर और विवरण प्रदान करने को तैयार हूं।,स्टॉकिंग,कल्याण अपना पूर्व प्रेमी पीछा जाना संबंध शिकायत दर्ज चाहना । पिछला महीना तारीख व्यक्ति लगभग हर दिन पीछा रहना । जब बाजार वापस आना रहना देखना कि व्यक्ति फिर घर बाहर इंतजार रहना । पीछे पीछे कार्यस्थल आना गेट पास इंतजार । देखना कि ही वाहन कई बार ऑटो रिक्शा पीछा रहना । निरन्तर अनुसरण ने अपना सुरक्षा अत्यधिक चिंतित भयभीत देना । पुलिस जांच व्यक्ति पीछा रोकना अनुरोध । व्यक्ति पहचान जरूरत पड़ना विवरण प्रदान तैयार ।
मैं कल्याण में हुई छेड़छाड़ की एक घटना की रिपोर्ट करना चाहता हूं। आधी रात के करीब जब मैं टहल रही थी तो कुछ युवकों ने मुझ पर अश्लील टिप्पणियाँ कीं। उन्होंने सीटियां भी बजाईं और मेरे और मेरे दोस्त की ओर अनुचित इशारे भी किए। जब मैंने उन्हें नज़रअंदाज कर दूर जाने की कोशिश की तो उन्होंने कुछ दूर तक पीछा किया। इस तरह के व्यवहार से मुझे अकेले यात्रा करते समय असुरक्षित महसूस होने लगा है। क्षेत्र की अन्य महिलाओं को भी उसी स्थान पर इसी तरह के उत्पीड़न का सामना करना पड़ा है। मैं ऐसी घटनाओं को रोकने के लिए इस क्षेत्र में पुलिस गश्त बढ़ाने का अनुरोध करता हूं। यदि लाइन-अप या सीसीटीवी समीक्षा की व्यवस्था की जाती है तो मैं व्यक्तियों की पहचान करने के लिए तैयार हूं।,ईव टीज़िंग,कल्याण होना छेडछाड घटना रिपोर्ट चाहना । आधा रात करीब जब टहलना रहना कुछ युवक ने अश्लील टिप्पणी कीं।ना सीटी बजाना दोस्त ओर अनुचित इशारा । जब नजरअंदाज दूर जाना कोशिश कुछ दूर पीछा । तरह व्यवहार अकेला यात्रा समय असुरक्षित महसूस होना लगाना । क्षेत्र अन्य महिला स्थान तरह उत्पीडन सामना पड़ना । ऐसा घटना रोकना क्षेत्र पुलिस गश्त बढ़ाना अनुरोध । यदि लाइन अप सीसीटीवी समीक्षा व्यवस्था जाना व्यक्ति पहचान तैयार ।
"एक व्यक्ति, जिसकी पहचान मेरे पड़ोसी के रूप में हुई है, पिछले शुक्रवार से मेरा पीछा कर रहा है। सोमवार दोपहर को वे मेरे कॉलेज के गेट के पास खड़े होकर मुझे देखते दिखे। मेरे कई बार मना करने के बाद भी वे बार-बार मुझसे बात करने की कोशिश करते हैं। मेरे दोस्तों ने भी देखा है कि यह व्यक्ति अलग-अलग दिनों में मेरा पीछा कर रहा है। ऐसा लगता है कि यह व्यक्ति मेरी दिनचर्या जानता है, जो बहुत चिंताजनक है। मुझे डर है कि अगर इसे नहीं रोका गया तो यह और भी खतरनाक रूप ले सकता है। मेरा अनुरोध है कि इस व्यक्ति के खिलाफ तुरंत सख्त कार्रवाई की जाए।' कृपया मेरी सुरक्षा सुनिश्चित करने के लिए अगले कदमों पर मेरा मार्गदर्शन करें।",स्टॉकिंग,व्यक्ति जो पहचान पड़ोसी रूप होना पिछला शुक्रवार पीछा रहना । सोमवार दोपहर कॉलेज गेट पास खड़ा होना देखना दिखे।ना कई बार मना बाद बार बार बात कोशिश । दोस्त ने देखना कि व्यक्ति अलग अलग दिन पीछा रहना । ऐसा लगना कि व्यक्ति दिनचर्या जानना जो बहुत चिंताजनक । डर कि अगर नहीं रोकना जाना खतरनाक रूप लेना सकना । अनुरोध कि व्यक्ति खिलाफ तुरंत सख्त कार्रवाई जाना । कृपया सुरक्षा सुनिश्चित अगला कदम मार्गदर्शन ।
"मैं कल्याण में एक अज्ञात व्यक्ति द्वारा लगातार किए जा रहे उत्पीड़न की रिपोर्ट करना चाहती हूं। यह कुछ दिन पहले शुरू हुआ और तब से बंद नहीं हुआ है. कोई अनजान व्यक्ति दूसरों के सामने मेरे बारे में अपमानजनक टिप्पणियाँ करता रहता है। शाम की सैर के दौरान मेरे घर के पास इस शख्स ने फिर मेरे साथ बदसलूकी की. मैंने उनसे विनम्रतापूर्वक रुकने के लिए कहा, लेकिन वे मुझे परेशान करते रहे। इससे मेरी मानसिक शांति प्रभावित हो रही है और मुझे अकेले बाहर निकलने में डर लगता है।' मैं पुलिस से जिम्मेदार व्यक्ति के खिलाफ सख्त कार्रवाई करने का अनुरोध करता हूं।' मैं जांच के लिए आवश्यक कोई भी अतिरिक्त विवरण प्रदान करने के लिए तैयार हूं।",उत्पीड़न,कल्याण अज्ञात व्यक्ति लगातार जाना रहना उत्पीडन रिपोर्ट चाहना । कुछ दिन पहले शुरू होना तब बंद नहीं होना कोई अनजान व्यक्ति दूसरा सामने बारे अपमानजनक टिप्पणी रहना । शाम सैर दौरान घर पास शख्स ने फिर साथ बदसलूकी विनम्रतापूर्वक रुकना कहना लेकिन परेशान रहना । मानसिक शान्ति प्रभावित होना रहना अकेला बाहर निकलना डर लगना । पुलिस जिम्मेदार व्यक्ति खिलाफ सख्त कार्रवाई अनुरोध । जांच आवश्यक कोई अतिरिक्त विवरण प्रदान तैयार ।
"व्हाट्सएप पर कोई मुझे बार-बार अनुचित संदेश और टिप्पणियां भेज रहा है। यह उत्पीड़न 15 जुलाई को शुरू हुआ और हाल ही में इसकी आवृत्ति में वृद्धि हुई है। उस व्यक्ति ने मेरे सार्वजनिक पोस्ट पर भी अश्लील टिप्पणी की है.' मैंने उन्हें समझाने की कोशिश की, लेकिन उन्होंने और भी अश्लील संदेश जारी रखे। उन्होंने मेरे दोस्तों और परिवार को भी शर्मनाक और झूठे पोस्ट में टैग किया। मैं बेहद परेशान हूं और अब शांति से सोशल मीडिया का इस्तेमाल नहीं कर पा रहा हूं।' मेरा अनुरोध है कि खाते का पता लगाया जाए और उचित कार्रवाई की जाए। मैं अपनी शिकायत के समर्थन में आवश्यक स्क्रीनशॉट संलग्न कर रहा हूं।",साइबर उत्पीड़न,व्हाट्सएप कोई बार बार अनुचित संदेश टिप्पणी भेजना रहना । उत्पीडन जुलाई शुरू होना हाल ही आवृत्ति वृद्धि होना । व्यक्ति ने सार्वजनिक पोस्ट अश्लील टिप्पणी समझाना कोशिश लेकिन अश्लील संदेश जारी रखना । दोस्त परिवार शर्मनाक झूठा पोस्ट टैग । बेहद परेशान अब शान्ति सोशल मीडिया इस्तेमाल नहीं पाना रहना । अनुरोध कि खाता पता लगाना जाना उचित कार्रवाई जाना । अपना शिकायत समर्थन आवश्यक स्क्रीनशॉट संलग्न रहना ।
"मैं रिपोर्ट करना चाहता हूं कि मुझे एक फर्जी ईमेल आईडी के जरिए ऑनलाइन परेशान किया जा रहा है। एक अज्ञात यूजर 15 जुलाई से मुझे अपमानजनक और धमकी भरे संदेश भेज रहा है। उन्होंने मेरी सहमति के बिना मेरी तस्वीरों का उपयोग करके एक फर्जी प्रोफ़ाइल भी बनाई है। यह व्यक्ति मेरे दोस्तों और रिश्तेदारों को मेरे बारे में आपत्तिजनक सामग्री वाले संदेश भेज रहा है। मैंने खाते को ब्लॉक करने का प्रयास किया है, लेकिन नए नकली खाते सामने आते रहते हैं। इस ऑनलाइन उत्पीड़न के कारण मुझे बहुत तनाव और शर्मिंदगी उठानी पड़ रही है। मैं साइबर क्राइम सेल से अनुरोध करता हूं कि खाते का पता लगाया जाए और सख्त कार्रवाई की जाए। मैं उत्पीड़न के सबूत के रूप में स्क्रीनशॉट और चैट इतिहास साझा कर सकता हूं।",साइबर उत्पीड़न,रिपोर्ट चाहना कि फर्जी ईमेल आईडी जरिये ऑनलाइन परेशान जाना रहना । अज्ञात यूजर जुलाई अपमानजनक धमकी भरना संदेश भेजना रहना । सहमति बिना तस्वीर उपयोग फर्जी प्रोफाइल बनाना । व्यक्ति दोस्त रिश्तेदार बारे आपत्तिजनक सामग्री वाला संदेश भेजना रहना । खाता ब्लॉक प्रयास लेकिन नया नकली खाता सामने आना रहना । ऑनलाइन उत्पीडन कारण बहुत तनाव शर्मिंदगी उठाना पड़ना रहना । साइबर क्राइम सेल अनुरोध कि खाता पता लगाना जाना सख्त कार्रवाई जाना । उत्पीडन सबूत रूप स्क्रीनशॉट चैट इतिहास साझा सकना ।
"मैं नासिक रोड में सड़कों की स्थिति के संबंध में सार्वजनिक सुरक्षा चिंता उठाना चाहता हूं। मुख्य सड़क के पास एक खुला मैनहोल है जो पिछले दो सप्ताह से खुला पड़ा है। इस स्थान पर पहले भी कई दोपहिया वाहन चालक छोटी-मोटी दुर्घटना का शिकार हो चुके हैं। खतरनाक क्षेत्र के आसपास कोई चेतावनी संकेत या बैरिकेड्स नहीं लगाए गए हैं। रात के समय खराब स्ट्रीट लाइट के कारण हादसों का खतरा और भी बढ़ जाता है। स्थानीय निवासी पहले भी यह मुद्दा उठा चुके हैं, लेकिन कोई कार्रवाई नहीं हुई। मैं संबंधित अधिकारियों से मैनहोल की मरम्मत करने और उचित रोशनी सुनिश्चित करने का अनुरोध करता हूं। यह एक गंभीर सार्वजनिक सुरक्षा ख़तरा है जिस पर तत्काल ध्यान देने की आवश्यकता है।",सार्वजनिक सुरक्षा,नासिक रोड सड़क स्थिति संबंध सार्वजनिक सुरक्षा चिंता उठाना चाहना । मुख्य सड़क पास खुला मैनहोल जो पिछला दो सप्ताह खुलना पड़ना । स्थान पहले कई दोपहिया वाहन चालक छोटा मोटा दुर्घटना शिकार होना चुकना । खतरनाक क्षेत्र आसपास कोई चेतावनी संकेत बैरिकेड्स नहीं लगाना जाना । रात समय खराब स्ट्रीट लाइट कारण हादसा खतरा बढ़ना जाना । स्थानीय निवासी पहले मुद्दा उठाना चुकना लेकिन कोई कार्रवाई नहीं होना । संबंधित अधिकारी मैनहोल मरम्मत उचित रोशनी सुनिश्चित अनुरोध । गंभीर सार्वजनिक सुरक्षा खतरा जो तत्काल ध्यान देना आवश्यकता ।
"मैं औंध में सड़कों की स्थिति के संबंध में सार्वजनिक सुरक्षा चिंता उठाना चाहता हूं। मुख्य सड़क के पास एक खुला मैनहोल है जिसे 22 जून से खुला रखा गया है। इस स्थान पर पहले भी कई दोपहिया वाहन चालक छोटी-मोटी दुर्घटना का शिकार हो चुके हैं। खतरनाक क्षेत्र के आसपास कोई चेतावनी संकेत या बैरिकेड्स नहीं लगाए गए हैं। रात के समय खराब स्ट्रीट लाइट के कारण हादसों का खतरा और भी बढ़ जाता है। स्थानीय निवासी पहले भी यह मुद्दा उठा चुके हैं, लेकिन कोई कार्रवाई नहीं हुई। मैं संबंधित अधिकारियों से मैनहोल की मरम्मत करने और उचित रोशनी सुनिश्चित करने का अनुरोध करता हूं। यह एक गंभीर सार्वजनिक सुरक्षा ख़तरा है जिस पर तत्काल ध्यान देने की आवश्यकता है।",सार्वजनिक सुरक्षा,औंध सड़क स्थिति संबंध सार्वजनिक सुरक्षा चिंता उठाना चाहना । मुख्य सड़क पास खुला मैनहोल जो जून खुलना रखना जाना । स्थान पहले कई दोपहिया वाहन चालक छोटा मोटा दुर्घटना शिकार होना चुकना । खतरनाक क्षेत्र आसपास कोई चेतावनी संकेत बैरिकेड्स नहीं लगाना जाना । रात समय खराब स्ट्रीट लाइट कारण हादसा खतरा बढ़ना जाना । स्थानीय निवासी पहले मुद्दा उठाना चुकना लेकिन कोई कार्रवाई नहीं होना । संबंधित अधिकारी मैनहोल मरम्मत उचित रोशनी सुनिश्चित अनुरोध । गंभीर सार्वजनिक सुरक्षा खतरा जो तत्काल ध्यान देना आवश्यकता ।
"मुझे एक अजनबी द्वारा ब्लैकमेल किया जा रहा है जो मेरे बारे में निजी जानकारी उजागर करने की धमकी दे रहा है। ब्लैकमेल की कोशिशें इस महीने की 3 तारीख को एक अज्ञात फोन नंबर पर संदेशों के जरिए शुरू हुईं। वे रुपये मांग रहे हैं. 20,000 न देने पर वे मुझे सार्वजनिक रूप से बदनाम करने की धमकी देते हैं। मैंने अब तक उनकी कोई भी मांग नहीं मानी है।' लगातार मिल रही इन धमकियों से मानसिक दबाव असहनीय होता जा रहा है। मैंने इस मामले से जुड़े सभी मैसेज और कॉल का रिकॉर्ड रखा है.' मैं इस ब्लैकमेल को रोकने और मेरी गोपनीयता की रक्षा के लिए तत्काल कार्रवाई का अनुरोध करता हूं। कृपया सलाह दें कि मैं इस व्यक्ति के खिलाफ क्या कानूनी कदम उठा सकता हूं।",ब्लैकमेल,अजनबी ब्लैकमेल जाना रहना जो बारे निजी जानकारी उजागर धमकी देना रहना । ब्लैकमेल कोशिश महीना तारीख अज्ञात फोन नंबर संदेश जरिये शुरू होना । रुपया मांगना रहना न देना सार्वजनिक रूप बदनाम धमकी देना । अब कोई मांग नहीं मानना । लगातार मिलना रहना धमकी मानसिक दबाव असहनीय होना जाना रहना । मामला जुडना सभी मैसेज कॉल रिकॉर्ड रखना ब्लैकमेल रोकना गोपनीयता रक्षा तत्काल कार्रवाई अनुरोध । कृपया सलाह देना कि व्यक्ति खिलाफ क्या कानूनी कदम उठाना सकना ।
"मैं सदर बाजार में टूटी हुई स्ट्रीट लाइट और क्षतिग्रस्त फुटपाथ की रिपोर्ट करना चाहता हूं जिससे सुरक्षा संबंधी समस्याएं पैदा हो रही हैं। बिना किसी मरम्मत कार्य के यह समस्या 22 जून से बनी हुई है। इस इलाके में बुजुर्गों और बच्चों को सुरक्षित चलने में काफी दिक्कत होती है। बारिश के दौरान इलाके में पानी भर जाता है, जिससे गिरने का खतरा बढ़ जाता है। यहां लोगों के फिसलने और घायल होने की कुछ घटनाएं हो चुकी हैं। मैं अन्य निवासियों के साथ इस सार्वजनिक बुनियादी ढांचे की तत्काल मरम्मत का अनुरोध करता हूं। इससे रोजाना गुजरने वाले राहगीरों और वाहनों को लगातार खतरा बना हुआ है। मैं इस मामले को सुलझाने के लिए नगर निगम अधिकारियों से त्वरित कार्रवाई का अनुरोध करता हूं।",सार्वजनिक सुरक्षा,सदर बाजार टूटी होना स्ट्रीट लाइट क्षतिग्रस्त फुटपाथ रिपोर्ट चाहना जो सुरक्षा संबंधी समस्या पैदा होना रहना । बिना कोई मरम्मत कार्य समस्या जून बनना होना । इलाका बुजुर्ग बच्चा सुरक्षित चलना काफी दिक्कत होना । बारिश दौरान इलाका पानी भरना जाना जो गिरना खतरा बढ़ना जाना । यहाँ लोग फिसलना घायल होना कुछ घटना होना चुकना । अन्य निवासी साथ सार्वजनिक बुनियादी ढांचा तत्काल मरम्मत अनुरोध । रोजाना गुजरना वाला राहगीर वाहन लगातार खतरा बनना होना । मामला सुलझाना नगर निगम अधिकारी त्वरित कार्रवाई अनुरोध ।
"मैं खराडी में सड़कों की स्थिति के संबंध में सार्वजनिक सुरक्षा चिंता उठाना चाहता हूं। मुख्य सड़क के पास एक खुला मैनहोल है जिसे 22 जून से खुला रखा गया है। इस स्थान पर पहले भी कई दोपहिया वाहन चालक छोटी-मोटी दुर्घटना का शिकार हो चुके हैं। खतरनाक क्षेत्र के आसपास कोई चेतावनी संकेत या बैरिकेड्स नहीं लगाए गए हैं। रात के समय खराब स्ट्रीट लाइट के कारण हादसों का खतरा और भी बढ़ जाता है। स्थानीय निवासी पहले भी यह मुद्दा उठा चुके हैं, लेकिन कोई कार्रवाई नहीं हुई। मैं संबंधित अधिकारियों से मैनहोल की मरम्मत करने और उचित रोशनी सुनिश्चित करने का अनुरोध करता हूं। यह एक गंभीर सार्वजनिक सुरक्षा ख़तरा है जिस पर तत्काल ध्यान देने की आवश्यकता है।",सार्वजनिक सुरक्षा,खराडी सड़क स्थिति संबंध सार्वजनिक सुरक्षा चिंता उठाना चाहना । मुख्य सड़क पास खुला मैनहोल जो जून खुलना रखना जाना । स्थान पहले कई दोपहिया वाहन चालक छोटा मोटा दुर्घटना शिकार होना चुकना । खतरनाक क्षेत्र आसपास कोई चेतावनी संकेत बैरिकेड्स नहीं लगाना जाना । रात समय खराब स्ट्रीट लाइट कारण हादसा खतरा बढ़ना जाना । स्थानीय निवासी पहले मुद्दा उठाना चुकना लेकिन कोई कार्रवाई नहीं होना । संबंधित अधिकारी मैनहोल मरम्मत उचित रोशनी सुनिश्चित अनुरोध । गंभीर सार्वजनिक सुरक्षा खतरा जो तत्काल ध्यान देना आवश्यकता ।
"मैं चिंचवड़ में देखी गई एक संदिग्ध गतिविधि की रिपोर्ट करना चाहता हूं। 2 अगस्त से, अज्ञात व्यक्ति अजीब समय पर परित्यक्त इमारत के पास इकट्ठा हो रहे हैं। निवासियों को संदेह है कि रात में वहां कुछ अवैध गतिविधि हो सकती है। उस स्थान से तेज़ आवाज़ें और कभी-कभार बहसें सुनाई देती रही हैं। इससे आसपास रहने वाले परिवारों में सुरक्षा संबंधी चिंताएं बढ़ गई हैं। स्थानीय वार्ड कार्यालय को सूचित करने के बावजूद कोई आधिकारिक कार्रवाई नहीं की गई है। मैं अधिकारियों से इस मामले की जांच करने और निवासियों की सुरक्षा सुनिश्चित करने का अनुरोध करता हूं। यदि आवश्यक हुआ तो मैं अधिक विवरण प्रदान करने या अधिकारियों के साथ जाने को तैयार हूं।",अन्य,चिंचवड देखना जाना संदिग्ध गतिविधि रिपोर्ट चाहना । अगस्त अज्ञात व्यक्ति अजीब समय परित्यक्त इमारत पास इकट्ठा होना रहना । निवासी संदेह कि रात वहाँ कुछ अवैध गतिविधि होना सकना । स्थान तेज आवाज कभी कभार बहस सुनाना देना रहना । आसपास रहना वाला परिवार सुरक्षा संबंधी चिंता बढ़ना जाना । स्थानीय वार्ड कार्यालय सूचित बावजूद कोई आधिकारिक कार्रवाई नहीं जाना । अधिकारी मामला जांच निवासी सुरक्षा सुनिश्चित अनुरोध । यदि आवश्यक होना अधिक विवरण प्रदान अधिकारी साथ जाना तैयार ।
मैं घर में लगातार घरेलू दुर्व्यवहार के लिए अपने ससुर के खिलाफ यह शिकायत दर्ज कर रही हूं। चूँकि पिछले दो सप्ताह से मुझ पर शारीरिक हमला और उत्पीड़न किया जा रहा है। मुझे बुनियादी ज़रूरतों से भी वंचित कर दिया जाता है और बिना कारण घर तक सीमित कर दिया जाता है। जब भी मैं बोलने की कोशिश करता हूं तो बार-बार हिंसा की धमकियां मिलती रहती हैं। मेरे रिश्तेदार स्थिति से अवगत हैं और दुर्व्यवहार की गवाही दे सकते हैं। मुझे अपनी सुरक्षा और मेरे साथ रहने वाले मेरे बच्चों की सुरक्षा का डर है। मैं कानून के तहत तत्काल सुरक्षा और उचित कानूनी कार्रवाई का अनुरोध करता हूं। कृपया मेरी स्थिति के लिए उपलब्ध आश्रय और कानूनी सहायता के संबंध में मेरा मार्गदर्शन करें।,घरेलू हिंसा,घर लगातार घरेलू दुर्व्यवहार अपना ससुर खिलाफ शिकायत दर्ज रहना । चूँकि पिछला दो सप्ताह शारीरिक हमला उत्पीडन जाना रहना । बुनियादी ज़रूरत वंचित देना जाना बिना कारण घर सीमित देना जाना । जब बोलना कोशिश बार बार हिंसा धमकी मिलना रहना । रिश्तेदार स्थिति अवगत दुर्व्यवहार गवाही देना सकना । अपना सुरक्षा साथ रहना वाला बच्चा सुरक्षा डर । कानून तहत तत्काल सुरक्षा उचित कानूनी कार्रवाई अनुरोध । कृपया स्थिति उपलब्ध आश्रय कानूनी सहायता संबंध मार्गदर्शन ।
"मैं ठाणे में हुई अपनी पत्नी के हैंडबैग की चोरी की रिपोर्ट करना चाहता हूं। घटना आज सुबह करीब 8 बजे मुख्य बाजार इलाके के पास हुई. जब मुझे एहसास हुआ कि यह गायब है, तो मैंने तुरंत आसपास की जाँच की लेकिन कुछ नहीं मिला। मुझे संदेह है कि इसे किसी ऐसे व्यक्ति ने चुराया है जो कुछ समय से मेरा पीछा कर रहा था। चोरी गए सामान की अनुमानित कीमत करीब तीन लाख रुपये है। 12,000. मैंने स्थानीय दुकानदारों को पहले ही सूचित कर दिया है कि उन्हें कुछ भी असामान्य दिखे। मैं पुलिस से मामले की जांच करने और मेरा सामान बरामद करने में मदद करने का अनुरोध करता हूं। यदि उपलब्ध हो तो मैं कोई भी अतिरिक्त विवरण या सीसीटीवी फुटेज स्थान प्रदान करने के लिए तैयार हूं।",चोरी,ठाणे होना अपना पत्नी हैंडबैग चोरी रिपोर्ट चाहना । घटना आज सुबह करीब बजे मुख्य बाजार इलाका पास होना जब एहसास होना कि गायब तुरंत आसपास जाँच लेकिन कुछ नहीं मिलना । संदेह कि कोई ऐसा व्यक्ति ने चुराना जो कुछ समय पीछा रहना । चोरी जाना सामान अनुमानित कीमत करीब तीन लाख रुपया । स्थानीय दुकानदार पहले ही सूचित देना कि कुछ असामान्य दिखना । पुलिस मामला जांच सामान बरामद मदद अनुरोध । यदि उपलब्ध होना कोई अतिरिक्त विवरण सीसीटीवी फुटेज स्थान प्रदान तैयार ।
मैं चिंचवड़ में हुई छेड़छाड़ की एक घटना की रिपोर्ट करना चाहता हूं। जब मैं काम से लौट रही थी तो कुछ युवकों ने चलते समय मुझ पर अश्लील कमेंट किए। उन्होंने सीटियां भी बजाईं और मेरे और मेरे दोस्त की ओर अनुचित इशारे भी किए। जब मैंने उन्हें नज़रअंदाज कर दूर जाने की कोशिश की तो उन्होंने कुछ दूर तक पीछा किया। इस तरह के व्यवहार से मुझे अकेले यात्रा करते समय असुरक्षित महसूस होने लगा है। क्षेत्र की अन्य महिलाओं को भी उसी स्थान पर इसी तरह के उत्पीड़न का सामना करना पड़ा है। मैं ऐसी घटनाओं को रोकने के लिए इस क्षेत्र में पुलिस गश्त बढ़ाने का अनुरोध करता हूं। यदि लाइन-अप या सीसीटीवी समीक्षा की व्यवस्था की जाती है तो मैं व्यक्तियों की पहचान करने के लिए तैयार हूं।,ईव टीज़िंग,चिंचवड़ होना छेडछाड घटना रिपोर्ट चाहना । जब काम लौटना रहना कुछ युवक ने चलना समय अश्लील कमेंट । सीटी बजाना दोस्त ओर अनुचित इशारा । जब नजरअंदाज दूर जाना कोशिश कुछ दूर पीछा । तरह व्यवहार अकेला यात्रा समय असुरक्षित महसूस होना लगाना । क्षेत्र अन्य महिला स्थान तरह उत्पीडन सामना पड़ना । ऐसा घटना रोकना क्षेत्र पुलिस गश्त बढ़ाना अनुरोध । यदि लाइन अप सीसीटीवी समीक्षा व्यवस्था जाना व्यक्ति पहचान तैयार ।
"मैं पिंपरी में हुई अपने लैपटॉप बैग की चोरी की रिपोर्ट करना चाहता हूं। यह घटना तब हुई जब मैं बाजार से वापस आ रहा था, मुख्य बाजार क्षेत्र के पास। जब मुझे एहसास हुआ कि यह गायब है, तो मैंने तुरंत आसपास की जाँच की लेकिन कुछ नहीं मिला। मुझे संदेह है कि इसे किसी ऐसे व्यक्ति ने चुराया है जो कुछ समय से मेरा पीछा कर रहा था। चोरी गए सामान की अनुमानित कीमत करीब तीन लाख रुपये है। 50,000. मैंने स्थानीय दुकानदारों को पहले ही सूचित कर दिया है कि उन्हें कुछ भी असामान्य दिखे। मैं पुलिस से मामले की जांच करने और मेरा सामान बरामद करने में मदद करने का अनुरोध करता हूं। यदि उपलब्ध हो तो मैं कोई भी अतिरिक्त विवरण या सीसीटीवी फुटेज स्थान प्रदान करने के लिए तैयार हूं।",चोरी,पिंपरी होना अपना लैपटॉप बैग चोरी रिपोर्ट चाहना । घटना तब होना जब बाजार वापस आना रहना मुख्य बाजार क्षेत्र पास। जब एहसास होना कि गायब तुरंत आसपास जाँच लेकिन कुछ नहीं मिलना । संदेह कि कोई ऐसा व्यक्ति ने चुराना जो कुछ समय पीछा रहना । चोरी जाना सामान अनुमानित कीमत करीब तीन लाख रुपया । स्थानीय दुकानदार पहले ही सूचित देना कि कुछ असामान्य दिखना । पुलिस मामला जांच सामान बरामद मदद अनुरोध । यदि उपलब्ध होना कोई अतिरिक्त विवरण सीसीटीवी फुटेज स्थान प्रदान तैयार ।
"मैं ठाणे में शोर और उपद्रव के संबंध में एक सामान्य सुरक्षा शिकायत दर्ज करना चाहता हूं। 2 अगस्त के लिए, पास का एक प्रतिष्ठान अनुमत समय से अधिक जोर-शोर से काम कर रहा है। इससे आस-पड़ोस की शांति भंग हो गई है, विशेषकर बुजुर्ग निवासियों और बच्चों के लिए। मालिकों से शोर कम करने के बार-बार अनुरोध को नजरअंदाज कर दिया गया है। सप्ताहांत पर स्थिति और भी गंभीर हो जाती है जब अशांति देर रात तक जारी रहती है। इस मुद्दे को स्थानीय अधिकारियों के सामने उठाने के लिए कई पड़ोसी एकजुट हुए हैं। मैं यह सुनिश्चित करने के लिए आवश्यक कार्रवाई का अनुरोध करता हूं कि शोर के स्तर को नियंत्रण में लाया जाए। कृपया निवासियों की भलाई के लिए इस मामले पर जल्द से जल्द ध्यान दें।",अन्य,ठाणे शोर उपद्रव संबंध सामान्य सुरक्षा शिकायत दर्ज चाहना । अगस्त पास प्रतिष्ठान अनुमत समय अधिक जोर शोर काम रहना । आस पडोस शान्ति भंग होना जाना विशेषकर बुजुर्ग निवासी बच्चा । मालिक शोर कम बार बार अनुरोध नजरअंदाज देना जाना । सप्ताहांत स्थिति गंभीर होना जाना जब अशान्ति देर रात जारी रहना । मुद्दा स्थानीय अधिकारी सामने उठाना कई पड़ोसी एकजुट होना । सुनिश्चित आवश्यक कार्रवाई अनुरोध कि शोर स्तर नियंत्रण लाना जाना । कृपया निवासी भलाई मामला जल्द जल्द ध्यान देना ।
"इंस्टाग्राम पर कोई मुझे बार-बार अनुचित संदेश और टिप्पणियां भेज रहा है। यह उत्पीड़न पिछले महीने की 10 तारीख को शुरू हुआ और हाल ही में इसकी आवृत्ति में वृद्धि हुई है। उस व्यक्ति ने मेरे सार्वजनिक पोस्ट पर भी अश्लील टिप्पणी की है.' मैंने उन्हें समझाने की कोशिश की, लेकिन उन्होंने और भी अश्लील संदेश जारी रखे। उन्होंने मेरे दोस्तों और परिवार को भी शर्मनाक और झूठे पोस्ट में टैग किया। मैं बेहद परेशान हूं और अब शांति से सोशल मीडिया का इस्तेमाल नहीं कर पा रहा हूं।' मेरा अनुरोध है कि खाते का पता लगाया जाए और उचित कार्रवाई की जाए। मैं अपनी शिकायत के समर्थन में आवश्यक स्क्रीनशॉट संलग्न कर रहा हूं।",साइबर उत्पीड़न,इंस्टाग्राम कोई बार बार अनुचित संदेश टिप्पणी भेजना रहना । उत्पीडन पिछला महीना तारीख शुरू होना हाल ही आवृत्ति वृद्धि होना । व्यक्ति ने सार्वजनिक पोस्ट अश्लील टिप्पणी समझाना कोशिश लेकिन अश्लील संदेश जारी रखना । दोस्त परिवार शर्मनाक झूठा पोस्ट टैग । बेहद परेशान अब शान्ति सोशल मीडिया इस्तेमाल नहीं पाना रहना । अनुरोध कि खाता पता लगाना जाना उचित कार्रवाई जाना । अपना शिकायत समर्थन आवश्यक स्क्रीनशॉट संलग्न रहना ।
"मैं पिंपरी में हुई नकदी और कार्ड वाले अपने पर्स की चोरी की रिपोर्ट करना चाहता हूं। यह घटना तब हुई जब मैं बाजार से वापस आ रहा था, मुख्य बाजार क्षेत्र के पास। जब मुझे एहसास हुआ कि यह गायब है, तो मैंने तुरंत आसपास की जाँच की लेकिन कुछ नहीं मिला। मुझे संदेह है कि इसे किसी ऐसे व्यक्ति ने चुराया है जो कुछ समय से मेरा पीछा कर रहा था। चोरी गए सामान की अनुमानित कीमत करीब तीन लाख रुपये है। 1,00,000. मैंने स्थानीय दुकानदारों को पहले ही सूचित कर दिया है कि उन्हें कुछ भी असामान्य दिखे। मैं पुलिस से मामले की जांच करने और मेरा सामान बरामद करने में मदद करने का अनुरोध करता हूं। यदि उपलब्ध हो तो मैं कोई भी अतिरिक्त विवरण या सीसीटीवी फुटेज स्थान प्रदान करने के लिए तैयार हूं।",चोरी,पिंपरी होना नकदी कार्ड वाला अपना पर्स चोरी रिपोर्ट चाहना । घटना तब होना जब बाजार वापस आना रहना मुख्य बाजार क्षेत्र पास। जब एहसास होना कि गायब तुरंत आसपास जाँच लेकिन कुछ नहीं मिलना । संदेह कि कोई ऐसा व्यक्ति ने चुराना जो कुछ समय पीछा रहना । चोरी जाना सामान अनुमानित कीमत करीब तीन लाख रुपया । स्थानीय दुकानदार पहले ही सूचित देना कि कुछ असामान्य दिखना । पुलिस मामला जांच सामान बरामद मदद अनुरोध । यदि उपलब्ध होना कोई अतिरिक्त विवरण सीसीटीवी फुटेज स्थान प्रदान तैयार ।
"मैं रिपोर्ट करना चाहता हूं कि मुझे एक अज्ञात फोन नंबर के जरिए ऑनलाइन परेशान किया जा रहा है। एक अज्ञात उपयोगकर्ता इस महीने की 3 तारीख से मुझे अपमानजनक और धमकी भरे संदेश भेज रहा है। उन्होंने मेरी सहमति के बिना मेरी तस्वीरों का उपयोग करके एक फर्जी प्रोफ़ाइल भी बनाई है। यह व्यक्ति मेरे दोस्तों और रिश्तेदारों को मेरे बारे में आपत्तिजनक सामग्री वाले संदेश भेज रहा है। मैंने खाते को ब्लॉक करने का प्रयास किया है, लेकिन नए नकली खाते सामने आते रहते हैं। इस ऑनलाइन उत्पीड़न के कारण मुझे बहुत तनाव और शर्मिंदगी उठानी पड़ रही है। मैं साइबर क्राइम सेल से अनुरोध करता हूं कि खाते का पता लगाया जाए और सख्त कार्रवाई की जाए। मैं उत्पीड़न के सबूत के रूप में स्क्रीनशॉट और चैट इतिहास साझा कर सकता हूं।",साइबर उत्पीड़न,रिपोर्ट चाहना कि अज्ञात फोन नंबर जरिये ऑनलाइन परेशान जाना रहना । अज्ञात उपयोगकर्ता महीना तारीख अपमानजनक धमकी भरना संदेश भेजना रहना । सहमति बिना तस्वीर उपयोग फर्जी प्रोफाइल बनाना । व्यक्ति दोस्त रिश्तेदार बारे आपत्तिजनक सामग्री वाला संदेश भेजना रहना । खाता ब्लॉक प्रयास लेकिन नया नकली खाता सामने आना रहना । ऑनलाइन उत्पीडन कारण बहुत तनाव शर्मिंदगी उठाना पड़ना रहना । साइबर क्राइम सेल अनुरोध कि खाता पता लगाना जाना सख्त कार्रवाई जाना । उत्पीडन सबूत रूप स्क्रीनशॉट चैट इतिहास साझा सकना ।
"मैं रिपोर्ट करना चाहता हूं कि मुझे चिंचवड़ में लड़कों के एक समूह से गंभीर धमकियां मिली हैं। 2 अगस्त से यह व्यक्ति मुझे और मेरे परिवार को नुकसान पहुंचाने की धमकी दे रहा है। अगर मैंने उनकी मांगें नहीं मानी तो उन्होंने मुझे गंभीर परिणाम भुगतने की चेतावनी दी है। धमकियाँ व्यक्तिगत रूप से और फोन कॉल दोनों पर दी गई हैं। मैं इन धमकियों के कारण अपने परिवार की सुरक्षा को लेकर बेहद चिंतित हूं।' मैंने उनकी किसी भी मांग का जवाब नहीं दिया, जिससे उनका गुस्सा और बढ़ गया है.' मैं पुलिस सुरक्षा और मुझे धमकी देने वाले व्यक्ति के खिलाफ तत्काल कार्रवाई का अनुरोध करता हूं। मैं इस शिकायत के समर्थन में कॉल रिकॉर्डिंग और गवाह विवरण प्रदान कर सकता हूं।",धमकी,रिपोर्ट चाहना कि चिंचवड लड़का समूह गंभीर धमकी मिलना । अगस्त व्यक्ति परिवार नुकसान पहुंचाना धमकी देना रहना । अगर मांगें नहीं मानना गंभीर परिणाम भुगतना चेतावनी देना । धमकी व्यक्तिगत रूप फोन कॉल दो देना जाना । धमकी कारण अपना परिवार सुरक्षा लेना बेहद चिंतित । कोई मांग जवाब नहीं देना जो गुस्सा बढ़ना जाना पुलिस सुरक्षा धमकी देना वाला व्यक्ति खिलाफ तत्काल कार्रवाई अनुरोध । शिकायत समर्थन कॉल रिकॉर्डिंग गवाह विवरण प्रदान सकना ।
"मैं रिपोर्ट करना चाहती हूं कि मुझे टेलीग्राम के जरिए ऑनलाइन परेशान किया जा रहा है। एक अज्ञात यूजर पिछले महीने की 10 तारीख से मुझे अपमानजनक और धमकी भरे संदेश भेज रहा है। उन्होंने मेरी सहमति के बिना मेरी तस्वीरों का उपयोग करके एक फर्जी प्रोफ़ाइल भी बनाई है। यह व्यक्ति मेरे दोस्तों और रिश्तेदारों को मेरे बारे में आपत्तिजनक सामग्री वाले संदेश भेज रहा है। मैंने खाते को ब्लॉक करने का प्रयास किया है, लेकिन नए नकली खाते सामने आते रहते हैं। इस ऑनलाइन उत्पीड़न के कारण मुझे बहुत तनाव और शर्मिंदगी उठानी पड़ रही है। मैं साइबर क्राइम सेल से अनुरोध करता हूं कि खाते का पता लगाया जाए और सख्त कार्रवाई की जाए। मैं उत्पीड़न के सबूत के रूप में स्क्रीनशॉट और चैट इतिहास साझा कर सकता हूं।",साइबर उत्पीड़न,रिपोर्ट चाहना कि टेलीग्राम जरिये ऑनलाइन परेशान जाना रहना । अज्ञात यूजर पिछला महीना तारीख अपमानजनक धमकी भरना संदेश भेजना रहना । सहमति बिना तस्वीर उपयोग फर्जी प्रोफाइल बनाना । व्यक्ति दोस्त रिश्तेदार बारे आपत्तिजनक सामग्री वाला संदेश भेजना रहना । खाता ब्लॉक प्रयास लेकिन नया नकली खाता सामने आना रहना । ऑनलाइन उत्पीडन कारण बहुत तनाव शर्मिंदगी उठाना पड़ना रहना । साइबर क्राइम सेल अनुरोध कि खाता पता लगाना जाना सख्त कार्रवाई जाना । उत्पीडन सबूत रूप स्क्रीनशॉट चैट इतिहास साझा सकना ।
"मैं पिंपरी बस स्टॉप के पास हुई एक छेड़छाड़ की घटना की रिपोर्ट कर रहा हूं। आज सुबह-सुबह, बस स्टॉप पर एक आदमी ने मुझे छेड़ना शुरू कर दिया और भद्दी टिप्पणियाँ करने लगा। उन्होंने मेरी अनुमति के बिना मेरी तस्वीरें खींचने की भी कोशिश की. मैंने उनका विरोध किया, लेकिन उन्होंने इसे हंसी में उड़ा दिया और अपना व्यवहार जारी रखा। यह पहली बार नहीं है जब इस स्थान पर ऐसी घटनाएं हुई हैं। इसी ग्रुप के बारे में कई अन्य लड़कियों ने अनौपचारिक रूप से शिकायत की है. मैं महिलाओं की सुरक्षा सुनिश्चित करने के लिए सख्त कार्रवाई और नियमित पुलिस उपस्थिति का अनुरोध करता हूं। यदि व्यक्तियों का पता लगाया जाता है तो मैं पहचान में सहायता करने को तैयार हूं।",ईव टीज़िंग,पिंपरी बस स्टॉप पास होना छेडछाड घटना रिपोर्ट रहना । आज सुबह सुबह बस स्टॉप आदमी ने छेड़ना शुरू देना भद्दी टिप्पणी लगाना । अनुमति बिना तस्वीर खींचना कोशिश विरोध लेकिन हँसी उड़ाना देना अपना व्यवहार जारी रखना । पहला बार नहीं जब स्थान ऐसा घटना होना । ग्रुप बारे कई अन्य लड़की ने अनौपचारिक रूप शिकायत महिला सुरक्षा सुनिश्चित सख्त कार्रवाई नियमित पुलिस उपस्थिति अनुरोध । यदि व्यक्ति पता लगाना जाना पहचान सहायता तैयार ।
मुझे और मेरे परिवार को विले पार्ले में रहने वाले मेरे जीजा द्वारा परेशान किया जा रहा है। इस महीने की 3 तारीख से उत्पीड़न जारी है। जब भी वे मुझे देखते हैं तो भद्दे कमेंट करते हैं और परेशानी पैदा करने की कोशिश करते हैं। कल रात करीब 9 बजे स्थिति तब और खराब हो गई जब वे मुझसे सीधे भिड़ गए। इस लगातार उत्पीड़न के कारण मैं काम पर जाने में असुरक्षित महसूस करती हूं। मेरे परिवार के सदस्यों ने भी कई मौकों पर इस व्यवहार को देखा है। मैं तत्काल हस्तक्षेप का अनुरोध करता हूं ताकि यह उत्पीड़न स्थायी रूप से बंद हो जाए। कृपया मेरी शिकायत दर्ज कर आवश्यक कानूनी कार्रवाई करें।,उत्पीड़न,परिवार विले पार्ले रहना वाला जीजा परेशान जाना रहना । महीना तारीख उत्पीडन जारी । जब देखना भद्दा कमेंट परेशानी पैदा कोशिश । कल रात करीब बजे स्थिति तब खराब होना जाना जब सीधे भिडना जाना । लगातार उत्पीडन कारण काम जाना असुरक्षित महसूस । परिवार सदस्य ने कई मौका व्यवहार देखना । तत्काल हस्तक्षेप अनुरोध ताकि उत्पीडन स्थायी रूप बंद होना जाना । कृपया शिकायत दर्ज आवश्यक कानूनी कार्रवाई ।
"मैं नागपुर शहर में अपने कार्यस्थल पर एक वरिष्ठ द्वारा लगातार किए जा रहे उत्पीड़न की रिपोर्ट करना चाहती हूं। यह पिछले दो सप्ताह से शुरू हुआ और तब से बंद नहीं हुआ है. मेरे कार्यस्थल पर एक वरिष्ठ दूसरों के सामने मेरे बारे में अपमानजनक टिप्पणियाँ करता रहता है। आज सुबह-सुबह मेरे घर के पास इस शख्स ने फिर मेरे साथ बदसलूकी की. मैंने उनसे विनम्रतापूर्वक रुकने के लिए कहा, लेकिन वे मुझे परेशान करते रहे। इससे मेरी मानसिक शांति प्रभावित हो रही है और मुझे अकेले बाहर निकलने में डर लगता है।' मैं पुलिस से जिम्मेदार व्यक्ति के खिलाफ सख्त कार्रवाई करने का अनुरोध करता हूं।' मैं जांच के लिए आवश्यक कोई भी अतिरिक्त विवरण प्रदान करने के लिए तैयार हूं।",उत्पीड़न,नागपुर शहर अपना कार्यस्थल वरिष्ठ लगातार जाना रहना उत्पीडन रिपोर्ट चाहना । पिछला दो सप्ताह शुरू होना तब बंद नहीं होना कार्यस्थल वरिष्ठ दूसरा सामने बारे अपमानजनक टिप्पणी रहना । आज सुबह सुबह घर पास शख्स ने फिर साथ बदसलूकी विनम्रतापूर्वक रुकना कहना लेकिन परेशान रहना । मानसिक शान्ति प्रभावित होना रहना अकेला बाहर निकलना डर लगना । पुलिस जिम्मेदार व्यक्ति खिलाफ सख्त कार्रवाई अनुरोध । जांच आवश्यक कोई अतिरिक्त विवरण प्रदान तैयार ।
"मैं रिपोर्ट करना चाहती हूं कि मुझे स्नैपचैट के जरिए ऑनलाइन परेशान किया जा रहा है। एक अज्ञात उपयोगकर्ता पिछले शुक्रवार से मुझे अपमानजनक और धमकी भरे संदेश भेज रहा है। उन्होंने मेरी सहमति के बिना मेरी तस्वीरों का उपयोग करके एक फर्जी प्रोफ़ाइल भी बनाई है। यह व्यक्ति मेरे दोस्तों और रिश्तेदारों को मेरे बारे में आपत्तिजनक सामग्री वाले संदेश भेज रहा है। मैंने खाते को ब्लॉक करने का प्रयास किया है, लेकिन नए नकली खाते सामने आते रहते हैं। इस ऑनलाइन उत्पीड़न के कारण मुझे बहुत तनाव और शर्मिंदगी उठानी पड़ रही है। मैं साइबर क्राइम सेल से अनुरोध करता हूं कि खाते का पता लगाया जाए और सख्त कार्रवाई की जाए। मैं उत्पीड़न के सबूत के रूप में स्क्रीनशॉट और चैट इतिहास साझा कर सकता हूं।",साइबर उत्पीड़न,रिपोर्ट चाहना कि स्नैपचैट जरिये ऑनलाइन परेशान जाना रहना । अज्ञात उपयोगकर्ता पिछला शुक्रवार अपमानजनक धमकी भरना संदेश भेजना रहना । सहमति बिना तस्वीर उपयोग फर्जी प्रोफाइल बनाना । व्यक्ति दोस्त रिश्तेदार बारे आपत्तिजनक सामग्री वाला संदेश भेजना रहना । खाता ब्लॉक प्रयास लेकिन नया नकली खाता सामने आना रहना । ऑनलाइन उत्पीडन कारण बहुत तनाव शर्मिंदगी उठाना पड़ना रहना । साइबर क्राइम सेल अनुरोध कि खाता पता लगाना जाना सख्त कार्रवाई जाना । उत्पीडन सबूत रूप स्क्रीनशॉट चैट इतिहास साझा सकना ।
"मैं वाकड में सड़कों की स्थिति के संबंध में सार्वजनिक सुरक्षा चिंता उठाना चाहता हूं। मुख्य सड़क के पास एक खुला मैनहोल है जिसे 2 अगस्त से खुला रखा गया है। इस स्थान पर पहले भी कई दोपहिया वाहन चालक छोटी-मोटी दुर्घटना का शिकार हो चुके हैं। खतरनाक क्षेत्र के आसपास कोई चेतावनी संकेत या बैरिकेड्स नहीं लगाए गए हैं। रात के समय खराब स्ट्रीट लाइट के कारण हादसों का खतरा और भी बढ़ जाता है। स्थानीय निवासी पहले भी यह मुद्दा उठा चुके हैं, लेकिन कोई कार्रवाई नहीं हुई। मैं संबंधित अधिकारियों से मैनहोल की मरम्मत करने और उचित रोशनी सुनिश्चित करने का अनुरोध करता हूं। यह एक गंभीर सार्वजनिक सुरक्षा ख़तरा है जिस पर तत्काल ध्यान देने की आवश्यकता है।",सार्वजनिक सुरक्षा,वाकड सड़क स्थिति संबंध सार्वजनिक सुरक्षा चिंता उठाना चाहना । मुख्य सड़क पास खुला मैनहोल जो अगस्त खुलना रखना जाना । स्थान पहले कई दोपहिया वाहन चालक छोटा मोटा दुर्घटना शिकार होना चुकना । खतरनाक क्षेत्र आसपास कोई चेतावनी संकेत बैरिकेड्स नहीं लगाना जाना । रात समय खराब स्ट्रीट लाइट कारण हादसा खतरा बढ़ना जाना । स्थानीय निवासी पहले मुद्दा उठाना चुकना लेकिन कोई कार्रवाई नहीं होना । संबंधित अधिकारी मैनहोल मरम्मत उचित रोशनी सुनिश्चित अनुरोध । गंभीर सार्वजनिक सुरक्षा खतरा जो तत्काल ध्यान देना आवश्यकता ।
"मैं नागपुर शहर में टूटी हुई स्ट्रीट लाइट और क्षतिग्रस्त फुटपाथ की रिपोर्ट करना चाहता हूं जिससे सुरक्षा संबंधी समस्याएं पैदा हो रही हैं। यह समस्या कुछ दिनों से बिना किसी मरम्मत कार्य के बनी हुई है। इस इलाके में बुजुर्गों और बच्चों को सुरक्षित चलने में काफी दिक्कत होती है। बारिश के दौरान इलाके में पानी भर जाता है, जिससे गिरने का खतरा बढ़ जाता है। यहां लोगों के फिसलने और घायल होने की कुछ घटनाएं हो चुकी हैं। मैं अन्य निवासियों के साथ इस सार्वजनिक बुनियादी ढांचे की तत्काल मरम्मत का अनुरोध करता हूं। इससे रोजाना गुजरने वाले राहगीरों और वाहनों को लगातार खतरा बना हुआ है। मैं इस मामले को सुलझाने के लिए नगर निगम अधिकारियों से त्वरित कार्रवाई का अनुरोध करता हूं।",सार्वजनिक सुरक्षा,नागपुर शहर टूटी होना स्ट्रीट लाइट क्षतिग्रस्त फुटपाथ रिपोर्ट चाहना जो सुरक्षा संबंधी समस्या पैदा होना रहना । समस्या कुछ दिन बिना कोई मरम्मत कार्य बनना होना । इलाका बुजुर्ग बच्चा सुरक्षित चलना काफी दिक्कत होना । बारिश दौरान इलाका पानी भरना जाना जो गिरना खतरा बढ़ना जाना । यहाँ लोग फिसलना घायल होना कुछ घटना होना चुकना । अन्य निवासी साथ सार्वजनिक बुनियादी ढांचा तत्काल मरम्मत अनुरोध । रोजाना गुजरना वाला राहगीर वाहन लगातार खतरा बनना होना । मामला सुलझाना नगर निगम अधिकारी त्वरित कार्रवाई अनुरोध ।
हडपसर में रहने वाले लड़कों के एक समूह द्वारा मुझे और मेरे परिवार को परेशान किया जा रहा है। इस महीने की 3 तारीख से उत्पीड़न जारी है। जब भी वे मुझे देखते हैं तो भद्दे कमेंट करते हैं और परेशानी पैदा करने की कोशिश करते हैं। कल शाम को स्थिति तब और खराब हो गई जब वे सीधे मुझसे भिड़ गए। इस लगातार उत्पीड़न के कारण मैं काम पर जाने में असुरक्षित महसूस करती हूं। मेरे परिवार के सदस्यों ने भी कई मौकों पर इस व्यवहार को देखा है। मैं तत्काल हस्तक्षेप का अनुरोध करता हूं ताकि यह उत्पीड़न स्थायी रूप से बंद हो जाए। कृपया मेरी शिकायत दर्ज कर आवश्यक कानूनी कार्रवाई करें।,उत्पीड़न,हडपसर रहना वाला लड़का समूह परिवार परेशान जाना रहना । महीना तारीख उत्पीडन जारी । जब देखना भद्दा कमेंट परेशानी पैदा कोशिश । कल शाम स्थिति तब खराब होना जाना जब सीधे भिडना जाना । लगातार उत्पीडन कारण काम जाना असुरक्षित महसूस । परिवार सदस्य ने कई मौका व्यवहार देखना । तत्काल हस्तक्षेप अनुरोध ताकि उत्पीडन स्थायी रूप बंद होना जाना । कृपया शिकायत दर्ज आवश्यक कानूनी कार्रवाई ।
"मैं रिपोर्ट करना चाहता हूं कि मुझे एक अज्ञात फोन नंबर के जरिए ऑनलाइन परेशान किया जा रहा है। एक अज्ञात यूजर 2 अगस्त से मुझे अपमानजनक और धमकी भरे संदेश भेज रहा है। उन्होंने मेरी सहमति के बिना मेरी तस्वीरों का उपयोग करके एक फर्जी प्रोफ़ाइल भी बनाई है। यह व्यक्ति मेरे दोस्तों और रिश्तेदारों को मेरे बारे में आपत्तिजनक सामग्री वाले संदेश भेज रहा है। मैंने खाते को ब्लॉक करने का प्रयास किया है, लेकिन नए नकली खाते सामने आते रहते हैं। इस ऑनलाइन उत्पीड़न के कारण मुझे बहुत तनाव और शर्मिंदगी उठानी पड़ रही है। मैं साइबर क्राइम सेल से अनुरोध करता हूं कि खाते का पता लगाया जाए और सख्त कार्रवाई की जाए। मैं उत्पीड़न के सबूत के रूप में स्क्रीनशॉट और चैट इतिहास साझा कर सकता हूं।",साइबर उत्पीड़न,रिपोर्ट चाहना कि अज्ञात फोन नंबर जरिये ऑनलाइन परेशान जाना रहना । अज्ञात यूजर अगस्त अपमानजनक धमकी भरना संदेश भेजना रहना । सहमति बिना तस्वीर उपयोग फर्जी प्रोफाइल बनाना । व्यक्ति दोस्त रिश्तेदार बारे आपत्तिजनक सामग्री वाला संदेश भेजना रहना । खाता ब्लॉक प्रयास लेकिन नया नकली खाता सामने आना रहना । ऑनलाइन उत्पीडन कारण बहुत तनाव शर्मिंदगी उठाना पड़ना रहना । साइबर क्राइम सेल अनुरोध कि खाता पता लगाना जाना सख्त कार्रवाई जाना । उत्पीडन सबूत रूप स्क्रीनशॉट चैट इतिहास साझा सकना ।
मैं घर में लगातार घरेलू दुर्व्यवहार के लिए अपने ससुराल वालों के खिलाफ यह शिकायत दर्ज करा रही हूं। चूंकि पिछले एक महीने से मेरे साथ मारपीट और उत्पीड़न किया जा रहा है। मुझे बुनियादी ज़रूरतों से भी वंचित कर दिया जाता है और बिना कारण घर तक सीमित कर दिया जाता है। जब भी मैं बोलने की कोशिश करता हूं तो बार-बार हिंसा की धमकियां मिलती रहती हैं। मेरे रिश्तेदार स्थिति से अवगत हैं और दुर्व्यवहार की गवाही दे सकते हैं। मुझे अपनी सुरक्षा और मेरे साथ रहने वाले मेरे बच्चों की सुरक्षा का डर है। मैं कानून के तहत तत्काल सुरक्षा और उचित कानूनी कार्रवाई का अनुरोध करता हूं। कृपया मेरी स्थिति के लिए उपलब्ध आश्रय और कानूनी सहायता के संबंध में मेरा मार्गदर्शन करें।,घरेलू हिंसा,घर लगातार घरेलू दुर्व्यवहार अपना ससुराल वाला खिलाफ शिकायत दर्ज रहना । चूंकि पिछला महीना साथ मारपीट उत्पीडन जाना रहना । बुनियादी ज़रूरत वंचित देना जाना बिना कारण घर सीमित देना जाना । जब बोलना कोशिश बार बार हिंसा धमकी मिलना रहना । रिश्तेदार स्थिति अवगत दुर्व्यवहार गवाही देना सकना । अपना सुरक्षा साथ रहना वाला बच्चा सुरक्षा डर । कानून तहत तत्काल सुरक्षा उचित कानूनी कार्रवाई अनुरोध । कृपया स्थिति उपलब्ध आश्रय कानूनी सहायता संबंध मार्गदर्शन ।
"एक व्यक्ति, जिसकी पहचान मेरे समाज के एक व्यक्ति के रूप में की गई है, कुछ दिनों से मेरा पीछा कर रहा है। कॉलेज जाते समय वे मेरे कॉलेज के गेट के पास खड़े होकर मुझे देखते दिखे। मेरे कई बार मना करने के बाद भी वे बार-बार मुझसे बात करने की कोशिश करते हैं। मेरे दोस्तों ने भी देखा है कि यह व्यक्ति अलग-अलग दिनों में मेरा पीछा कर रहा है। ऐसा लगता है कि यह व्यक्ति मेरी दिनचर्या जानता है, जो बहुत चिंताजनक है। मुझे डर है कि अगर इसे नहीं रोका गया तो यह और भी खतरनाक रूप ले सकता है। मेरा अनुरोध है कि इस व्यक्ति के खिलाफ तुरंत सख्त कार्रवाई की जाए।' कृपया मेरी सुरक्षा सुनिश्चित करने के लिए अगले कदमों पर मेरा मार्गदर्शन करें।",स्टॉकिंग,व्यक्ति जो पहचान समाज व्यक्ति रूप जाना कुछ दिन पीछा रहना । कॉलेज जाना समय कॉलेज गेट पास खड़ा होना देखना दिखे।ना कई बार मना बाद बार बार बात कोशिश । दोस्त ने देखना कि व्यक्ति अलग अलग दिन पीछा रहना । ऐसा लगना कि व्यक्ति दिनचर्या जानना जो बहुत चिंताजनक । डर कि अगर नहीं रोकना जाना खतरनाक रूप लेना सकना । अनुरोध कि व्यक्ति खिलाफ तुरंत सख्त कार्रवाई जाना । कृपया सुरक्षा सुनिश्चित अगला कदम मार्गदर्शन ।
"स्नैपचैट पर कोई मुझे बार-बार अनुचित संदेश और टिप्पणियाँ भेज रहा है। यह उत्पीड़न इस महीने की 3 तारीख को शुरू हुआ और हाल ही में इसकी आवृत्ति में वृद्धि हुई है। उस व्यक्ति ने मेरे सार्वजनिक पोस्ट पर भी अश्लील टिप्पणी की है.' मैंने उन्हें समझाने की कोशिश की, लेकिन उन्होंने और भी अश्लील संदेश जारी रखे। उन्होंने मेरे दोस्तों और परिवार को भी शर्मनाक और झूठे पोस्ट में टैग किया। मैं बेहद परेशान हूं और अब शांति से सोशल मीडिया का इस्तेमाल नहीं कर पा रहा हूं।' मेरा अनुरोध है कि खाते का पता लगाया जाए और उचित कार्रवाई की जाए। मैं अपनी शिकायत के समर्थन में आवश्यक स्क्रीनशॉट संलग्न कर रहा हूं।",साइबर उत्पीड़न,स्नैपचैट कोई बार बार अनुचित संदेश टिप्पणी भेजना रहना । उत्पीडन महीना तारीख शुरू होना हाल ही आवृत्ति वृद्धि होना । व्यक्ति ने सार्वजनिक पोस्ट अश्लील टिप्पणी समझाना कोशिश लेकिन अश्लील संदेश जारी रखना । दोस्त परिवार शर्मनाक झूठा पोस्ट टैग । बेहद परेशान अब शान्ति सोशल मीडिया इस्तेमाल नहीं पाना रहना । अनुरोध कि खाता पता लगाना जाना उचित कार्रवाई जाना । अपना शिकायत समर्थन आवश्यक स्क्रीनशॉट संलग्न रहना ।
मैं घर में लगातार घरेलू दुर्व्यवहार के लिए अपने पति और उनके परिवार के खिलाफ यह शिकायत दर्ज कर रही हूं। 15 जुलाई से मुझे शारीरिक उत्पीड़न और उत्पीड़न का शिकार होना पड़ रहा है। मुझे बुनियादी ज़रूरतों से भी वंचित कर दिया जाता है और बिना कारण घर तक सीमित कर दिया जाता है। जब भी मैं बोलने की कोशिश करता हूं तो बार-बार हिंसा की धमकियां मिलती रहती हैं। मेरे रिश्तेदार स्थिति से अवगत हैं और दुर्व्यवहार की गवाही दे सकते हैं। मुझे अपनी सुरक्षा और मेरे साथ रहने वाले मेरे बच्चों की सुरक्षा का डर है। मैं कानून के तहत तत्काल सुरक्षा और उचित कानूनी कार्रवाई का अनुरोध करता हूं। कृपया मेरी स्थिति के लिए उपलब्ध आश्रय और कानूनी सहायता के संबंध में मेरा मार्गदर्शन करें।,घरेलू हिंसा,घर लगातार घरेलू दुर्व्यवहार अपना पति परिवार खिलाफ शिकायत दर्ज रहना । जुलाई शारीरिक उत्पीडन उत्पीडन शिकार होना पड़ना रहना । बुनियादी ज़रूरत वंचित देना जाना बिना कारण घर सीमित देना जाना । जब बोलना कोशिश बार बार हिंसा धमकी मिलना रहना । रिश्तेदार स्थिति अवगत दुर्व्यवहार गवाही देना सकना । अपना सुरक्षा साथ रहना वाला बच्चा सुरक्षा डर । कानून तहत तत्काल सुरक्षा उचित कानूनी कार्रवाई अनुरोध । कृपया स्थिति उपलब्ध आश्रय कानूनी सहायता संबंध मार्गदर्शन ।
"मैं नागपुर शहर में सड़कों की स्थिति के संबंध में सार्वजनिक सुरक्षा चिंता उठाना चाहता हूं। मुख्य सड़क के पास एक खुला मैनहोल है जो पिछले दो सप्ताह से खुला पड़ा है। इस स्थान पर पहले भी कई दोपहिया वाहन चालक छोटी-मोटी दुर्घटना का शिकार हो चुके हैं। खतरनाक क्षेत्र के आसपास कोई चेतावनी संकेत या बैरिकेड्स नहीं लगाए गए हैं। रात के समय खराब स्ट्रीट लाइट के कारण हादसों का खतरा और भी बढ़ जाता है। स्थानीय निवासी पहले भी यह मुद्दा उठा चुके हैं, लेकिन कोई कार्रवाई नहीं हुई। मैं संबंधित अधिकारियों से मैनहोल की मरम्मत करने और उचित रोशनी सुनिश्चित करने का अनुरोध करता हूं। यह एक गंभीर सार्वजनिक सुरक्षा ख़तरा है जिस पर तत्काल ध्यान देने की आवश्यकता है।",सार्वजनिक सुरक्षा,नागपुर शहर सड़क स्थिति संबंध सार्वजनिक सुरक्षा चिंता उठाना चाहना । मुख्य सड़क पास खुला मैनहोल जो पिछला दो सप्ताह खुलना पड़ना । स्थान पहले कई दोपहिया वाहन चालक छोटा मोटा दुर्घटना शिकार होना चुकना । खतरनाक क्षेत्र आसपास कोई चेतावनी संकेत बैरिकेड्स नहीं लगाना जाना । रात समय खराब स्ट्रीट लाइट कारण हादसा खतरा बढ़ना जाना । स्थानीय निवासी पहले मुद्दा उठाना चुकना लेकिन कोई कार्रवाई नहीं होना । संबंधित अधिकारी मैनहोल मरम्मत उचित रोशनी सुनिश्चित अनुरोध । गंभीर सार्वजनिक सुरक्षा खतरा जो तत्काल ध्यान देना आवश्यकता ।
"मैं शिवाजी नगर स्थित अपने आवास पर अपनी सास द्वारा झेली जा रही घरेलू हिंसा की रिपोर्ट करना चाहती हूं। 15 जुलाई से लगातार शारीरिक और मानसिक शोषण जारी है। छोटी-छोटी घरेलू बातों पर अक्सर मुझे पीटा जाता है और गाली-गलौज की जाती है। उन्होंने मुझे बिना किसी सहारे के घर से बाहर निकाल देने की धमकी भी दी है. मेरे बच्चों ने ये घटनाएं देखी हैं, जिसका उन पर बुरा असर पड़ा है.' मैंने इसे शांतिपूर्ण तरीके से सुलझाने की कोशिश की है, लेकिन दुर्व्यवहार बढ़ता ही जा रहा है। मैं इस दुरुपयोग के लिए जिम्मेदार लोगों के खिलाफ सुरक्षा और कानूनी कार्रवाई का अनुरोध करता हूं। यदि आवश्यक हुआ तो मैं मेडिकल रिकॉर्ड और गवाहों के बयान उपलब्ध कराने के लिए तैयार हूं।",घरेलू हिंसा,शिवाजी नगर स्थित अपना आवास अपना सास झेलना जाना रहना घरेलू हिंसा रिपोर्ट चाहना । जुलाई लगातार शारीरिक मानसिक शोषण जारी । छोटा छोटा घरेलू बात अक्सर पीटना जाना गाली गलौज जाना । बिना कोई सहारा घर बाहर निकालना देना धमकी देना बच्चा ने घटना देखना जो बुरा असर पड़ना शांतिपूर्ण तरीका सुलझाना कोशिश लेकिन दुर्व्यवहार बढना ही जाना रहना । दुरुपयोग जिम्मेदार लोग खिलाफ सुरक्षा कानूनी कार्रवाई अनुरोध । यदि आवश्यक होना मेडिकल रिकॉर्ड गवाह बयान उपलब्ध कराना तैयार ।
"मैं नासिक रोड में शोर और उपद्रव के संबंध में एक सामान्य सुरक्षा शिकायत दर्ज करना चाहता हूं। 15 जुलाई से, पास का एक प्रतिष्ठान अनुमत समय से अधिक जोर-शोर से काम कर रहा है। इससे आस-पड़ोस की शांति भंग हो गई है, विशेषकर बुजुर्ग निवासियों और बच्चों के लिए। मालिकों से शोर कम करने के बार-बार अनुरोध को नजरअंदाज कर दिया गया है। सप्ताहांत पर स्थिति और भी गंभीर हो जाती है जब अशांति देर रात तक जारी रहती है। इस मुद्दे को स्थानीय अधिकारियों के सामने उठाने के लिए कई पड़ोसी एकजुट हुए हैं। मैं यह सुनिश्चित करने के लिए आवश्यक कार्रवाई का अनुरोध करता हूं कि शोर के स्तर को नियंत्रण में लाया जाए। कृपया निवासियों की भलाई के लिए इस मामले पर जल्द से जल्द ध्यान दें।",अन्य,नासिक रोड शोर उपद्रव संबंध सामान्य सुरक्षा शिकायत दर्ज चाहना । जुलाई पास प्रतिष्ठान अनुमत समय अधिक जोर शोर काम रहना । आस पडोस शान्ति भंग होना जाना विशेषकर बुजुर्ग निवासी बच्चा । मालिक शोर कम बार बार अनुरोध नजरअंदाज देना जाना । सप्ताहांत स्थिति गंभीर होना जाना जब अशान्ति देर रात जारी रहना । मुद्दा स्थानीय अधिकारी सामने उठाना कई पड़ोसी एकजुट होना । सुनिश्चित आवश्यक कार्रवाई अनुरोध कि शोर स्तर नियंत्रण लाना जाना । कृपया निवासी भलाई मामला जल्द जल्द ध्यान देना ।
"मैं पिंपरी में हुई अपने लैपटॉप बैग की चोरी की रिपोर्ट करना चाहता हूं। घटना दो दिन पहले मुख्य बाजार इलाके के पास हुई. जब मुझे एहसास हुआ कि यह गायब है, तो मैंने तुरंत आसपास की जाँच की लेकिन कुछ नहीं मिला। मुझे संदेह है कि इसे किसी ऐसे व्यक्ति ने चुराया है जो कुछ समय से मेरा पीछा कर रहा था। चोरी गए सामान की अनुमानित कीमत करीब तीन लाख रुपये है। 2,50,000. मैंने स्थानीय दुकानदारों को पहले ही सूचित कर दिया है कि उन्हें कुछ भी असामान्य दिखे। मैं पुलिस से मामले की जांच करने और मेरा सामान बरामद करने में मदद करने का अनुरोध करता हूं। यदि उपलब्ध हो तो मैं कोई भी अतिरिक्त विवरण या सीसीटीवी फुटेज स्थान प्रदान करने के लिए तैयार हूं।",चोरी,पिंपरी होना अपना लैपटॉप बैग चोरी रिपोर्ट चाहना । घटना दो दिन पहले मुख्य बाजार इलाका पास होना जब एहसास होना कि गायब तुरंत आसपास जाँच लेकिन कुछ नहीं मिलना । संदेह कि कोई ऐसा व्यक्ति ने चुराना जो कुछ समय पीछा रहना । चोरी जाना सामान अनुमानित कीमत करीब तीन लाख रुपया । स्थानीय दुकानदार पहले ही सूचित देना कि कुछ असामान्य दिखना । पुलिस मामला जांच सामान बरामद मदद अनुरोध । यदि उपलब्ध होना कोई अतिरिक्त विवरण सीसीटीवी फुटेज स्थान प्रदान तैयार ।
"मैं नागपुर शहर में सड़कों की स्थिति के संबंध में सार्वजनिक सुरक्षा चिंता उठाना चाहता हूं। मुख्य सड़क के पास एक खुला मैनहोल है जिसे 15 जुलाई से खुला रखा गया है। इस स्थान पर पहले भी कई दोपहिया वाहन चालक छोटी-मोटी दुर्घटना का शिकार हो चुके हैं। खतरनाक क्षेत्र के आसपास कोई चेतावनी संकेत या बैरिकेड्स नहीं लगाए गए हैं। रात के समय खराब स्ट्रीट लाइट के कारण हादसों का खतरा और भी बढ़ जाता है। स्थानीय निवासी पहले भी यह मुद्दा उठा चुके हैं, लेकिन कोई कार्रवाई नहीं हुई। मैं संबंधित अधिकारियों से मैनहोल की मरम्मत करने और उचित रोशनी सुनिश्चित करने का अनुरोध करता हूं। यह एक गंभीर सार्वजनिक सुरक्षा ख़तरा है जिस पर तत्काल ध्यान देने की आवश्यकता है।",सार्वजनिक सुरक्षा,नागपुर शहर सड़क स्थिति संबंध सार्वजनिक सुरक्षा चिंता उठाना चाहना । मुख्य सड़क पास खुला मैनहोल जो जुलाई खुलना रखना जाना । स्थान पहले कई दोपहिया वाहन चालक छोटा मोटा दुर्घटना शिकार होना चुकना । खतरनाक क्षेत्र आसपास कोई चेतावनी संकेत बैरिकेड्स नहीं लगाना जाना । रात समय खराब स्ट्रीट लाइट कारण हादसा खतरा बढ़ना जाना । स्थानीय निवासी पहले मुद्दा उठाना चुकना लेकिन कोई कार्रवाई नहीं होना । संबंधित अधिकारी मैनहोल मरम्मत उचित रोशनी सुनिश्चित अनुरोध । गंभीर सार्वजनिक सुरक्षा खतरा जो तत्काल ध्यान देना आवश्यकता ।
"मैं कोथरुड में टूटी हुई स्ट्रीट लाइट और क्षतिग्रस्त फुटपाथ की रिपोर्ट करना चाहता हूं जिससे सुरक्षा संबंधी समस्याएं पैदा हो रही हैं। यह समस्या बिना किसी मरम्मत कार्य के पिछले महीने की 10 तारीख से बनी हुई है। इस इलाके में बुजुर्गों और बच्चों को सुरक्षित चलने में काफी दिक्कत होती है। बारिश के दौरान इलाके में पानी भर जाता है, जिससे गिरने का खतरा बढ़ जाता है। यहां लोगों के फिसलने और घायल होने की कुछ घटनाएं हो चुकी हैं। मैं अन्य निवासियों के साथ इस सार्वजनिक बुनियादी ढांचे की तत्काल मरम्मत का अनुरोध करता हूं। इससे रोजाना गुजरने वाले राहगीरों और वाहनों को लगातार खतरा बना हुआ है। मैं इस मामले को सुलझाने के लिए नगर निगम अधिकारियों से त्वरित कार्रवाई का अनुरोध करता हूं।",सार्वजनिक सुरक्षा,कोथरुड टूटी होना स्ट्रीट लाइट क्षतिग्रस्त फुटपाथ रिपोर्ट चाहना जो सुरक्षा संबंधी समस्या पैदा होना रहना । समस्या बिना कोई मरम्मत कार्य पिछला महीना तारीख बनना होना । इलाका बुजुर्ग बच्चा सुरक्षित चलना काफी दिक्कत होना । बारिश दौरान इलाका पानी भरना जाना जो गिरना खतरा बढ़ना जाना । यहाँ लोग फिसलना घायल होना कुछ घटना होना चुकना । अन्य निवासी साथ सार्वजनिक बुनियादी ढांचा तत्काल मरम्मत अनुरोध । रोजाना गुजरना वाला राहगीर वाहन लगातार खतरा बनना होना । मामला सुलझाना नगर निगम अधिकारी त्वरित कार्रवाई अनुरोध ।
"मैं औंध में लड़कों के एक समूह द्वारा लगातार किए जा रहे उत्पीड़न की रिपोर्ट करना चाहती हूं। यह 15 जुलाई को शुरू हुआ और तब से बंद नहीं हुआ है। लड़कों का एक समूह दूसरों के सामने मेरे बारे में अपमानजनक टिप्पणियाँ करता रहता है। जब मैं काम से लौट रही थी तो मेरे घर के पास इस व्यक्ति ने फिर से मेरे साथ दुर्व्यवहार किया। मैंने उनसे विनम्रतापूर्वक रुकने के लिए कहा, लेकिन वे मुझे परेशान करते रहे। इससे मेरी मानसिक शांति प्रभावित हो रही है और मुझे अकेले बाहर निकलने में डर लगता है।' मैं पुलिस से जिम्मेदार व्यक्ति के खिलाफ सख्त कार्रवाई करने का अनुरोध करता हूं।' मैं जांच के लिए आवश्यक कोई भी अतिरिक्त विवरण प्रदान करने के लिए तैयार हूं।",उत्पीड़न,औंध लड़का समूह लगातार जाना रहना उत्पीडन रिपोर्ट चाहना । जुलाई शुरू होना तब बंद नहीं होना । लड़का समूह दूसरा सामने बारे अपमानजनक टिप्पणी रहना । जब काम लौटना रहना घर पास व्यक्ति ने फिर साथ दुर्व्यवहार । विनम्रतापूर्वक रुकना कहना लेकिन परेशान रहना । मानसिक शान्ति प्रभावित होना रहना अकेला बाहर निकलना डर लगना । पुलिस जिम्मेदार व्यक्ति खिलाफ सख्त कार्रवाई अनुरोध । जांच आवश्यक कोई अतिरिक्त विवरण प्रदान तैयार ।
"मैं हडपसर में अपने निवास पर अपने ससुराल वालों द्वारा मेरे साथ हो रही घरेलू हिंसा की रिपोर्ट करना चाहती हूं। शारीरिक और मानसिक शोषण पिछले महीने की 10 तारीख से जारी है। छोटी-छोटी घरेलू बातों पर अक्सर मुझे पीटा जाता है और गाली-गलौज की जाती है। उन्होंने मुझे बिना किसी सहारे के घर से बाहर निकाल देने की धमकी भी दी है. मेरे बच्चों ने ये घटनाएं देखी हैं, जिसका उन पर बुरा असर पड़ा है.' मैंने इसे शांतिपूर्ण तरीके से सुलझाने की कोशिश की है, लेकिन दुर्व्यवहार बढ़ता ही जा रहा है। मैं इस दुरुपयोग के लिए जिम्मेदार लोगों के खिलाफ सुरक्षा और कानूनी कार्रवाई का अनुरोध करता हूं। यदि आवश्यक हुआ तो मैं मेडिकल रिकॉर्ड और गवाहों के बयान उपलब्ध कराने के लिए तैयार हूं।",घरेलू हिंसा,हडपसर अपना निवास अपना ससुराल वाला साथ होना रहना घरेलू हिंसा रिपोर्ट चाहना । शारीरिक मानसिक शोषण पिछला महीना तारीख जारी । छोटा छोटा घरेलू बात अक्सर पीटना जाना गाली गलौज जाना । बिना कोई सहारा घर बाहर निकालना देना धमकी देना बच्चा ने घटना देखना जो बुरा असर पड़ना शांतिपूर्ण तरीका सुलझाना कोशिश लेकिन दुर्व्यवहार बढना ही जाना रहना । दुरुपयोग जिम्मेदार लोग खिलाफ सुरक्षा कानूनी कार्रवाई अनुरोध । यदि आवश्यक होना मेडिकल रिकॉर्ड गवाह बयान उपलब्ध कराना तैयार ।
"डेटिंग ऐप पर कोई मुझे बार-बार अनुचित संदेश और टिप्पणियाँ भेज रहा है। यह उत्पीड़न पिछले दो सप्ताह से शुरू हुआ और हाल ही में इसकी आवृत्ति में वृद्धि हुई है। उस व्यक्ति ने मेरे सार्वजनिक पोस्ट पर भी अश्लील टिप्पणी की है.' मैंने उन्हें समझाने की कोशिश की, लेकिन उन्होंने और भी अश्लील संदेश जारी रखे। उन्होंने मेरे दोस्तों और परिवार को भी शर्मनाक और झूठे पोस्ट में टैग किया। मैं बेहद परेशान हूं और अब शांति से सोशल मीडिया का इस्तेमाल नहीं कर पा रहा हूं।' मेरा अनुरोध है कि खाते का पता लगाया जाए और उचित कार्रवाई की जाए। मैं अपनी शिकायत के समर्थन में आवश्यक स्क्रीनशॉट संलग्न कर रहा हूं।",साइबर उत्पीड़न,डेटिंग ऐप कोई बार बार अनुचित संदेश टिप्पणी भेजना रहना । उत्पीडन पिछला दो सप्ताह शुरू होना हाल ही आवृत्ति वृद्धि होना । व्यक्ति ने सार्वजनिक पोस्ट अश्लील टिप्पणी समझाना कोशिश लेकिन अश्लील संदेश जारी रखना । दोस्त परिवार शर्मनाक झूठा पोस्ट टैग । बेहद परेशान अब शान्ति सोशल मीडिया इस्तेमाल नहीं पाना रहना । अनुरोध कि खाता पता लगाना जाना उचित कार्रवाई जाना । अपना शिकायत समर्थन आवश्यक स्क्रीनशॉट संलग्न रहना ।
"मैं बोरीवली में टूटी हुई स्ट्रीट लाइट और क्षतिग्रस्त फुटपाथ की रिपोर्ट करना चाहता हूं जिससे सुरक्षा संबंधी समस्याएं पैदा हो रही हैं। यह समस्या बिना किसी मरम्मत कार्य के पिछले दो सप्ताह से बनी हुई है। इस इलाके में बुजुर्गों और बच्चों को सुरक्षित चलने में काफी दिक्कत होती है। बारिश के दौरान इलाके में पानी भर जाता है, जिससे गिरने का खतरा बढ़ जाता है। यहां लोगों के फिसलने और घायल होने की कुछ घटनाएं हो चुकी हैं। मैं अन्य निवासियों के साथ इस सार्वजनिक बुनियादी ढांचे की तत्काल मरम्मत का अनुरोध करता हूं। इससे रोजाना गुजरने वाले राहगीरों और वाहनों को लगातार खतरा बना हुआ है। मैं इस मामले को सुलझाने के लिए नगर निगम अधिकारियों से त्वरित कार्रवाई का अनुरोध करता हूं।",सार्वजनिक सुरक्षा,बोरीवली टूटी होना स्ट्रीट लाइट क्षतिग्रस्त फुटपाथ रिपोर्ट चाहना जो सुरक्षा संबंधी समस्या पैदा होना रहना । समस्या बिना कोई मरम्मत कार्य पिछला दो सप्ताह बनना होना । इलाका बुजुर्ग बच्चा सुरक्षित चलना काफी दिक्कत होना । बारिश दौरान इलाका पानी भरना जाना जो गिरना खतरा बढ़ना जाना । यहाँ लोग फिसलना घायल होना कुछ घटना होना चुकना । अन्य निवासी साथ सार्वजनिक बुनियादी ढांचा तत्काल मरम्मत अनुरोध । रोजाना गुजरना वाला राहगीर वाहन लगातार खतरा बनना होना । मामला सुलझाना नगर निगम अधिकारी त्वरित कार्रवाई अनुरोध ।
"किसी अज्ञात फ़ोन नंबर पर कोई मुझे बार-बार अनुचित संदेश और टिप्पणियाँ भेज रहा है। यह उत्पीड़न 18 तारीख को शुरू हुआ और हाल ही में इसकी आवृत्ति में वृद्धि हुई है। उस व्यक्ति ने मेरे सार्वजनिक पोस्ट पर भी अश्लील टिप्पणी की है.' मैंने उन्हें समझाने की कोशिश की, लेकिन उन्होंने और भी अश्लील संदेश जारी रखे। उन्होंने मेरे दोस्तों और परिवार को भी शर्मनाक और झूठे पोस्ट में टैग किया। मैं बेहद परेशान हूं और अब शांति से सोशल मीडिया का इस्तेमाल नहीं कर पा रहा हूं।' मेरा अनुरोध है कि खाते का पता लगाया जाए और उचित कार्रवाई की जाए। मैं अपनी शिकायत के समर्थन में आवश्यक स्क्रीनशॉट संलग्न कर रहा हूं।",साइबर उत्पीड़न,कोई अज्ञात फोन नंबर कोई बार बार अनुचित संदेश टिप्पणी भेजना रहना । उत्पीडन तारीख शुरू होना हाल ही आवृत्ति वृद्धि होना । व्यक्ति ने सार्वजनिक पोस्ट अश्लील टिप्पणी समझाना कोशिश लेकिन अश्लील संदेश जारी रखना । दोस्त परिवार शर्मनाक झूठा पोस्ट टैग । बेहद परेशान अब शान्ति सोशल मीडिया इस्तेमाल नहीं पाना रहना । अनुरोध कि खाता पता लगाना जाना उचित कार्रवाई जाना । अपना शिकायत समर्थन आवश्यक स्क्रीनशॉट संलग्न रहना ।
"मैं शिवाजी नगर में सड़कों की स्थिति के संबंध में सार्वजनिक सुरक्षा चिंता उठाना चाहता हूं। मुख्य सड़क के पास एक खुला मैनहोल है जिसे 22 जून से खुला रखा गया है। इस स्थान पर पहले भी कई दोपहिया वाहन चालक छोटी-मोटी दुर्घटना का शिकार हो चुके हैं। खतरनाक क्षेत्र के आसपास कोई चेतावनी संकेत या बैरिकेड्स नहीं लगाए गए हैं। रात के समय खराब स्ट्रीट लाइट के कारण हादसों का खतरा और भी बढ़ जाता है। स्थानीय निवासी पहले भी यह मुद्दा उठा चुके हैं, लेकिन कोई कार्रवाई नहीं हुई। मैं संबंधित अधिकारियों से मैनहोल की मरम्मत करने और उचित रोशनी सुनिश्चित करने का अनुरोध करता हूं। यह एक गंभीर सार्वजनिक सुरक्षा ख़तरा है जिस पर तत्काल ध्यान देने की आवश्यकता है।",सार्वजनिक सुरक्षा,शिवाजी नगर सड़क स्थिति संबंध सार्वजनिक सुरक्षा चिंता उठाना चाहना । मुख्य सड़क पास खुला मैनहोल जो जून खुलना रखना जाना । स्थान पहले कई दोपहिया वाहन चालक छोटा मोटा दुर्घटना शिकार होना चुकना । खतरनाक क्षेत्र आसपास कोई चेतावनी संकेत बैरिकेड्स नहीं लगाना जाना । रात समय खराब स्ट्रीट लाइट कारण हादसा खतरा बढ़ना जाना । स्थानीय निवासी पहले मुद्दा उठाना चुकना लेकिन कोई कार्रवाई नहीं होना । संबंधित अधिकारी मैनहोल मरम्मत उचित रोशनी सुनिश्चित अनुरोध । गंभीर सार्वजनिक सुरक्षा खतरा जो तत्काल ध्यान देना आवश्यकता ।
"मैं रिपोर्ट करना चाहता हूं कि मुझे शिवाजी नगर में एक अज्ञात व्यक्ति से गंभीर धमकी मिली है। 2 अगस्त से यह व्यक्ति मुझे और मेरे परिवार को नुकसान पहुंचाने की धमकी दे रहा है। अगर मैंने उनकी मांगें नहीं मानी तो उन्होंने मुझे गंभीर परिणाम भुगतने की चेतावनी दी है। धमकियाँ व्यक्तिगत रूप से और फोन कॉल दोनों पर दी गई हैं। मैं इन धमकियों के कारण अपने परिवार की सुरक्षा को लेकर बेहद चिंतित हूं।' मैंने उनकी किसी भी मांग का जवाब नहीं दिया, जिससे उनका गुस्सा और बढ़ गया है.' मैं पुलिस सुरक्षा और मुझे धमकी देने वाले व्यक्ति के खिलाफ तत्काल कार्रवाई का अनुरोध करता हूं। मैं इस शिकायत के समर्थन में कॉल रिकॉर्डिंग और गवाह विवरण प्रदान कर सकता हूं।",धमकी,रिपोर्ट चाहना कि शिवाजी नगर अज्ञात व्यक्ति गंभीर धमकी मिलना । अगस्त व्यक्ति परिवार नुकसान पहुंचाना धमकी देना रहना । अगर मांगें नहीं मानना गंभीर परिणाम भुगतना चेतावनी देना । धमकी व्यक्तिगत रूप फोन कॉल दो देना जाना । धमकी कारण अपना परिवार सुरक्षा लेना बेहद चिंतित । कोई मांग जवाब नहीं देना जो गुस्सा बढ़ना जाना पुलिस सुरक्षा धमकी देना वाला व्यक्ति खिलाफ तत्काल कार्रवाई अनुरोध । शिकायत समर्थन कॉल रिकॉर्डिंग गवाह विवरण प्रदान सकना ।
"यह पिंपरी इलाके में नकदी और कार्ड से भरे मेरे पर्स की चोरी की घटना की रिपोर्ट करने के लिए है। यह तब हुआ जब मैं बाजार से वापस आ रहा था, जब मैं थोड़ी देर के लिए वहां से हट गया था। वापस लौटने पर मुझे पता चला कि मेरा सामान कोई अज्ञात व्यक्ति ले गया है। अनुमानित नुकसान लगभग रु. 12,000, जो मेरे लिए एक महत्वपूर्ण राशि है। आसपास कुछ लोग भी थे, लेकिन किसी को चोरी होने का पता नहीं चला। मैंने आस-पास की दुकानों और निवासियों से जांच की है, लेकिन अभी तक कोई सुराग नहीं मिला है। मेरा अनुरोध है कि जल्द से जल्द मामला दर्ज किया जाए और जांच की जाए।' मैं जांच प्रक्रिया में पूरा सहयोग करने को तैयार हूं।'",चोरी,पिंपरी इलाका नकदी कार्ड भरना पर्स चोरी घटना रिपोर्ट । तब होना जब बाजार वापस आना रहना जब थोड़ा देर वहाँ हटना जाना । वापस लौटना पता चलना कि सामान कोई अज्ञात व्यक्ति लेना जाना । अनुमानित नुकसान लगभग रु जो महत्वपूर्ण राशि । आसपास कुछ लोग लेकिन कोई चोरी होना पता नहीं चलना । आस पास दुकान निवासी जांच लेकिन अभी कोई सुराग नहीं मिलना । अनुरोध कि जल्द जल्द मामला दर्ज जाना जांच जाना । जांच प्रक्रिया पूरा सहयोग तैयार ।
"मैं दादर में रहने वाले अपने सहकर्मी द्वारा मुझे दी गई धमकियों के संबंध में शिकायत दर्ज करा रहा हूं। धमकियां 2 अगस्त को हमारे बीच मामूली विवाद के बाद शुरू हुईं। उन्होंने मुझे बोलने पर हमला करने और मेरी संपत्ति को नुकसान पहुंचाने की धमकी दी है। इससे मेरे और मेरे परिवार के सदस्यों में काफी डर और चिंता पैदा हो गई है। मैंने किसी भी टकराव से परहेज किया है, लेकिन धमकियां इसकी परवाह किए बिना जारी हैं। इलाके के पड़ोसियों को भी तनाव की जानकारी है और वे इसकी पुष्टि कर सकते हैं. मेरा अनुरोध है कि मेरी सुरक्षा सुनिश्चित करने के लिए उचित कानूनी कार्रवाई की जाए। धमकियों की गंभीर प्रकृति को देखते हुए कृपया इस मामले पर तत्परता से विचार करें।",धमकी,दादर रहना वाला अपना सहकर्मी देना जाना धमकी संबंध शिकायत दर्ज रहना । धमकी अगस्त बीच मामूली विवाद बाद शुरू होना । बोलना हमला संपत्ति नुकसान पहुंचाना धमकी देना । परिवार सदस्य काफी डर चिंता पैदा होना जाना । कोई टकराव परहेज लेकिन धमकी परवाह बिना जारी । इलाका पड़ोसी तनाव जानकारी पुष्टि सकना अनुरोध कि सुरक्षा सुनिश्चित उचित कानूनी कार्रवाई जाना धमकी गंभीर प्रकृति देखना होना कृपया मामला तत्परता विचार ।
मैं शिवाजी नगर में पास के एक दुकानदार द्वारा पीछा किए जाने के संबंध में शिकायत दर्ज करना चाहता हूं। पिछले महीने की 10 तारीख से यह व्यक्ति लगभग हर दिन मेरा पीछा कर रहा है। दो दिन पहले मैंने देखा कि वही व्यक्ति मेरे घर के बाहर फिर इंतज़ार कर रहा है। वे भी मेरे पीछे-पीछे मेरे कार्यस्थल तक आते हैं और गेट के पास इंतजार करते हैं। मैंने देखा है कि एक ही वाहन कई बार मेरे ऑटो-रिक्शा का पीछा कर रहा है। इस निरंतर अनुसरण ने मुझे अपनी सुरक्षा के लिए अत्यधिक चिंतित और भयभीत कर दिया है। मैं पुलिस से जांच करने और इस व्यक्ति को मेरा पीछा करने से रोकने का अनुरोध करता हूं। मैं उस व्यक्ति की पहचान करने और जरूरत पड़ने पर और विवरण प्रदान करने को तैयार हूं।,स्टॉकिंग,शिवाजी नगर पास दुकानदार पीछा जाना संबंध शिकायत दर्ज चाहना । पिछला महीना तारीख व्यक्ति लगभग हर दिन पीछा रहना । दो दिन पहले देखना कि व्यक्ति घर बाहर फिर इंतजार रहना । पीछे पीछे कार्यस्थल आना गेट पास इंतजार । देखना कि ही वाहन कई बार ऑटो रिक्शा पीछा रहना । निरन्तर अनुसरण ने अपना सुरक्षा अत्यधिक चिंतित भयभीत देना । पुलिस जांच व्यक्ति पीछा रोकना अनुरोध । व्यक्ति पहचान जरूरत पड़ना विवरण प्रदान तैयार ।
"मैं कोथरुड में देखी गई एक संदिग्ध गतिविधि की रिपोर्ट करना चाहता हूं। 18 तारीख के बाद से, अज्ञात व्यक्ति अजीब समय पर परित्यक्त इमारत के पास इकट्ठा हो रहे हैं। निवासियों को संदेह है कि रात में वहां कुछ अवैध गतिविधि हो सकती है। उस स्थान से तेज़ आवाज़ें और कभी-कभार बहसें सुनाई देती रही हैं। इससे आसपास रहने वाले परिवारों में सुरक्षा संबंधी चिंताएं बढ़ गई हैं। स्थानीय वार्ड कार्यालय को सूचित करने के बावजूद कोई आधिकारिक कार्रवाई नहीं की गई है। मैं अधिकारियों से इस मामले की जांच करने और निवासियों की सुरक्षा सुनिश्चित करने का अनुरोध करता हूं। यदि आवश्यक हुआ तो मैं अधिक विवरण प्रदान करने या अधिकारियों के साथ जाने को तैयार हूं।",अन्य,कोथरुड देखना जाना संदिग्ध गतिविधि रिपोर्ट चाहना । तारीख बाद अज्ञात व्यक्ति अजीब समय परित्यक्त इमारत पास इकट्ठा होना रहना । निवासी संदेह कि रात वहाँ कुछ अवैध गतिविधि होना सकना । स्थान तेज आवाज कभी कभार बहस सुनाना देना रहना । आसपास रहना वाला परिवार सुरक्षा संबंधी चिंता बढ़ना जाना । स्थानीय वार्ड कार्यालय सूचित बावजूद कोई आधिकारिक कार्रवाई नहीं जाना । अधिकारी मामला जांच निवासी सुरक्षा सुनिश्चित अनुरोध । यदि आवश्यक होना अधिक विवरण प्रदान अधिकारी साथ जाना तैयार ।
"मैं शिवाजी नगर में टूटी हुई स्ट्रीट लाइट और क्षतिग्रस्त फुटपाथ की रिपोर्ट करना चाहता हूं जिससे सुरक्षा संबंधी समस्याएं पैदा हो रही हैं। बिना किसी मरम्मत कार्य के यह समस्या पिछले शुक्रवार से बनी हुई है। इस इलाके में बुजुर्गों और बच्चों को सुरक्षित चलने में काफी दिक्कत होती है। बारिश के दौरान इलाके में पानी भर जाता है, जिससे गिरने का खतरा बढ़ जाता है। यहां लोगों के फिसलने और घायल होने की कुछ घटनाएं हो चुकी हैं। मैं अन्य निवासियों के साथ इस सार्वजनिक बुनियादी ढांचे की तत्काल मरम्मत का अनुरोध करता हूं। इससे रोजाना गुजरने वाले राहगीरों और वाहनों को लगातार खतरा बना हुआ है। मैं इस मामले को सुलझाने के लिए नगर निगम अधिकारियों से त्वरित कार्रवाई का अनुरोध करता हूं।",सार्वजनिक सुरक्षा,शिवाजी नगर टूटी होना स्ट्रीट लाइट क्षतिग्रस्त फुटपाथ रिपोर्ट चाहना जो सुरक्षा संबंधी समस्या पैदा होना रहना । बिना कोई मरम्मत कार्य समस्या पिछला शुक्रवार बनना होना । इलाका बुजुर्ग बच्चा सुरक्षित चलना काफी दिक्कत होना । बारिश दौरान इलाका पानी भरना जाना जो गिरना खतरा बढ़ना जाना । यहाँ लोग फिसलना घायल होना कुछ घटना होना चुकना । अन्य निवासी साथ सार्वजनिक बुनियादी ढांचा तत्काल मरम्मत अनुरोध । रोजाना गुजरना वाला राहगीर वाहन लगातार खतरा बनना होना । मामला सुलझाना नगर निगम अधिकारी त्वरित कार्रवाई अनुरोध ।
मुझे और मेरे परिवार को कल्याण में रहने वाले मेरे मकान मालिक द्वारा परेशान किया जा रहा है। 22 जून से उत्पीड़न जारी है। जब भी वे मुझे देखते हैं तो भद्दे कमेंट करते हैं और परेशानी पैदा करने की कोशिश करते हैं। आज सुबह-सुबह स्थिति तब और खराब हो गई जब वे सीधे मुझसे भिड़ गए। इस लगातार उत्पीड़न के कारण मैं काम पर जाने में असुरक्षित महसूस करती हूं। मेरे परिवार के सदस्यों ने भी कई मौकों पर इस व्यवहार को देखा है। मैं तत्काल हस्तक्षेप का अनुरोध करता हूं ताकि यह उत्पीड़न स्थायी रूप से बंद हो जाए। कृपया मेरी शिकायत दर्ज कर आवश्यक कानूनी कार्रवाई करें।,उत्पीड़न,परिवार कल्याण रहना वाला मकान मालिक परेशान जाना रहना । जून उत्पीडन जारी । जब देखना भद्दा कमेंट परेशानी पैदा कोशिश । आज सुबह सुबह स्थिति तब खराब होना जाना जब सीधे भिडना जाना । लगातार उत्पीडन कारण काम जाना असुरक्षित महसूस । परिवार सदस्य ने कई मौका व्यवहार देखना । तत्काल हस्तक्षेप अनुरोध ताकि उत्पीडन स्थायी रूप बंद होना जाना । कृपया शिकायत दर्ज आवश्यक कानूनी कार्रवाई ।
मैं नासिक रोड में देखी गई एक संदिग्ध गतिविधि की रिपोर्ट करना चाहता हूं। पिछले एक माह से परित्यक्त भवन के पास अज्ञात लोग समय-समय पर जमा होते रहते हैं। निवासियों को संदेह है कि रात में वहां कुछ अवैध गतिविधि हो सकती है। उस स्थान से तेज़ आवाज़ें और कभी-कभार बहसें सुनाई देती रही हैं। इससे आसपास रहने वाले परिवारों में सुरक्षा संबंधी चिंताएं बढ़ गई हैं। स्थानीय वार्ड कार्यालय को सूचित करने के बावजूद कोई आधिकारिक कार्रवाई नहीं की गई है। मैं अधिकारियों से इस मामले की जांच करने और निवासियों की सुरक्षा सुनिश्चित करने का अनुरोध करता हूं। यदि आवश्यक हुआ तो मैं अधिक विवरण प्रदान करने या अधिकारियों के साथ जाने को तैयार हूं।,अन्य,नासिक रोड देखना जाना संदिग्ध गतिविधि रिपोर्ट चाहना । पिछला माह परित्यक्त भवन पास अज्ञात लोग समय समय जमाना होना रहना । निवासी संदेह कि रात वहाँ कुछ अवैध गतिविधि होना सकना । स्थान तेज आवाज कभी कभार बहस सुनाना देना रहना । आसपास रहना वाला परिवार सुरक्षा संबंधी चिंता बढ़ना जाना । स्थानीय वार्ड कार्यालय सूचित बावजूद कोई आधिकारिक कार्रवाई नहीं जाना । अधिकारी मामला जांच निवासी सुरक्षा सुनिश्चित अनुरोध । यदि आवश्यक होना अधिक विवरण प्रदान अधिकारी साथ जाना तैयार ।
"स्नैपचैट पर कोई मुझे बार-बार अनुचित संदेश और टिप्पणियाँ भेज रहा है। यह उत्पीड़न पिछले शुक्रवार को शुरू हुआ और हाल ही में इसकी आवृत्ति में वृद्धि हुई है। उस व्यक्ति ने मेरे सार्वजनिक पोस्ट पर भी अश्लील टिप्पणी की है.' मैंने उन्हें समझाने की कोशिश की, लेकिन उन्होंने और भी अश्लील संदेश जारी रखे। उन्होंने मेरे दोस्तों और परिवार को भी शर्मनाक और झूठे पोस्ट में टैग किया। मैं बेहद परेशान हूं और अब शांति से सोशल मीडिया का इस्तेमाल नहीं कर पा रहा हूं।' मेरा अनुरोध है कि खाते का पता लगाया जाए और उचित कार्रवाई की जाए। मैं अपनी शिकायत के समर्थन में आवश्यक स्क्रीनशॉट संलग्न कर रहा हूं।",साइबर उत्पीड़न,स्नैपचैट कोई बार बार अनुचित संदेश टिप्पणी भेजना रहना । उत्पीडन पिछला शुक्रवार शुरू होना हाल ही आवृत्ति वृद्धि होना । व्यक्ति ने सार्वजनिक पोस्ट अश्लील टिप्पणी समझाना कोशिश लेकिन अश्लील संदेश जारी रखना । दोस्त परिवार शर्मनाक झूठा पोस्ट टैग । बेहद परेशान अब शान्ति सोशल मीडिया इस्तेमाल नहीं पाना रहना । अनुरोध कि खाता पता लगाना जाना उचित कार्रवाई जाना । अपना शिकायत समर्थन आवश्यक स्क्रीनशॉट संलग्न रहना ।
"मैं बोरीवली में सड़कों की स्थिति के संबंध में सार्वजनिक सुरक्षा चिंता उठाना चाहता हूं। मुख्य सड़क के पास एक खुला मैनहोल है जिसे 18 तारीख से खुला रखा गया है। इस स्थान पर पहले भी कई दोपहिया वाहन चालक छोटी-मोटी दुर्घटना का शिकार हो चुके हैं। खतरनाक क्षेत्र के आसपास कोई चेतावनी संकेत या बैरिकेड्स नहीं लगाए गए हैं। रात के समय खराब स्ट्रीट लाइट के कारण हादसों का खतरा और भी बढ़ जाता है। स्थानीय निवासी पहले भी यह मुद्दा उठा चुके हैं, लेकिन कोई कार्रवाई नहीं हुई। मैं संबंधित अधिकारियों से मैनहोल की मरम्मत करने और उचित रोशनी सुनिश्चित करने का अनुरोध करता हूं। यह एक गंभीर सार्वजनिक सुरक्षा ख़तरा है जिस पर तत्काल ध्यान देने की आवश्यकता है।",सार्वजनिक सुरक्षा,बोरीवली सड़क स्थिति संबंध सार्वजनिक सुरक्षा चिंता उठाना चाहना । मुख्य सड़क पास खुला मैनहोल जो तारीख खुलना रखना जाना । स्थान पहले कई दोपहिया वाहन चालक छोटा मोटा दुर्घटना शिकार होना चुकना । खतरनाक क्षेत्र आसपास कोई चेतावनी संकेत बैरिकेड्स नहीं लगाना जाना । रात समय खराब स्ट्रीट लाइट कारण हादसा खतरा बढ़ना जाना । स्थानीय निवासी पहले मुद्दा उठाना चुकना लेकिन कोई कार्रवाई नहीं होना । संबंधित अधिकारी मैनहोल मरम्मत उचित रोशनी सुनिश्चित अनुरोध । गंभीर सार्वजनिक सुरक्षा खतरा जो तत्काल ध्यान देना आवश्यकता ।
मैं विले पार्ले में अपने कार्यस्थल पर एक वरिष्ठ द्वारा पीछा किए जाने के संबंध में शिकायत दर्ज करना चाहती हूं। चूँकि पिछले एक महीने से यह व्यक्ति लगभग हर दिन मेरा पीछा कर रहा है। कल शाम को मैंने देखा कि वही व्यक्ति फिर से मेरे घर के बाहर इंतज़ार कर रहा है। वे भी मेरे पीछे-पीछे मेरे कार्यस्थल तक आते हैं और गेट के पास इंतजार करते हैं। मैंने देखा है कि एक ही वाहन कई बार मेरे ऑटो-रिक्शा का पीछा कर रहा है। इस निरंतर अनुसरण ने मुझे अपनी सुरक्षा के लिए अत्यधिक चिंतित और भयभीत कर दिया है। मैं पुलिस से जांच करने और इस व्यक्ति को मेरा पीछा करने से रोकने का अनुरोध करता हूं। मैं उस व्यक्ति की पहचान करने और जरूरत पड़ने पर और विवरण प्रदान करने को तैयार हूं।,स्टॉकिंग,विले पार्ले अपना कार्यस्थल वरिष्ठ पीछा जाना संबंध शिकायत दर्ज चाहना । चूँकि पिछला महीना व्यक्ति लगभग हर दिन पीछा रहना । कल शाम देखना कि व्यक्ति फिर घर बाहर इंतजार रहना । पीछे पीछे कार्यस्थल आना गेट पास इंतजार । देखना कि ही वाहन कई बार ऑटो रिक्शा पीछा रहना । निरन्तर अनुसरण ने अपना सुरक्षा अत्यधिक चिंतित भयभीत देना । पुलिस जांच व्यक्ति पीछा रोकना अनुरोध । व्यक्ति पहचान जरूरत पड़ना विवरण प्रदान तैयार ।
"मैं सदर बाजार में शोर और उपद्रव के संबंध में एक सामान्य सुरक्षा शिकायत दर्ज करना चाहता हूं। पिछले दो सप्ताह से, पास का एक प्रतिष्ठान अनुमत घंटों से अधिक जोर-शोर से काम कर रहा है। इससे आस-पड़ोस की शांति भंग हो गई है, विशेषकर बुजुर्ग निवासियों और बच्चों के लिए। मालिकों से शोर कम करने के बार-बार अनुरोध को नजरअंदाज कर दिया गया है। सप्ताहांत पर स्थिति और भी गंभीर हो जाती है जब अशांति देर रात तक जारी रहती है। इस मुद्दे को स्थानीय अधिकारियों के सामने उठाने के लिए कई पड़ोसी एकजुट हुए हैं। मैं यह सुनिश्चित करने के लिए आवश्यक कार्रवाई का अनुरोध करता हूं कि शोर के स्तर को नियंत्रण में लाया जाए। कृपया निवासियों की भलाई के लिए इस मामले पर जल्द से जल्द ध्यान दें।",अन्य,सदर बाजार शोर उपद्रव संबंध सामान्य सुरक्षा शिकायत दर्ज चाहना । पिछला दो सप्ताह पास प्रतिष्ठान अनुमत घंटा अधिक जोर शोर काम रहना । आस पडोस शान्ति भंग होना जाना विशेषकर बुजुर्ग निवासी बच्चा । मालिक शोर कम बार बार अनुरोध नजरअंदाज देना जाना । सप्ताहांत स्थिति गंभीर होना जाना जब अशान्ति देर रात जारी रहना । मुद्दा स्थानीय अधिकारी सामने उठाना कई पड़ोसी एकजुट होना । सुनिश्चित आवश्यक कार्रवाई अनुरोध कि शोर स्तर नियंत्रण लाना जाना । कृपया निवासी भलाई मामला जल्द जल्द ध्यान देना ।
"इंस्टाग्राम पर कोई मुझे बार-बार अनुचित संदेश और टिप्पणियां भेज रहा है। यह उत्पीड़न पिछले दो सप्ताह से शुरू हुआ और हाल ही में इसकी आवृत्ति में वृद्धि हुई है। उस व्यक्ति ने मेरे सार्वजनिक पोस्ट पर भी अश्लील टिप्पणी की है.' मैंने उन्हें समझाने की कोशिश की, लेकिन उन्होंने और भी अश्लील संदेश जारी रखे। उन्होंने मेरे दोस्तों और परिवार को भी शर्मनाक और झूठे पोस्ट में टैग किया। मैं बेहद परेशान हूं और अब शांति से सोशल मीडिया का इस्तेमाल नहीं कर पा रहा हूं।' मेरा अनुरोध है कि खाते का पता लगाया जाए और उचित कार्रवाई की जाए। मैं अपनी शिकायत के समर्थन में आवश्यक स्क्रीनशॉट संलग्न कर रहा हूं।",साइबर उत्पीड़न,इंस्टाग्राम कोई बार बार अनुचित संदेश टिप्पणी भेजना रहना । उत्पीडन पिछला दो सप्ताह शुरू होना हाल ही आवृत्ति वृद्धि होना । व्यक्ति ने सार्वजनिक पोस्ट अश्लील टिप्पणी समझाना कोशिश लेकिन अश्लील संदेश जारी रखना । दोस्त परिवार शर्मनाक झूठा पोस्ट टैग । बेहद परेशान अब शान्ति सोशल मीडिया इस्तेमाल नहीं पाना रहना । अनुरोध कि खाता पता लगाना जाना उचित कार्रवाई जाना । अपना शिकायत समर्थन आवश्यक स्क्रीनशॉट संलग्न रहना ।
"मैं रिपोर्ट करना चाहती हूं कि एक डेटिंग ऐप के जरिए मुझे ऑनलाइन परेशान किया जा रहा है। एक अज्ञात यूजर पिछले महीने की 10 तारीख से मुझे अपमानजनक और धमकी भरे संदेश भेज रहा है। उन्होंने मेरी सहमति के बिना मेरी तस्वीरों का उपयोग करके एक फर्जी प्रोफ़ाइल भी बनाई है। यह व्यक्ति मेरे दोस्तों और रिश्तेदारों को मेरे बारे में आपत्तिजनक सामग्री वाले संदेश भेज रहा है। मैंने खाते को ब्लॉक करने का प्रयास किया है, लेकिन नए नकली खाते सामने आते रहते हैं। इस ऑनलाइन उत्पीड़न के कारण मुझे बहुत तनाव और शर्मिंदगी उठानी पड़ रही है। मैं साइबर क्राइम सेल से अनुरोध करता हूं कि खाते का पता लगाया जाए और सख्त कार्रवाई की जाए। मैं उत्पीड़न के सबूत के रूप में स्क्रीनशॉट और चैट इतिहास साझा कर सकता हूं।",साइबर उत्पीड़न,रिपोर्ट चाहना कि डेटिंग ऐप जरिये ऑनलाइन परेशान जाना रहना । अज्ञात यूजर पिछला महीना तारीख अपमानजनक धमकी भरना संदेश भेजना रहना । सहमति बिना तस्वीर उपयोग फर्जी प्रोफाइल बनाना । व्यक्ति दोस्त रिश्तेदार बारे आपत्तिजनक सामग्री वाला संदेश भेजना रहना । खाता ब्लॉक प्रयास लेकिन नया नकली खाता सामने आना रहना । ऑनलाइन उत्पीडन कारण बहुत तनाव शर्मिंदगी उठाना पड़ना रहना । साइबर क्राइम सेल अनुरोध कि खाता पता लगाना जाना सख्त कार्रवाई जाना । उत्पीडन सबूत रूप स्क्रीनशॉट चैट इतिहास साझा सकना ।
"मैं नागपुर शहर में अपने कार्यस्थल पर एक वरिष्ठ द्वारा लगातार किए जा रहे उत्पीड़न की रिपोर्ट करना चाहती हूं। यह 2 अगस्त को शुरू हुआ और तब से बंद नहीं हुआ है। मेरे कार्यस्थल पर एक वरिष्ठ दूसरों के सामने मेरे बारे में अपमानजनक टिप्पणियाँ करता रहता है। जब मैं काम से लौट रही थी तो मेरे घर के पास इस व्यक्ति ने फिर से मेरे साथ दुर्व्यवहार किया। मैंने उनसे विनम्रतापूर्वक रुकने के लिए कहा, लेकिन वे मुझे परेशान करते रहे। इससे मेरी मानसिक शांति प्रभावित हो रही है और मुझे अकेले बाहर निकलने में डर लगता है।' मैं पुलिस से जिम्मेदार व्यक्ति के खिलाफ सख्त कार्रवाई करने का अनुरोध करता हूं।' मैं जांच के लिए आवश्यक कोई भी अतिरिक्त विवरण प्रदान करने के लिए तैयार हूं।",उत्पीड़न,नागपुर शहर अपना कार्यस्थल वरिष्ठ लगातार जाना रहना उत्पीडन रिपोर्ट चाहना । अगस्त शुरू होना तब बंद नहीं होना । कार्यस्थल वरिष्ठ दूसरा सामने बारे अपमानजनक टिप्पणी रहना । जब काम लौटना रहना घर पास व्यक्ति ने फिर साथ दुर्व्यवहार । विनम्रतापूर्वक रुकना कहना लेकिन परेशान रहना । मानसिक शान्ति प्रभावित होना रहना अकेला बाहर निकलना डर लगना । पुलिस जिम्मेदार व्यक्ति खिलाफ सख्त कार्रवाई अनुरोध । जांच आवश्यक कोई अतिरिक्त विवरण प्रदान तैयार ।
"मैं चिंचवड़ बस स्टॉप के पास हुई एक छेड़छाड़ की घटना की रिपोर्ट कर रहा हूं। मेरी शाम की सैर के दौरान, बस स्टॉप पर एक आदमी ने मुझे छेड़ना शुरू कर दिया और भद्दी टिप्पणियाँ करने लगा। उन्होंने मेरी अनुमति के बिना मेरी तस्वीरें खींचने की भी कोशिश की. मैंने उनका विरोध किया, लेकिन उन्होंने इसे हंसी में उड़ा दिया और अपना व्यवहार जारी रखा। यह पहली बार नहीं है जब इस स्थान पर ऐसी घटनाएं हुई हैं। इसी ग्रुप के बारे में कई अन्य लड़कियों ने अनौपचारिक रूप से शिकायत की है. मैं महिलाओं की सुरक्षा सुनिश्चित करने के लिए सख्त कार्रवाई और नियमित पुलिस उपस्थिति का अनुरोध करता हूं। यदि व्यक्तियों का पता लगाया जाता है तो मैं पहचान में सहायता करने को तैयार हूं।",ईव टीज़िंग,चिंचवड बस स्टॉप पास होना छेडछाड घटना रिपोर्ट रहना । शाम सैर दौरान बस स्टॉप आदमी ने छेड़ना शुरू देना भद्दी टिप्पणी लगाना । अनुमति बिना तस्वीर खींचना कोशिश विरोध लेकिन हँसी उड़ाना देना अपना व्यवहार जारी रखना । पहला बार नहीं जब स्थान ऐसा घटना होना । ग्रुप बारे कई अन्य लड़की ने अनौपचारिक रूप शिकायत महिला सुरक्षा सुनिश्चित सख्त कार्रवाई नियमित पुलिस उपस्थिति अनुरोध । यदि व्यक्ति पता लगाना जाना पहचान सहायता तैयार ।
"मैं अंधेरी में टूटी हुई स्ट्रीट लाइट और क्षतिग्रस्त फुटपाथ की रिपोर्ट करना चाहता हूं जिससे सुरक्षा संबंधी समस्याएं पैदा हो रही हैं। यह समस्या पिछले एक माह से बिना किसी मरम्मत कार्य के बनी हुई है। इस इलाके में बुजुर्गों और बच्चों को सुरक्षित चलने में काफी दिक्कत होती है। बारिश के दौरान इलाके में पानी भर जाता है, जिससे गिरने का खतरा बढ़ जाता है। यहां लोगों के फिसलने और घायल होने की कुछ घटनाएं हो चुकी हैं। मैं अन्य निवासियों के साथ इस सार्वजनिक बुनियादी ढांचे की तत्काल मरम्मत का अनुरोध करता हूं। इससे रोजाना गुजरने वाले राहगीरों और वाहनों को लगातार खतरा बना हुआ है। मैं इस मामले को सुलझाने के लिए नगर निगम अधिकारियों से त्वरित कार्रवाई का अनुरोध करता हूं।",सार्वजनिक सुरक्षा,अंधेरी टूटी होना स्ट्रीट लाइट क्षतिग्रस्त फुटपाथ रिपोर्ट चाहना जो सुरक्षा संबंधी समस्या पैदा होना रहना । समस्या पिछला माह बिना कोई मरम्मत कार्य बनना होना । इलाका बुजुर्ग बच्चा सुरक्षित चलना काफी दिक्कत होना । बारिश दौरान इलाका पानी भरना जाना जो गिरना खतरा बढ़ना जाना । यहाँ लोग फिसलना घायल होना कुछ घटना होना चुकना । अन्य निवासी साथ सार्वजनिक बुनियादी ढांचा तत्काल मरम्मत अनुरोध । रोजाना गुजरना वाला राहगीर वाहन लगातार खतरा बनना होना । मामला सुलझाना नगर निगम अधिकारी त्वरित कार्रवाई अनुरोध ।
"मैं औंध में शोर और उपद्रव के संबंध में एक सामान्य सुरक्षा शिकायत दर्ज करना चाहता हूं। पिछले दो सप्ताह से, पास का एक प्रतिष्ठान अनुमत घंटों से अधिक जोर-शोर से काम कर रहा है। इससे आस-पड़ोस की शांति भंग हो गई है, विशेषकर बुजुर्ग निवासियों और बच्चों के लिए। मालिकों से शोर कम करने के बार-बार अनुरोध को नजरअंदाज कर दिया गया है। सप्ताहांत पर स्थिति और भी गंभीर हो जाती है जब अशांति देर रात तक जारी रहती है। इस मुद्दे को स्थानीय अधिकारियों के सामने उठाने के लिए कई पड़ोसी एकजुट हुए हैं। मैं यह सुनिश्चित करने के लिए आवश्यक कार्रवाई का अनुरोध करता हूं कि शोर के स्तर को नियंत्रण में लाया जाए। कृपया निवासियों की भलाई के लिए इस मामले पर जल्द से जल्द ध्यान दें।",अन्य,औंध शोर उपद्रव संबंध सामान्य सुरक्षा शिकायत दर्ज चाहना । पिछला दो सप्ताह पास प्रतिष्ठान अनुमत घंटा अधिक जोर शोर काम रहना । आस पडोस शान्ति भंग होना जाना विशेषकर बुजुर्ग निवासी बच्चा । मालिक शोर कम बार बार अनुरोध नजरअंदाज देना जाना । सप्ताहांत स्थिति गंभीर होना जाना जब अशान्ति देर रात जारी रहना । मुद्दा स्थानीय अधिकारी सामने उठाना कई पड़ोसी एकजुट होना । सुनिश्चित आवश्यक कार्रवाई अनुरोध कि शोर स्तर नियंत्रण लाना जाना । कृपया निवासी भलाई मामला जल्द जल्द ध्यान देना ।
"टेलीग्राम पर कोई मुझे बार-बार अनुचित संदेश और टिप्पणियाँ भेज रहा है। यह उत्पीड़न पिछले एक महीने से शुरू हुआ और हाल ही में इसकी आवृत्ति में वृद्धि हुई है। उस व्यक्ति ने मेरे सार्वजनिक पोस्ट पर भी अश्लील टिप्पणी की है.' मैंने उन्हें समझाने की कोशिश की, लेकिन उन्होंने और भी अश्लील संदेश जारी रखे। उन्होंने मेरे दोस्तों और परिवार को भी शर्मनाक और झूठे पोस्ट में टैग किया। मैं बेहद परेशान हूं और अब शांति से सोशल मीडिया का इस्तेमाल नहीं कर पा रहा हूं।' मेरा अनुरोध है कि खाते का पता लगाया जाए और उचित कार्रवाई की जाए। मैं अपनी शिकायत के समर्थन में आवश्यक स्क्रीनशॉट संलग्न कर रहा हूं।",साइबर उत्पीड़न,टेलीग्राम कोई बार बार अनुचित संदेश टिप्पणी भेजना रहना । उत्पीडन पिछला महीना शुरू होना हाल ही आवृत्ति वृद्धि होना । व्यक्ति ने सार्वजनिक पोस्ट अश्लील टिप्पणी समझाना कोशिश लेकिन अश्लील संदेश जारी रखना । दोस्त परिवार शर्मनाक झूठा पोस्ट टैग । बेहद परेशान अब शान्ति सोशल मीडिया इस्तेमाल नहीं पाना रहना । अनुरोध कि खाता पता लगाना जाना उचित कार्रवाई जाना । अपना शिकायत समर्थन आवश्यक स्क्रीनशॉट संलग्न रहना ।
मैं घर में लगातार घरेलू दुर्व्यवहार के लिए अपने पति के खिलाफ यह शिकायत दर्ज करा रही हूं। 2 अगस्त से मुझे शारीरिक उत्पीड़न और उत्पीड़न का शिकार होना पड़ रहा है। मुझे बुनियादी ज़रूरतों से भी वंचित कर दिया जाता है और बिना कारण घर तक सीमित कर दिया जाता है। जब भी मैं बोलने की कोशिश करता हूं तो बार-बार हिंसा की धमकियां मिलती रहती हैं। मेरे रिश्तेदार स्थिति से अवगत हैं और दुर्व्यवहार की गवाही दे सकते हैं। मुझे अपनी सुरक्षा और मेरे साथ रहने वाले मेरे बच्चों की सुरक्षा का डर है। मैं कानून के तहत तत्काल सुरक्षा और उचित कानूनी कार्रवाई का अनुरोध करता हूं। कृपया मेरी स्थिति के लिए उपलब्ध आश्रय और कानूनी सहायता के संबंध में मेरा मार्गदर्शन करें।,घरेलू हिंसा,घर लगातार घरेलू दुर्व्यवहार अपना पति खिलाफ शिकायत दर्ज रहना । अगस्त शारीरिक उत्पीडन उत्पीडन शिकार होना पड़ना रहना । बुनियादी ज़रूरत वंचित देना जाना बिना कारण घर सीमित देना जाना । जब बोलना कोशिश बार बार हिंसा धमकी मिलना रहना । रिश्तेदार स्थिति अवगत दुर्व्यवहार गवाही देना सकना । अपना सुरक्षा साथ रहना वाला बच्चा सुरक्षा डर । कानून तहत तत्काल सुरक्षा उचित कानूनी कार्रवाई अनुरोध । कृपया स्थिति उपलब्ध आश्रय कानूनी सहायता संबंध मार्गदर्शन ।
"यह शिवाजी नगर इलाके में नकदी और कार्ड से भरे मेरे पर्स की चोरी की घटना की रिपोर्ट करने के लिए है। यह आज सुबह-सुबह हुआ, जब मैं थोड़ी देर के लिए घटनास्थल से हट गया था। वापस लौटने पर मुझे पता चला कि मेरा सामान कोई अज्ञात व्यक्ति ले गया है। अनुमानित नुकसान लगभग रु. 8,000, जो मेरे लिए एक महत्वपूर्ण राशि है। आसपास कुछ लोग भी थे, लेकिन किसी को चोरी होने का पता नहीं चला। मैंने आस-पास की दुकानों और निवासियों से जांच की है, लेकिन अभी तक कोई सुराग नहीं मिला है। मेरा अनुरोध है कि जल्द से जल्द मामला दर्ज किया जाए और जांच की जाए।' मैं जांच प्रक्रिया में पूरा सहयोग करने को तैयार हूं।'",चोरी,शिवाजी नगर इलाका नकदी कार्ड भरना पर्स चोरी घटना रिपोर्ट । आज सुबह सुबह होना जब थोड़ा देर घटनास्थल हटना जाना । वापस लौटना पता चलना कि सामान कोई अज्ञात व्यक्ति लेना जाना । अनुमानित नुकसान लगभग रु जो महत्वपूर्ण राशि । आसपास कुछ लोग लेकिन कोई चोरी होना पता नहीं चलना । आस पास दुकान निवासी जांच लेकिन अभी कोई सुराग नहीं मिलना । अनुरोध कि जल्द जल्द मामला दर्ज जाना जांच जाना । जांच प्रक्रिया पूरा सहयोग तैयार ।
"मैं अंधेरी में अपने जीजा द्वारा पीछा किए जाने के संबंध में शिकायत दर्ज कराना चाहती हूं। 2 अगस्त से यह व्यक्ति लगभग हर दिन मेरा पीछा कर रहा है। जब मैं काम से लौट रहा था, मैंने देखा कि वही व्यक्ति फिर से मेरे घर के बाहर इंतज़ार कर रहा था। वे भी मेरे पीछे-पीछे मेरे कार्यस्थल तक आते हैं और गेट के पास इंतजार करते हैं। मैंने देखा है कि एक ही वाहन कई बार मेरे ऑटो-रिक्शा का पीछा कर रहा है। इस निरंतर अनुसरण ने मुझे अपनी सुरक्षा के लिए अत्यधिक चिंतित और भयभीत कर दिया है। मैं पुलिस से जांच करने और इस व्यक्ति को मेरा पीछा करने से रोकने का अनुरोध करता हूं। मैं उस व्यक्ति की पहचान करने और जरूरत पड़ने पर और विवरण प्रदान करने को तैयार हूं।",स्टॉकिंग,अंधेरी अपना जीजा पीछा जाना संबंध शिकायत दर्ज कराना चाहना । अगस्त व्यक्ति लगभग हर दिन पीछा रहना । जब काम लौटना रहना देखना कि व्यक्ति फिर घर बाहर इंतजार रहना । पीछे पीछे कार्यस्थल आना गेट पास इंतजार । देखना कि ही वाहन कई बार ऑटो रिक्शा पीछा रहना । निरन्तर अनुसरण ने अपना सुरक्षा अत्यधिक चिंतित भयभीत देना । पुलिस जांच व्यक्ति पीछा रोकना अनुरोध । व्यक्ति पहचान जरूरत पड़ना विवरण प्रदान तैयार ।
मुझे और मेरे परिवार को सदर बाजार में रहने वाले मेरे सहपाठी द्वारा परेशान किया जा रहा है। इस महीने की 3 तारीख से उत्पीड़न जारी है। जब भी वे मुझे देखते हैं तो भद्दे कमेंट करते हैं और परेशानी पैदा करने की कोशिश करते हैं। कल रात करीब 9 बजे स्थिति तब और खराब हो गई जब वे मुझसे सीधे भिड़ गए। इस लगातार उत्पीड़न के कारण मैं काम पर जाने में असुरक्षित महसूस करती हूं। मेरे परिवार के सदस्यों ने भी कई मौकों पर इस व्यवहार को देखा है। मैं तत्काल हस्तक्षेप का अनुरोध करता हूं ताकि यह उत्पीड़न स्थायी रूप से बंद हो जाए। कृपया मेरी शिकायत दर्ज कर आवश्यक कानूनी कार्रवाई करें।,उत्पीड़न,परिवार सदर बाजार रहना वाला सहपाठी परेशान जाना रहना । महीना तारीख उत्पीडन जारी । जब देखना भद्दा कमेंट परेशानी पैदा कोशिश । कल रात करीब बजे स्थिति तब खराब होना जाना जब सीधे भिडना जाना । लगातार उत्पीडन कारण काम जाना असुरक्षित महसूस । परिवार सदस्य ने कई मौका व्यवहार देखना । तत्काल हस्तक्षेप अनुरोध ताकि उत्पीडन स्थायी रूप बंद होना जाना । कृपया शिकायत दर्ज आवश्यक कानूनी कार्रवाई ।
"मैं कल्याण में अपने पूर्व साथी से लगातार हो रहे उत्पीड़न की रिपोर्ट करना चाहती हूं। यह पिछले महीने की 10 तारीख को शुरू हुआ और तब से बंद नहीं हुआ है। मेरा पूर्व-साथी दूसरों के सामने मेरे बारे में अपमानजनक टिप्पणियाँ करता रहता है। दो दिन पहले इस व्यक्ति ने मेरे घर के पास फिर मेरे साथ गलत हरकत की. मैंने उनसे विनम्रतापूर्वक रुकने के लिए कहा, लेकिन वे मुझे परेशान करते रहे। इससे मेरी मानसिक शांति प्रभावित हो रही है और मुझे अकेले बाहर निकलने में डर लगता है।' मैं पुलिस से जिम्मेदार व्यक्ति के खिलाफ सख्त कार्रवाई करने का अनुरोध करता हूं।' मैं जांच के लिए आवश्यक कोई भी अतिरिक्त विवरण प्रदान करने के लिए तैयार हूं।",उत्पीड़न,कल्याण अपना पूर्व साथी लगातार होना रहना उत्पीडन रिपोर्ट चाहना । पिछला महीना तारीख शुरू होना तब बंद नहीं होना । पूर्व साथी दूसरा सामने बारे अपमानजनक टिप्पणी रहना । दो दिन पहले व्यक्ति ने घर पास फिर साथ गलत हरकत विनम्रतापूर्वक रुकना कहना लेकिन परेशान रहना । मानसिक शान्ति प्रभावित होना रहना अकेला बाहर निकलना डर लगना । पुलिस जिम्मेदार व्यक्ति खिलाफ सख्त कार्रवाई अनुरोध । जांच आवश्यक कोई अतिरिक्त विवरण प्रदान तैयार ।
मैं घर में लगातार घरेलू दुर्व्यवहार के लिए अपनी सास के खिलाफ यह शिकायत दर्ज करा रही हूं। 22 जून से मुझे शारीरिक उत्पीड़न और उत्पीड़न का शिकार होना पड़ रहा है। मुझे बुनियादी ज़रूरतों से भी वंचित कर दिया जाता है और बिना कारण घर तक सीमित कर दिया जाता है। जब भी मैं बोलने की कोशिश करता हूं तो बार-बार हिंसा की धमकियां मिलती रहती हैं। मेरे रिश्तेदार स्थिति से अवगत हैं और दुर्व्यवहार की गवाही दे सकते हैं। मुझे अपनी सुरक्षा और मेरे साथ रहने वाले मेरे बच्चों की सुरक्षा का डर है। मैं कानून के तहत तत्काल सुरक्षा और उचित कानूनी कार्रवाई का अनुरोध करता हूं। कृपया मेरी स्थिति के लिए उपलब्ध आश्रय और कानूनी सहायता के संबंध में मेरा मार्गदर्शन करें।,घरेलू हिंसा,घर लगातार घरेलू दुर्व्यवहार अपना सास खिलाफ शिकायत दर्ज रहना । जून शारीरिक उत्पीडन उत्पीडन शिकार होना पड़ना रहना । बुनियादी ज़रूरत वंचित देना जाना बिना कारण घर सीमित देना जाना । जब बोलना कोशिश बार बार हिंसा धमकी मिलना रहना । रिश्तेदार स्थिति अवगत दुर्व्यवहार गवाही देना सकना । अपना सुरक्षा साथ रहना वाला बच्चा सुरक्षा डर । कानून तहत तत्काल सुरक्षा उचित कानूनी कार्रवाई अनुरोध । कृपया स्थिति उपलब्ध आश्रय कानूनी सहायता संबंध मार्गदर्शन ।
"मैं वाकाड में अपने समाज के एक व्यक्ति द्वारा लगातार किए जा रहे उत्पीड़न की रिपोर्ट करना चाहती हूं। यह पिछले एक महीने से शुरू हुआ और तब से बंद नहीं हुआ है. मेरे समाज का एक आदमी दूसरों के सामने मेरे बारे में अपमानजनक टिप्पणियाँ करता रहता है। शाम की सैर के दौरान मेरे घर के पास इस शख्स ने फिर मेरे साथ बदसलूकी की. मैंने उनसे विनम्रतापूर्वक रुकने के लिए कहा, लेकिन वे मुझे परेशान करते रहे। इससे मेरी मानसिक शांति प्रभावित हो रही है और मुझे अकेले बाहर निकलने में डर लगता है।' मैं पुलिस से जिम्मेदार व्यक्ति के खिलाफ सख्त कार्रवाई करने का अनुरोध करता हूं।' मैं जांच के लिए आवश्यक कोई भी अतिरिक्त विवरण प्रदान करने के लिए तैयार हूं।",उत्पीड़न,वाकाड अपना समाज व्यक्ति लगातार जाना रहना उत्पीडन रिपोर्ट चाहना । पिछला महीना शुरू होना तब बंद नहीं होना समाज आदमी दूसरा सामने बारे अपमानजनक टिप्पणी रहना । शाम सैर दौरान घर पास शख्स ने फिर साथ बदसलूकी विनम्रतापूर्वक रुकना कहना लेकिन परेशान रहना । मानसिक शान्ति प्रभावित होना रहना अकेला बाहर निकलना डर लगना । पुलिस जिम्मेदार व्यक्ति खिलाफ सख्त कार्रवाई अनुरोध । जांच आवश्यक कोई अतिरिक्त विवरण प्रदान तैयार ।
"मैं बाणेर में रहने वाले मेरे जीजा द्वारा मुझे दी गई धमकियों के संबंध में शिकायत दर्ज करा रही हूं। धमकियां 22 जून को हमारे बीच एक मामूली विवाद के बाद शुरू हुईं। उन्होंने मुझे बोलने पर हमला करने और मेरी संपत्ति को नुकसान पहुंचाने की धमकी दी है। इससे मेरे और मेरे परिवार के सदस्यों में काफी डर और चिंता पैदा हो गई है। मैंने किसी भी टकराव से परहेज किया है, लेकिन धमकियां इसकी परवाह किए बिना जारी हैं। इलाके के पड़ोसियों को भी तनाव की जानकारी है और वे इसकी पुष्टि कर सकते हैं. मेरा अनुरोध है कि मेरी सुरक्षा सुनिश्चित करने के लिए उचित कानूनी कार्रवाई की जाए। धमकियों की गंभीर प्रकृति को देखते हुए कृपया इस मामले पर तत्परता से विचार करें।",धमकी,बाणेर रहना वाला जीजा देना जाना धमकी संबंध शिकायत दर्ज रहना । धमकी जून बीच मामूली विवाद बाद शुरू होना । बोलना हमला संपत्ति नुकसान पहुंचाना धमकी देना । परिवार सदस्य काफी डर चिंता पैदा होना जाना । कोई टकराव परहेज लेकिन धमकी परवाह बिना जारी । इलाका पड़ोसी तनाव जानकारी पुष्टि सकना अनुरोध कि सुरक्षा सुनिश्चित उचित कानूनी कार्रवाई जाना धमकी गंभीर प्रकृति देखना होना कृपया मामला तत्परता विचार ।
वाकाड में रहने वाले मेरे सहकर्मी द्वारा मुझे और मेरे परिवार को परेशान किया जा रहा है। 2 अगस्त से लगातार उत्पीड़न जारी है। जब भी वे मुझे देखते हैं तो भद्दे कमेंट करते हैं और परेशानी पैदा करने की कोशिश करते हैं। कल रात करीब 9 बजे स्थिति तब और खराब हो गई जब वे मुझसे सीधे भिड़ गए। इस लगातार उत्पीड़न के कारण मैं काम पर जाने में असुरक्षित महसूस करती हूं। मेरे परिवार के सदस्यों ने भी कई मौकों पर इस व्यवहार को देखा है। मैं तत्काल हस्तक्षेप का अनुरोध करता हूं ताकि यह उत्पीड़न स्थायी रूप से बंद हो जाए। कृपया मेरी शिकायत दर्ज कर आवश्यक कानूनी कार्रवाई करें।,उत्पीड़न,वाकाड रहना वाला सहकर्मी परिवार परेशान जाना रहना । अगस्त लगातार उत्पीडन जारी । जब देखना भद्दा कमेंट परेशानी पैदा कोशिश । कल रात करीब बजे स्थिति तब खराब होना जाना जब सीधे भिडना जाना । लगातार उत्पीडन कारण काम जाना असुरक्षित महसूस । परिवार सदस्य ने कई मौका व्यवहार देखना । तत्काल हस्तक्षेप अनुरोध ताकि उत्पीडन स्थायी रूप बंद होना जाना । कृपया शिकायत दर्ज आवश्यक कानूनी कार्रवाई ।
complaint,category,
मैं दादर में हुई छेड़छाड़ की एक घटना की रिपोर्ट करना चाहता हूं। जब मैं बाजार से वापस आ रही थी तो रास्ते में कुछ युवकों ने मुझ पर अश्लील कमेंट किए। उन्होंने सीटियां भी बजाईं और मेरे और मेरे दोस्त की ओर अनुचित इशारे भी किए। जब मैंने उन्हें नज़रअंदाज कर दूर जाने की कोशिश की तो उन्होंने कुछ दूर तक पीछा किया। इस तरह के व्यवहार से मुझे अकेले यात्रा करते समय असुरक्षित महसूस होने लगा है। क्षेत्र की अन्य महिलाओं को भी उसी स्थान पर इसी तरह के उत्पीड़न का सामना करना पड़ा है। मैं ऐसी घटनाओं को रोकने के लिए इस क्षेत्र में पुलिस गश्त बढ़ाने का अनुरोध करता हूं। यदि लाइन-अप या सीसीटीवी समीक्षा की व्यवस्था की जाती है तो मैं व्यक्तियों की पहचान करने के लिए तैयार हूं।,ईव टीज़िंग,दादर होना छेडछाड घटना रिपोर्ट चाहना । जब बाजार वापस आना रहना रास्ता कुछ युवक ने अश्लील कमेंट । सीटी बजाना दोस्त ओर अनुचित इशारा । जब नजरअंदाज दूर जाना कोशिश कुछ दूर पीछा । तरह व्यवहार अकेला यात्रा समय असुरक्षित महसूस होना लगाना । क्षेत्र अन्य महिला स्थान तरह उत्पीडन सामना पड़ना । ऐसा घटना रोकना क्षेत्र पुलिस गश्त बढ़ाना अनुरोध । यदि लाइन अप सीसीटीवी समीक्षा व्यवस्था जाना व्यक्ति पहचान तैयार ।
मैं दादर में देखी गई एक संदिग्ध गतिविधि की रिपोर्ट करना चाहता हूं। कुछ दिन पहले से अज्ञात व्यक्ति समय-समय पर परित्यक्त भवन के पास एकत्र होते रहे हैं। निवासियों को संदेह है कि रात में वहां कुछ अवैध गतिविधि हो सकती है। उस स्थान से तेज़ आवाज़ें और कभी-कभार बहसें सुनाई देती रही हैं। इससे आसपास रहने वाले परिवारों में सुरक्षा संबंधी चिंताएं बढ़ गई हैं। स्थानीय वार्ड कार्यालय को सूचित करने के बावजूद कोई आधिकारिक कार्रवाई नहीं की गई है। मैं अधिकारियों से इस मामले की जांच करने और निवासियों की सुरक्षा सुनिश्चित करने का अनुरोध करता हूं। यदि आवश्यक हुआ तो मैं अधिक विवरण प्रदान करने या अधिकारियों के साथ जाने को तैयार हूं।,अन्य,दादर देखना जाना संदिग्ध गतिविधि रिपोर्ट चाहना । कुछ दिन पहले अज्ञात व्यक्ति समय समय परित्यक्त भवन पास एकत्र होना रहना । निवासी संदेह कि रात वहाँ कुछ अवैध गतिविधि होना सकना । स्थान तेज आवाज कभी कभार बहस सुनाना देना रहना । आसपास रहना वाला परिवार सुरक्षा संबंधी चिंता बढ़ना जाना । स्थानीय वार्ड कार्यालय सूचित बावजूद कोई आधिकारिक कार्रवाई नहीं जाना । अधिकारी मामला जांच निवासी सुरक्षा सुनिश्चित अनुरोध । यदि आवश्यक होना अधिक विवरण प्रदान अधिकारी साथ जाना तैयार ।
"मैं वाशी में रहने वाले एक अज्ञात व्यक्ति द्वारा मुझे दी गई धमकियों के संबंध में शिकायत दर्ज करा रहा हूं। इस महीने की 3 तारीख को हमारे बीच एक मामूली विवाद के बाद धमकियां मिलनी शुरू हुईं। उन्होंने मुझे बोलने पर हमला करने और मेरी संपत्ति को नुकसान पहुंचाने की धमकी दी है। इससे मेरे और मेरे परिवार के सदस्यों में काफी डर और चिंता पैदा हो गई है। मैंने किसी भी टकराव से परहेज किया है, लेकिन धमकियां इसकी परवाह किए बिना जारी हैं। इलाके के पड़ोसियों को भी तनाव की जानकारी है और वे इसकी पुष्टि कर सकते हैं. मेरा अनुरोध है कि मेरी सुरक्षा सुनिश्चित करने के लिए उचित कानूनी कार्रवाई की जाए। धमकियों की गंभीर प्रकृति को देखते हुए कृपया इस मामले पर तत्परता से विचार करें।",धमकी,वाशी रहना वाला अज्ञात व्यक्ति देना जाना धमकी संबंध शिकायत दर्ज रहना । महीना तारीख बीच मामूली विवाद बाद धमकी मिलना शुरू होना । बोलना हमला संपत्ति नुकसान पहुंचाना धमकी देना । परिवार सदस्य काफी डर चिंता पैदा होना जाना । कोई टकराव परहेज लेकिन धमकी परवाह बिना जारी । इलाका पड़ोसी तनाव जानकारी पुष्टि सकना अनुरोध कि सुरक्षा सुनिश्चित उचित कानूनी कार्रवाई जाना धमकी गंभीर प्रकृति देखना होना कृपया मामला तत्परता विचार ।
"मैं रिपोर्ट करना चाहता हूं कि मुझे वाकड में एक अज्ञात व्यक्ति से गंभीर धमकियां मिली हैं। पिछले दो सप्ताह से यह व्यक्ति मुझे और मेरे परिवार को नुकसान पहुंचाने की धमकी दे रहा है। अगर मैंने उनकी मांगें नहीं मानी तो उन्होंने मुझे गंभीर परिणाम भुगतने की चेतावनी दी है। धमकियाँ व्यक्तिगत रूप से और फोन कॉल दोनों पर दी गई हैं। मैं इन धमकियों के कारण अपने परिवार की सुरक्षा को लेकर बेहद चिंतित हूं।' मैंने उनकी किसी भी मांग का जवाब नहीं दिया, जिससे उनका गुस्सा और बढ़ गया है.' मैं पुलिस सुरक्षा और मुझे धमकी देने वाले व्यक्ति के खिलाफ तत्काल कार्रवाई का अनुरोध करता हूं। मैं इस शिकायत के समर्थन में कॉल रिकॉर्डिंग और गवाह विवरण प्रदान कर सकता हूं।",धमकी,रिपोर्ट चाहना कि वाकड अज्ञात व्यक्ति गंभीर धमकी मिलना । पिछला दो सप्ताह व्यक्ति परिवार नुकसान पहुंचाना धमकी देना रहना । अगर मांगें नहीं मानना गंभीर परिणाम भुगतना चेतावनी देना । धमकी व्यक्तिगत रूप फोन कॉल दो देना जाना । धमकी कारण अपना परिवार सुरक्षा लेना बेहद चिंतित । कोई मांग जवाब नहीं देना जो गुस्सा बढ़ना जाना पुलिस सुरक्षा धमकी देना वाला व्यक्ति खिलाफ तत्काल कार्रवाई अनुरोध । शिकायत समर्थन कॉल रिकॉर्डिंग गवाह विवरण प्रदान सकना ।
"मैं कल्याण में सड़कों की स्थिति के संबंध में सार्वजनिक सुरक्षा चिंता उठाना चाहता हूं। मुख्य सड़क के पास एक खुला मैनहोल है जिसे इस महीने की 3 तारीख से खोला गया है। इस स्थान पर पहले भी कई दोपहिया वाहन चालक छोटी-मोटी दुर्घटना का शिकार हो चुके हैं। खतरनाक क्षेत्र के आसपास कोई चेतावनी संकेत या बैरिकेड्स नहीं लगाए गए हैं। रात के समय खराब स्ट्रीट लाइट के कारण हादसों का खतरा और भी बढ़ जाता है। स्थानीय निवासी पहले भी यह मुद्दा उठा चुके हैं, लेकिन कोई कार्रवाई नहीं हुई। मैं संबंधित अधिकारियों से मैनहोल की मरम्मत करने और उचित रोशनी सुनिश्चित करने का अनुरोध करता हूं। यह एक गंभीर सार्वजनिक सुरक्षा ख़तरा है जिस पर तत्काल ध्यान देने की आवश्यकता है।",सार्वजनिक सुरक्षा,कल्याण सड़क स्थिति संबंध सार्वजनिक सुरक्षा चिंता उठाना चाहना । मुख्य सड़क पास खुला मैनहोल जो महीना तारीख खोलना जाना । स्थान पहले कई दोपहिया वाहन चालक छोटा मोटा दुर्घटना शिकार होना चुकना । खतरनाक क्षेत्र आसपास कोई चेतावनी संकेत बैरिकेड्स नहीं लगाना जाना । रात समय खराब स्ट्रीट लाइट कारण हादसा खतरा बढ़ना जाना । स्थानीय निवासी पहले मुद्दा उठाना चुकना लेकिन कोई कार्रवाई नहीं होना । संबंधित अधिकारी मैनहोल मरम्मत उचित रोशनी सुनिश्चित अनुरोध । गंभीर सार्वजनिक सुरक्षा खतरा जो तत्काल ध्यान देना आवश्यकता ।
"मैं सदर बाजार बस स्टॉप के पास हुई एक छेड़छाड़ की घटना की रिपोर्ट कर रहा हूं। आधी रात के करीब, बस स्टॉप पर एक आदमी ने मुझे छेड़ना शुरू कर दिया और भद्दे कमेंट करने लगा। उन्होंने मेरी अनुमति के बिना मेरी तस्वीरें खींचने की भी कोशिश की. मैंने उनका विरोध किया, लेकिन उन्होंने इसे हंसी में उड़ा दिया और अपना व्यवहार जारी रखा। यह पहली बार नहीं है जब इस स्थान पर ऐसी घटनाएं हुई हैं। इसी ग्रुप के बारे में कई अन्य लड़कियों ने अनौपचारिक रूप से शिकायत की है. मैं महिलाओं की सुरक्षा सुनिश्चित करने के लिए सख्त कार्रवाई और नियमित पुलिस उपस्थिति का अनुरोध करता हूं। यदि व्यक्तियों का पता लगाया जाता है तो मैं पहचान में सहायता करने को तैयार हूं।",ईव टीज़िंग,सदर बाजार बस स्टॉप पास होना छेडछाड घटना रिपोर्ट रहना । आधा रात करीब बस स्टॉप आदमी ने छेड़ना शुरू देना भद्दा कमेंट लगाना । अनुमति बिना तस्वीर खींचना कोशिश विरोध लेकिन हँसी उड़ाना देना अपना व्यवहार जारी रखना । पहला बार नहीं जब स्थान ऐसा घटना होना । ग्रुप बारे कई अन्य लड़की ने अनौपचारिक रूप शिकायत महिला सुरक्षा सुनिश्चित सख्त कार्रवाई नियमित पुलिस उपस्थिति अनुरोध । यदि व्यक्ति पता लगाना जाना पहचान सहायता तैयार ।
"मैं विले पार्ले में हुई नकदी और कार्ड वाले अपने पर्स की चोरी की रिपोर्ट करना चाहता हूं। यह घटना तब हुई जब मैं काम से लौट रहा था, मुख्य बाजार क्षेत्र के पास। जब मुझे एहसास हुआ कि यह गायब है, तो मैंने तुरंत आसपास की जाँच की लेकिन कुछ नहीं मिला। मुझे संदेह है कि इसे किसी ऐसे व्यक्ति ने चुराया है जो कुछ समय से मेरा पीछा कर रहा था। चोरी गए सामान की अनुमानित कीमत करीब तीन लाख रुपये है। 2,50,000. मैंने स्थानीय दुकानदारों को पहले ही सूचित कर दिया है कि उन्हें कुछ भी असामान्य दिखे। मैं पुलिस से मामले की जांच करने और मेरा सामान बरामद करने में मदद करने का अनुरोध करता हूं। यदि उपलब्ध हो तो मैं कोई भी अतिरिक्त विवरण या सीसीटीवी फुटेज स्थान प्रदान करने के लिए तैयार हूं।",चोरी,विले पार्ले होना नकदी कार्ड वाला अपना पर्स चोरी रिपोर्ट चाहना । घटना तब होना जब काम लौटना रहना मुख्य बाजार क्षेत्र पास। जब एहसास होना कि गायब तुरंत आसपास जाँच लेकिन कुछ नहीं मिलना । संदेह कि कोई ऐसा व्यक्ति ने चुराना जो कुछ समय पीछा रहना । चोरी जाना सामान अनुमानित कीमत करीब तीन लाख रुपया । स्थानीय दुकानदार पहले ही सूचित देना कि कुछ असामान्य दिखना । पुलिस मामला जांच सामान बरामद मदद अनुरोध । यदि उपलब्ध होना कोई अतिरिक्त विवरण सीसीटीवी फुटेज स्थान प्रदान तैयार ।
"मैं सदर बाज़ार में हुई बाहर खड़ी अपनी साइकिल की चोरी की रिपोर्ट दर्ज कराना चाहता हूँ। यह घटना आज सुबह मुख्य बाजार क्षेत्र के पास हुई। जब मुझे एहसास हुआ कि यह गायब है, तो मैंने तुरंत आसपास की जाँच की लेकिन कुछ नहीं मिला। मुझे संदेह है कि इसे किसी ऐसे व्यक्ति ने चुराया है जो कुछ समय से मेरा पीछा कर रहा था। चोरी गए सामान की अनुमानित कीमत करीब तीन लाख रुपये है। 2,50,000. मैंने स्थानीय दुकानदारों को पहले ही सूचित कर दिया है कि उन्हें कुछ भी असामान्य दिखे। मैं पुलिस से मामले की जांच करने और मेरा सामान बरामद करने में मदद करने का अनुरोध करता हूं। यदि उपलब्ध हो तो मैं कोई भी अतिरिक्त विवरण या सीसीटीवी फुटेज स्थान प्रदान करने के लिए तैयार हूं।",चोरी,सदर बाजार होना बाहर खड़ा अपना साइकिल चोरी रिपोर्ट दर्ज कराना चाहना । घटना आज सुबह मुख्य बाजार क्षेत्र पास होना । जब एहसास होना कि गायब तुरंत आसपास जाँच लेकिन कुछ नहीं मिलना । संदेह कि कोई ऐसा व्यक्ति ने चुराना जो कुछ समय पीछा रहना । चोरी जाना सामान अनुमानित कीमत करीब तीन लाख रुपया । स्थानीय दुकानदार पहले ही सूचित देना कि कुछ असामान्य दिखना । पुलिस मामला जांच सामान बरामद मदद अनुरोध । यदि उपलब्ध होना कोई अतिरिक्त विवरण सीसीटीवी फुटेज स्थान प्रदान तैयार ।
"मैं पिंपरी में अपने निवास पर अपने ससुर द्वारा झेली जा रही घरेलू हिंसा की रिपोर्ट करना चाहती हूं। शारीरिक और मानसिक शोषण इस महीने की 3 तारीख से भी जारी है। छोटी-छोटी घरेलू बातों पर अक्सर मुझे पीटा जाता है और गाली-गलौज की जाती है। उन्होंने मुझे बिना किसी सहारे के घर से बाहर निकाल देने की धमकी भी दी है. मेरे बच्चों ने ये घटनाएं देखी हैं, जिसका उन पर बुरा असर पड़ा है.' मैंने इसे शांतिपूर्ण तरीके से सुलझाने की कोशिश की है, लेकिन दुर्व्यवहार बढ़ता ही जा रहा है। मैं इस दुरुपयोग के लिए जिम्मेदार लोगों के खिलाफ सुरक्षा और कानूनी कार्रवाई का अनुरोध करता हूं। यदि आवश्यक हुआ तो मैं मेडिकल रिकॉर्ड और गवाहों के बयान उपलब्ध कराने के लिए तैयार हूं।",घरेलू हिंसा,पिंपरी अपना निवास अपना ससुर झेलना जाना रहना घरेलू हिंसा रिपोर्ट चाहना । शारीरिक मानसिक शोषण महीना तारीख जारी । छोटा छोटा घरेलू बात अक्सर पीटना जाना गाली गलौज जाना । बिना कोई सहारा घर बाहर निकालना देना धमकी देना बच्चा ने घटना देखना जो बुरा असर पड़ना शांतिपूर्ण तरीका सुलझाना कोशिश लेकिन दुर्व्यवहार बढना ही जाना रहना । दुरुपयोग जिम्मेदार लोग खिलाफ सुरक्षा कानूनी कार्रवाई अनुरोध । यदि आवश्यक होना मेडिकल रिकॉर्ड गवाह बयान उपलब्ध कराना तैयार ।
मैं घर में लगातार घरेलू दुर्व्यवहार के लिए अपने ससुर के खिलाफ यह शिकायत दर्ज कर रही हूं। कुछ दिन पहले से मेरे साथ मारपीट और उत्पीड़न किया जा रहा है। मुझे बुनियादी ज़रूरतों से भी वंचित कर दिया जाता है और बिना कारण घर तक सीमित कर दिया जाता है। जब भी मैं बोलने की कोशिश करता हूं तो बार-बार हिंसा की धमकियां मिलती रहती हैं। मेरे रिश्तेदार स्थिति से अवगत हैं और दुर्व्यवहार की गवाही दे सकते हैं। मुझे अपनी सुरक्षा और मेरे साथ रहने वाले मेरे बच्चों की सुरक्षा का डर है। मैं कानून के तहत तत्काल सुरक्षा और उचित कानूनी कार्रवाई का अनुरोध करता हूं। कृपया मेरी स्थिति के लिए उपलब्ध आश्रय और कानूनी सहायता के संबंध में मेरा मार्गदर्शन करें।,घरेलू हिंसा,घर लगातार घरेलू दुर्व्यवहार अपना ससुर खिलाफ शिकायत दर्ज रहना । कुछ दिन पहले साथ मारपीट उत्पीडन जाना रहना । बुनियादी ज़रूरत वंचित देना जाना बिना कारण घर सीमित देना जाना । जब बोलना कोशिश बार बार हिंसा धमकी मिलना रहना । रिश्तेदार स्थिति अवगत दुर्व्यवहार गवाही देना सकना । अपना सुरक्षा साथ रहना वाला बच्चा सुरक्षा डर । कानून तहत तत्काल सुरक्षा उचित कानूनी कार्रवाई अनुरोध । कृपया स्थिति उपलब्ध आश्रय कानूनी सहायता संबंध मार्गदर्शन ।
"मैं खराडी में सड़कों की स्थिति के संबंध में सार्वजनिक सुरक्षा चिंता उठाना चाहता हूं। मुख्य सड़क के पास एक खुला मैनहोल है जिसे 2 अगस्त से खुला रखा गया है। इस स्थान पर पहले भी कई दोपहिया वाहन चालक छोटी-मोटी दुर्घटना का शिकार हो चुके हैं। खतरनाक क्षेत्र के आसपास कोई चेतावनी संकेत या बैरिकेड्स नहीं लगाए गए हैं। रात के समय खराब स्ट्रीट लाइट के कारण हादसों का खतरा और भी बढ़ जाता है। स्थानीय निवासी पहले भी यह मुद्दा उठा चुके हैं, लेकिन कोई कार्रवाई नहीं हुई। मैं संबंधित अधिकारियों से मैनहोल की मरम्मत करने और उचित रोशनी सुनिश्चित करने का अनुरोध करता हूं। यह एक गंभीर सार्वजनिक सुरक्षा ख़तरा है जिस पर तत्काल ध्यान देने की आवश्यकता है।",सार्वजनिक सुरक्षा,खराडी सड़क स्थिति संबंध सार्वजनिक सुरक्षा चिंता उठाना चाहना । मुख्य सड़क पास खुला मैनहोल जो अगस्त खुलना रखना जाना । स्थान पहले कई दोपहिया वाहन चालक छोटा मोटा दुर्घटना शिकार होना चुकना । खतरनाक क्षेत्र आसपास कोई चेतावनी संकेत बैरिकेड्स नहीं लगाना जाना । रात समय खराब स्ट्रीट लाइट कारण हादसा खतरा बढ़ना जाना । स्थानीय निवासी पहले मुद्दा उठाना चुकना लेकिन कोई कार्रवाई नहीं होना । संबंधित अधिकारी मैनहोल मरम्मत उचित रोशनी सुनिश्चित अनुरोध । गंभीर सार्वजनिक सुरक्षा खतरा जो तत्काल ध्यान देना आवश्यकता ।
"मैं दादर में हुई मेरी बाहर खड़ी साइकिल की चोरी की रिपोर्ट दर्ज कराना चाहता हूँ। यह घटना तब हुई जब मैं बाजार से वापस आ रहा था, मुख्य बाजार क्षेत्र के पास। जब मुझे एहसास हुआ कि यह गायब है, तो मैंने तुरंत आसपास की जाँच की लेकिन कुछ नहीं मिला। मुझे संदेह है कि इसे किसी ऐसे व्यक्ति ने चुराया है जो कुछ समय से मेरा पीछा कर रहा था। चोरी गए सामान की अनुमानित कीमत करीब तीन लाख रुपये है। 2,50,000. मैंने स्थानीय दुकानदारों को पहले ही सूचित कर दिया है कि उन्हें कुछ भी असामान्य दिखे। मैं पुलिस से मामले की जांच करने और मेरा सामान बरामद करने में मदद करने का अनुरोध करता हूं। यदि उपलब्ध हो तो मैं कोई भी अतिरिक्त विवरण या सीसीटीवी फुटेज स्थान प्रदान करने के लिए तैयार हूं।",चोरी,दादर होना बाहर खड़ा साइकिल चोरी रिपोर्ट दर्ज कराना चाहना । घटना तब होना जब बाजार वापस आना रहना मुख्य बाजार क्षेत्र पास। जब एहसास होना कि गायब तुरंत आसपास जाँच लेकिन कुछ नहीं मिलना । संदेह कि कोई ऐसा व्यक्ति ने चुराना जो कुछ समय पीछा रहना । चोरी जाना सामान अनुमानित कीमत करीब तीन लाख रुपया । स्थानीय दुकानदार पहले ही सूचित देना कि कुछ असामान्य दिखना । पुलिस मामला जांच सामान बरामद मदद अनुरोध । यदि उपलब्ध होना कोई अतिरिक्त विवरण सीसीटीवी फुटेज स्थान प्रदान तैयार ।
"मैं नासिक रोड स्थित अपने आवास पर अपने ससुराल वालों द्वारा झेली जा रही घरेलू हिंसा की रिपोर्ट करना चाहती हूं। पिछले दो सप्ताह से शारीरिक और मानसिक शोषण जारी है। छोटी-छोटी घरेलू बातों पर अक्सर मुझे पीटा जाता है और गाली-गलौज की जाती है। उन्होंने मुझे बिना किसी सहारे के घर से बाहर निकाल देने की धमकी भी दी है. मेरे बच्चों ने ये घटनाएं देखी हैं, जिसका उन पर बुरा असर पड़ा है.' मैंने इसे शांतिपूर्ण तरीके से सुलझाने की कोशिश की है, लेकिन दुर्व्यवहार बढ़ता ही जा रहा है। मैं इस दुरुपयोग के लिए जिम्मेदार लोगों के खिलाफ सुरक्षा और कानूनी कार्रवाई का अनुरोध करता हूं। यदि आवश्यक हुआ तो मैं मेडिकल रिकॉर्ड और गवाहों के बयान उपलब्ध कराने के लिए तैयार हूं।",घरेलू हिंसा,नासिक रोड स्थित अपना आवास अपना ससुराल वाला झेलना जाना रहना घरेलू हिंसा रिपोर्ट चाहना । पिछला दो सप्ताह शारीरिक मानसिक शोषण जारी । छोटा छोटा घरेलू बात अक्सर पीटना जाना गाली गलौज जाना । बिना कोई सहारा घर बाहर निकालना देना धमकी देना बच्चा ने घटना देखना जो बुरा असर पड़ना शांतिपूर्ण तरीका सुलझाना कोशिश लेकिन दुर्व्यवहार बढना ही जाना रहना । दुरुपयोग जिम्मेदार लोग खिलाफ सुरक्षा कानूनी कार्रवाई अनुरोध । यदि आवश्यक होना मेडिकल रिकॉर्ड गवाह बयान उपलब्ध कराना तैयार ।
"मुझे मेरे मकान मालिक द्वारा ब्लैकमेल किया जा रहा है जो मेरे बारे में निजी जानकारी उजागर करने की धमकी दे रहा है। ब्लैकमेल की कोशिशें 22 जून को स्नैपचैट पर संदेशों के जरिए शुरू हुईं। वे रुपये मांग रहे हैं. 8,000 ऐसा न करने पर वे मुझे सार्वजनिक रूप से बदनाम करने की धमकी देते हैं। मैंने अब तक उनकी कोई भी मांग नहीं मानी है।' लगातार मिल रही इन धमकियों से मानसिक दबाव असहनीय होता जा रहा है। मैंने इस मामले से जुड़े सभी मैसेज और कॉल का रिकॉर्ड रखा है.' मैं इस ब्लैकमेल को रोकने और मेरी गोपनीयता की रक्षा के लिए तत्काल कार्रवाई का अनुरोध करता हूं। कृपया सलाह दें कि मैं इस व्यक्ति के खिलाफ क्या कानूनी कदम उठा सकता हूं।",ब्लैकमेल,मकान मालिक ब्लैकमेल जाना रहना जो बारे निजी जानकारी उजागर धमकी देना रहना । ब्लैकमेल कोशिश जून स्नैपचैट संदेश जरिये शुरू होना । रुपया मांगना रहना ऐसा न सार्वजनिक रूप बदनाम धमकी देना । अब कोई मांग नहीं मानना । लगातार मिलना रहना धमकी मानसिक दबाव असहनीय होना जाना रहना । मामला जुडना सभी मैसेज कॉल रिकॉर्ड रखना ब्लैकमेल रोकना गोपनीयता रक्षा तत्काल कार्रवाई अनुरोध । कृपया सलाह देना कि व्यक्ति खिलाफ क्या कानूनी कदम उठाना सकना ।
"मैं नासिक रोड में देखी गई एक संदिग्ध गतिविधि की रिपोर्ट करना चाहता हूं। 15 जुलाई के बाद से, अज्ञात व्यक्ति अजीब समय पर परित्यक्त इमारत के पास इकट्ठा हो रहे हैं। निवासियों को संदेह है कि रात में वहां कुछ अवैध गतिविधि हो सकती है। उस स्थान से तेज़ आवाज़ें और कभी-कभार बहसें सुनाई देती रही हैं। इससे आसपास रहने वाले परिवारों में सुरक्षा संबंधी चिंताएं बढ़ गई हैं। स्थानीय वार्ड कार्यालय को सूचित करने के बावजूद कोई आधिकारिक कार्रवाई नहीं की गई है। मैं अधिकारियों से इस मामले की जांच करने और निवासियों की सुरक्षा सुनिश्चित करने का अनुरोध करता हूं। यदि आवश्यक हुआ तो मैं अधिक विवरण प्रदान करने या अधिकारियों के साथ जाने को तैयार हूं।",अन्य,नासिक रोड देखना जाना संदिग्ध गतिविधि रिपोर्ट चाहना । जुलाई बाद अज्ञात व्यक्ति अजीब समय परित्यक्त इमारत पास इकट्ठा होना रहना । निवासी संदेह कि रात वहाँ कुछ अवैध गतिविधि होना सकना । स्थान तेज आवाज कभी कभार बहस सुनाना देना रहना । आसपास रहना वाला परिवार सुरक्षा संबंधी चिंता बढ़ना जाना । स्थानीय वार्ड कार्यालय सूचित बावजूद कोई आधिकारिक कार्रवाई नहीं जाना । अधिकारी मामला जांच निवासी सुरक्षा सुनिश्चित अनुरोध । यदि आवश्यक होना अधिक विवरण प्रदान अधिकारी साथ जाना तैयार ।
"मैं शिवाजी नगर में टूटी हुई स्ट्रीट लाइट और क्षतिग्रस्त फुटपाथ की रिपोर्ट करना चाहता हूं जिससे सुरक्षा संबंधी समस्याएं पैदा हो रही हैं। यह समस्या कुछ दिनों से बिना किसी मरम्मत कार्य के बनी हुई है। इस इलाके में बुजुर्गों और बच्चों को सुरक्षित चलने में काफी दिक्कत होती है। बारिश के दौरान इलाके में पानी भर जाता है, जिससे गिरने का खतरा बढ़ जाता है। यहां लोगों के फिसलने और घायल होने की कुछ घटनाएं हो चुकी हैं। मैं अन्य निवासियों के साथ इस सार्वजनिक बुनियादी ढांचे की तत्काल मरम्मत का अनुरोध करता हूं। इससे रोजाना गुजरने वाले राहगीरों और वाहनों को लगातार खतरा बना हुआ है। मैं इस मामले को सुलझाने के लिए नगर निगम अधिकारियों से त्वरित कार्रवाई का अनुरोध करता हूं।",सार्वजनिक सुरक्षा,शिवाजी नगर टूटी होना स्ट्रीट लाइट क्षतिग्रस्त फुटपाथ रिपोर्ट चाहना जो सुरक्षा संबंधी समस्या पैदा होना रहना । समस्या कुछ दिन बिना कोई मरम्मत कार्य बनना होना । इलाका बुजुर्ग बच्चा सुरक्षित चलना काफी दिक्कत होना । बारिश दौरान इलाका पानी भरना जाना जो गिरना खतरा बढ़ना जाना । यहाँ लोग फिसलना घायल होना कुछ घटना होना चुकना । अन्य निवासी साथ सार्वजनिक बुनियादी ढांचा तत्काल मरम्मत अनुरोध । रोजाना गुजरना वाला राहगीर वाहन लगातार खतरा बनना होना । मामला सुलझाना नगर निगम अधिकारी त्वरित कार्रवाई अनुरोध ।
"मैं रिपोर्ट करना चाहती हूं कि इंस्टाग्राम के जरिए मुझे ऑनलाइन परेशान किया जा रहा है। एक अज्ञात यूजर 2 अगस्त से मुझे अपमानजनक और धमकी भरे संदेश भेज रहा है। उन्होंने मेरी सहमति के बिना मेरी तस्वीरों का उपयोग करके एक फर्जी प्रोफ़ाइल भी बनाई है। यह व्यक्ति मेरे दोस्तों और रिश्तेदारों को मेरे बारे में आपत्तिजनक सामग्री वाले संदेश भेज रहा है। मैंने खाते को ब्लॉक करने का प्रयास किया है, लेकिन नए नकली खाते सामने आते रहते हैं। इस ऑनलाइन उत्पीड़न के कारण मुझे बहुत तनाव और शर्मिंदगी उठानी पड़ रही है। मैं साइबर क्राइम सेल से अनुरोध करता हूं कि खाते का पता लगाया जाए और सख्त कार्रवाई की जाए। मैं उत्पीड़न के सबूत के रूप में स्क्रीनशॉट और चैट इतिहास साझा कर सकता हूं।",साइबर उत्पीड़न,रिपोर्ट चाहना कि इंस्टाग्राम जरिये ऑनलाइन परेशान जाना रहना । अज्ञात यूजर अगस्त अपमानजनक धमकी भरना संदेश भेजना रहना । सहमति बिना तस्वीर उपयोग फर्जी प्रोफाइल बनाना । व्यक्ति दोस्त रिश्तेदार बारे आपत्तिजनक सामग्री वाला संदेश भेजना रहना । खाता ब्लॉक प्रयास लेकिन नया नकली खाता सामने आना रहना । ऑनलाइन उत्पीडन कारण बहुत तनाव शर्मिंदगी उठाना पड़ना रहना । साइबर क्राइम सेल अनुरोध कि खाता पता लगाना जाना सख्त कार्रवाई जाना । उत्पीडन सबूत रूप स्क्रीनशॉट चैट इतिहास साझा सकना ।
"मैं रिपोर्ट करना चाहता हूं कि मुझे कल्याण में मेरे जीजाजी से गंभीर धमकियां मिली हैं। पिछले दो सप्ताह से यह व्यक्ति मुझे और मेरे परिवार को नुकसान पहुंचाने की धमकी दे रहा है। अगर मैंने उनकी मांगें नहीं मानी तो उन्होंने मुझे गंभीर परिणाम भुगतने की चेतावनी दी है। धमकियाँ व्यक्तिगत रूप से और फोन कॉल दोनों पर दी गई हैं। मैं इन धमकियों के कारण अपने परिवार की सुरक्षा को लेकर बेहद चिंतित हूं।' मैंने उनकी किसी भी मांग का जवाब नहीं दिया, जिससे उनका गुस्सा और बढ़ गया है.' मैं पुलिस सुरक्षा और मुझे धमकी देने वाले व्यक्ति के खिलाफ तत्काल कार्रवाई का अनुरोध करता हूं। मैं इस शिकायत के समर्थन में कॉल रिकॉर्डिंग और गवाह विवरण प्रदान कर सकता हूं।",धमकी,रिपोर्ट चाहना कि कल्याण जीजाजी गंभीर धमकी मिलना । पिछला दो सप्ताह व्यक्ति परिवार नुकसान पहुंचाना धमकी देना रहना । अगर मांगें नहीं मानना गंभीर परिणाम भुगतना चेतावनी देना । धमकी व्यक्तिगत रूप फोन कॉल दो देना जाना । धमकी कारण अपना परिवार सुरक्षा लेना बेहद चिंतित । कोई मांग जवाब नहीं देना जो गुस्सा बढ़ना जाना पुलिस सुरक्षा धमकी देना वाला व्यक्ति खिलाफ तत्काल कार्रवाई अनुरोध । शिकायत समर्थन कॉल रिकॉर्डिंग गवाह विवरण प्रदान सकना ।
"यह दादर इलाके में मेरी पत्नी के हैंडबैग से जुड़ी चोरी की घटना की रिपोर्ट करने के लिए है। यह आधी रात के आसपास हुआ, जब मैं थोड़ी देर के लिए वहां से हट गया था। वापस लौटने पर मुझे पता चला कि मेरा सामान कोई अज्ञात व्यक्ति ले गया है। अनुमानित नुकसान लगभग रु. 20,000, जो मेरे लिए एक महत्वपूर्ण राशि है। आसपास कुछ लोग भी थे, लेकिन किसी को चोरी होने का पता नहीं चला। मैंने आस-पास की दुकानों और निवासियों से जांच की है, लेकिन अभी तक कोई सुराग नहीं मिला है। मेरा अनुरोध है कि जल्द से जल्द मामला दर्ज किया जाए और जांच की जाए।' मैं जांच प्रक्रिया में पूरा सहयोग करने को तैयार हूं।'",चोरी,दादर इलाका पत्नी हैंडबैग जुड़ना चोरी घटना रिपोर्ट । आधा रात आसपास होना जब थोड़ा देर वहाँ हटना जाना । वापस लौटना पता चलना कि सामान कोई अज्ञात व्यक्ति लेना जाना । अनुमानित नुकसान लगभग रु जो महत्वपूर्ण राशि । आसपास कुछ लोग लेकिन कोई चोरी होना पता नहीं चलना । आस पास दुकान निवासी जांच लेकिन अभी कोई सुराग नहीं मिलना । अनुरोध कि जल्द जल्द मामला दर्ज जाना जांच जाना । जांच प्रक्रिया पूरा सहयोग तैयार ।
मैं औंध में अपने कार्यस्थल पर एक वरिष्ठ द्वारा पीछा किए जाने के संबंध में शिकायत दर्ज करना चाहती हूं। पिछले दो सप्ताह से यह व्यक्ति लगभग हर दिन मेरा पीछा कर रहा है। शाम की सैर के दौरान मैंने देखा कि वही व्यक्ति फिर से मेरे घर के बाहर इंतज़ार कर रहा है। वे भी मेरे पीछे-पीछे मेरे कार्यस्थल तक आते हैं और गेट के पास इंतजार करते हैं। मैंने देखा है कि एक ही वाहन कई बार मेरे ऑटो-रिक्शा का पीछा कर रहा है। इस निरंतर अनुसरण ने मुझे अपनी सुरक्षा के लिए अत्यधिक चिंतित और भयभीत कर दिया है। मैं पुलिस से जांच करने और इस व्यक्ति को मेरा पीछा करने से रोकने का अनुरोध करता हूं। मैं उस व्यक्ति की पहचान करने और जरूरत पड़ने पर और विवरण प्रदान करने को तैयार हूं।,स्टॉकिंग,औंध अपना कार्यस्थल वरिष्ठ पीछा जाना संबंध शिकायत दर्ज चाहना । पिछला दो सप्ताह व्यक्ति लगभग हर दिन पीछा रहना । शाम सैर दौरान देखना कि व्यक्ति फिर घर बाहर इंतजार रहना । पीछे पीछे कार्यस्थल आना गेट पास इंतजार । देखना कि ही वाहन कई बार ऑटो रिक्शा पीछा रहना । निरन्तर अनुसरण ने अपना सुरक्षा अत्यधिक चिंतित भयभीत देना । पुलिस जांच व्यक्ति पीछा रोकना अनुरोध । व्यक्ति पहचान जरूरत पड़ना विवरण प्रदान तैयार ।
"किसी अज्ञात फ़ोन नंबर पर कोई मुझे बार-बार अनुचित संदेश और टिप्पणियाँ भेज रहा है। यह उत्पीड़न कुछ दिन पहले शुरू हुआ और हाल ही में इसकी आवृत्ति में वृद्धि हुई है। उस व्यक्ति ने मेरे सार्वजनिक पोस्ट पर भी अश्लील टिप्पणी की है.' मैंने उन्हें समझाने की कोशिश की, लेकिन उन्होंने और भी अश्लील संदेश जारी रखे। उन्होंने मेरे दोस्तों और परिवार को भी शर्मनाक और झूठे पोस्ट में टैग किया। मैं बेहद परेशान हूं और अब शांति से सोशल मीडिया का इस्तेमाल नहीं कर पा रहा हूं।' मेरा अनुरोध है कि खाते का पता लगाया जाए और उचित कार्रवाई की जाए। मैं अपनी शिकायत के समर्थन में आवश्यक स्क्रीनशॉट संलग्न कर रहा हूं।",साइबर उत्पीड़न,कोई अज्ञात फोन नंबर कोई बार बार अनुचित संदेश टिप्पणी भेजना रहना । उत्पीडन कुछ दिन पहले शुरू होना हाल ही आवृत्ति वृद्धि होना । व्यक्ति ने सार्वजनिक पोस्ट अश्लील टिप्पणी समझाना कोशिश लेकिन अश्लील संदेश जारी रखना । दोस्त परिवार शर्मनाक झूठा पोस्ट टैग । बेहद परेशान अब शान्ति सोशल मीडिया इस्तेमाल नहीं पाना रहना । अनुरोध कि खाता पता लगाना जाना उचित कार्रवाई जाना । अपना शिकायत समर्थन आवश्यक स्क्रीनशॉट संलग्न रहना ।
मैं बानेर में हुई छेड़छाड़ की एक घटना की रिपोर्ट करना चाहता हूं। कल शाम जब मैं पैदल जा रही थी तो बस स्टॉप पर एक आदमी ने मुझ पर अश्लील टिप्पणियाँ कीं। उन्होंने सीटियां भी बजाईं और मेरे और मेरे दोस्त की ओर अनुचित इशारे भी किए। जब मैंने उन्हें नज़रअंदाज कर दूर जाने की कोशिश की तो उन्होंने कुछ दूर तक पीछा किया। इस तरह के व्यवहार से मुझे अकेले यात्रा करते समय असुरक्षित महसूस होने लगा है। क्षेत्र की अन्य महिलाओं को भी उसी स्थान पर इसी तरह के उत्पीड़न का सामना करना पड़ा है। मैं ऐसी घटनाओं को रोकने के लिए इस क्षेत्र में पुलिस गश्त बढ़ाने का अनुरोध करता हूं। यदि लाइन-अप या सीसीटीवी समीक्षा की व्यवस्था की जाती है तो मैं व्यक्तियों की पहचान करने के लिए तैयार हूं।,ईव टीज़िंग,बानेर होना छेडछाड घटना रिपोर्ट चाहना । कल शाम जब पैदल जाना रहना बस स्टॉप आदमी ने अश्लील टिप्पणी कीं।ना सीटी बजाना दोस्त ओर अनुचित इशारा । जब नजरअंदाज दूर जाना कोशिश कुछ दूर पीछा । तरह व्यवहार अकेला यात्रा समय असुरक्षित महसूस होना लगाना । क्षेत्र अन्य महिला स्थान तरह उत्पीडन सामना पड़ना । ऐसा घटना रोकना क्षेत्र पुलिस गश्त बढ़ाना अनुरोध । यदि लाइन अप सीसीटीवी समीक्षा व्यवस्था जाना व्यक्ति पहचान तैयार ।
"मैं हडपसर में अपने सहकर्मी द्वारा पीछा किए जाने के संबंध में शिकायत दर्ज करना चाहती हूं। 18 तारीख के बाद से यह व्यक्ति लगभग हर दिन मेरा पीछा कर रहा है। आधी रात के आसपास, मैंने देखा कि वही व्यक्ति फिर से मेरे घर के बाहर इंतज़ार कर रहा था। वे भी मेरे पीछे-पीछे मेरे कार्यस्थल तक आते हैं और गेट के पास इंतजार करते हैं। मैंने देखा है कि एक ही वाहन कई बार मेरे ऑटो-रिक्शा का पीछा कर रहा है। इस निरंतर अनुसरण ने मुझे अपनी सुरक्षा के लिए अत्यधिक चिंतित और भयभीत कर दिया है। मैं पुलिस से जांच करने और इस व्यक्ति को मेरा पीछा करने से रोकने का अनुरोध करता हूं। मैं उस व्यक्ति की पहचान करने और जरूरत पड़ने पर और विवरण प्रदान करने को तैयार हूं।",स्टॉकिंग,हडपसर अपना सहकर्मी पीछा जाना संबंध शिकायत दर्ज चाहना । तारीख बाद व्यक्ति लगभग हर दिन पीछा रहना । आधा रात आसपास देखना कि व्यक्ति फिर घर बाहर इंतजार रहना । पीछे पीछे कार्यस्थल आना गेट पास इंतजार । देखना कि ही वाहन कई बार ऑटो रिक्शा पीछा रहना । निरन्तर अनुसरण ने अपना सुरक्षा अत्यधिक चिंतित भयभीत देना । पुलिस जांच व्यक्ति पीछा रोकना अनुरोध । व्यक्ति पहचान जरूरत पड़ना विवरण प्रदान तैयार ।
"मैं कल्याण में रहने वाले अपने पूर्व प्रेमी द्वारा मुझे दी गई धमकियों के संबंध में शिकायत दर्ज करा रही हूं। इस महीने की 3 तारीख को हमारे बीच एक मामूली विवाद के बाद धमकियां मिलनी शुरू हुईं। उन्होंने मुझे बोलने पर हमला करने और मेरी संपत्ति को नुकसान पहुंचाने की धमकी दी है। इससे मेरे और मेरे परिवार के सदस्यों में काफी डर और चिंता पैदा हो गई है। मैंने किसी भी टकराव से परहेज किया है, लेकिन धमकियां इसकी परवाह किए बिना जारी हैं। इलाके के पड़ोसियों को भी तनाव की जानकारी है और वे इसकी पुष्टि कर सकते हैं. मेरा अनुरोध है कि मेरी सुरक्षा सुनिश्चित करने के लिए उचित कानूनी कार्रवाई की जाए। धमकियों की गंभीर प्रकृति को देखते हुए कृपया इस मामले पर तत्परता से विचार करें।",धमकी,कल्याण रहना वाला अपना पूर्व प्रेमी देना जाना धमकी संबंध शिकायत दर्ज रहना । महीना तारीख बीच मामूली विवाद बाद धमकी मिलना शुरू होना । बोलना हमला संपत्ति नुकसान पहुंचाना धमकी देना । परिवार सदस्य काफी डर चिंता पैदा होना जाना । कोई टकराव परहेज लेकिन धमकी परवाह बिना जारी । इलाका पड़ोसी तनाव जानकारी पुष्टि सकना अनुरोध कि सुरक्षा सुनिश्चित उचित कानूनी कार्रवाई जाना धमकी गंभीर प्रकृति देखना होना कृपया मामला तत्परता विचार ।
"मैं रिपोर्ट करना चाहता हूं कि मेरे कार्यस्थल पर एक वरिष्ठ डेटिंग ऐप का उपयोग करके मुझे ब्लैकमेल कर रहा है। 18 तारीख को इस शख्स ने मेरी निजी तस्वीरें और जानकारी लीक करने की धमकी दी है. वे रुपये की मांग कर रहे हैं. सामग्री को सार्वजनिक न करने के बदले में 2,50,000 रु. मैंने पैसे देने से इनकार कर दिया है, जिसके बाद धमकियां और भी बढ़ गई हैं. इस ब्लैकमेल से मुझे गंभीर मानसिक तनाव और सामाजिक शर्मिंदगी का डर सता रहा है। मैंने सभी चैट वार्तालाप और स्क्रीनशॉट को साक्ष्य के रूप में सहेजा है। मैं साइबर अपराध विभाग से जांच करने और सख्त कार्रवाई करने का अनुरोध करता हूं।' मैं यह सुनिश्चित करने के लिए पूरा सहयोग करने को तैयार हूं कि इस व्यक्ति को जवाबदेह ठहराया जाए।",ब्लैकमेल,रिपोर्ट चाहना कि कार्यस्थल वरिष्ठ डेटिंग ऐप उपयोग ब्लैकमेल रहना । तारीख शख्स ने निजी तस्वीर जानकारी लीक धमकी देना रुपया मांग रहना सामग्री सार्वजनिक न बदले रु पैसा देना इनकार देना जो बाद धमकी बढ़ना जाना ब्लैकमेल गंभीर मानसिक तनाव सामाजिक शर्मिंदगी डर सताना रहना । सभी चैट वार्तालाप स्क्रीनशॉट साक्ष्य रूप सहेजना । साइबर अपराध विभाग जांच सख्त कार्रवाई अनुरोध । सुनिश्चित पूरा सहयोग तैयार कि व्यक्ति जवाबदेह ठहराना जाना ।
"फेसबुक पर कोई मुझे बार-बार अनुचित संदेश और टिप्पणियाँ भेज रहा है। यह उत्पीड़न कुछ दिन पहले शुरू हुआ और हाल ही में इसकी आवृत्ति में वृद्धि हुई है। उस व्यक्ति ने मेरे सार्वजनिक पोस्ट पर भी अश्लील टिप्पणी की है.' मैंने उन्हें समझाने की कोशिश की, लेकिन उन्होंने और भी अश्लील संदेश जारी रखे। उन्होंने मेरे दोस्तों और परिवार को भी शर्मनाक और झूठे पोस्ट में टैग किया। मैं बेहद परेशान हूं और अब शांति से सोशल मीडिया का इस्तेमाल नहीं कर पा रहा हूं।' मेरा अनुरोध है कि खाते का पता लगाया जाए और उचित कार्रवाई की जाए। मैं अपनी शिकायत के समर्थन में आवश्यक स्क्रीनशॉट संलग्न कर रहा हूं।",साइबर उत्पीड़न,फेसबुक कोई बार बार अनुचित संदेश टिप्पणी भेजना रहना । उत्पीडन कुछ दिन पहले शुरू होना हाल ही आवृत्ति वृद्धि होना । व्यक्ति ने सार्वजनिक पोस्ट अश्लील टिप्पणी समझाना कोशिश लेकिन अश्लील संदेश जारी रखना । दोस्त परिवार शर्मनाक झूठा पोस्ट टैग । बेहद परेशान अब शान्ति सोशल मीडिया इस्तेमाल नहीं पाना रहना । अनुरोध कि खाता पता लगाना जाना उचित कार्रवाई जाना । अपना शिकायत समर्थन आवश्यक स्क्रीनशॉट संलग्न रहना ।
"मुझे मेरे पति द्वारा ब्लैकमेल किया जा रहा है जो मेरे बारे में निजी जानकारी उजागर करने की धमकी दे रहा है। ब्लैकमेल की कोशिशें 2 अगस्त को फेसबुक पर संदेशों के जरिए शुरू हुईं। वे रुपये मांग रहे हैं. 8,000 ऐसा न करने पर वे मुझे सार्वजनिक रूप से बदनाम करने की धमकी देते हैं। मैंने अब तक उनकी कोई भी मांग नहीं मानी है।' लगातार मिल रही इन धमकियों से मानसिक दबाव असहनीय होता जा रहा है। मैंने इस मामले से जुड़े सभी मैसेज और कॉल का रिकॉर्ड रखा है.' मैं इस ब्लैकमेल को रोकने और मेरी गोपनीयता की रक्षा के लिए तत्काल कार्रवाई का अनुरोध करता हूं। कृपया सलाह दें कि मैं इस व्यक्ति के खिलाफ क्या कानूनी कदम उठा सकता हूं।",ब्लैकमेल,पति ब्लैकमेल जाना रहना जो बारे निजी जानकारी उजागर धमकी देना रहना । ब्लैकमेल कोशिश अगस्त फेसबुक संदेश जरिये शुरू होना । रुपया मांगना रहना ऐसा न सार्वजनिक रूप बदनाम धमकी देना । अब कोई मांग नहीं मानना । लगातार मिलना रहना धमकी मानसिक दबाव असहनीय होना जाना रहना । मामला जुडना सभी मैसेज कॉल रिकॉर्ड रखना ब्लैकमेल रोकना गोपनीयता रक्षा तत्काल कार्रवाई अनुरोध । कृपया सलाह देना कि व्यक्ति खिलाफ क्या कानूनी कदम उठाना सकना ।
"फेसबुक पर कोई मुझे बार-बार अनुचित संदेश और टिप्पणियाँ भेज रहा है। यह उत्पीड़न 2 अगस्त को शुरू हुआ और हाल ही में इसकी आवृत्ति में वृद्धि हुई है। उस व्यक्ति ने मेरे सार्वजनिक पोस्ट पर भी अश्लील टिप्पणी की है.' मैंने उन्हें समझाने की कोशिश की, लेकिन उन्होंने और भी अश्लील संदेश जारी रखे। उन्होंने मेरे दोस्तों और परिवार को भी शर्मनाक और झूठे पोस्ट में टैग किया। मैं बेहद परेशान हूं और अब शांति से सोशल मीडिया का इस्तेमाल नहीं कर पा रहा हूं।' मेरा अनुरोध है कि खाते का पता लगाया जाए और उचित कार्रवाई की जाए। मैं अपनी शिकायत के समर्थन में आवश्यक स्क्रीनशॉट संलग्न कर रहा हूं।",साइबर उत्पीड़न,फेसबुक कोई बार बार अनुचित संदेश टिप्पणी भेजना रहना । उत्पीडन अगस्त शुरू होना हाल ही आवृत्ति वृद्धि होना । व्यक्ति ने सार्वजनिक पोस्ट अश्लील टिप्पणी समझाना कोशिश लेकिन अश्लील संदेश जारी रखना । दोस्त परिवार शर्मनाक झूठा पोस्ट टैग । बेहद परेशान अब शान्ति सोशल मीडिया इस्तेमाल नहीं पाना रहना । अनुरोध कि खाता पता लगाना जाना उचित कार्रवाई जाना । अपना शिकायत समर्थन आवश्यक स्क्रीनशॉट संलग्न रहना ।
"यह नागपुर शहर के इलाके में मेरे दोपहिया वाहन से जुड़ी चोरी की घटना की रिपोर्ट करने के लिए है। यह तब हुआ जब मैं बाजार से वापस आ रहा था, जब मैं थोड़ी देर के लिए वहां से हट गया था। वापस लौटने पर मुझे पता चला कि मेरा सामान कोई अज्ञात व्यक्ति ले गया है। अनुमानित नुकसान लगभग रु. 2,50,000, जो मेरे लिए एक महत्वपूर्ण राशि है। आसपास कुछ लोग भी थे, लेकिन किसी को चोरी होने का पता नहीं चला। मैंने आस-पास की दुकानों और निवासियों से जांच की है, लेकिन अभी तक कोई सुराग नहीं मिला है। मेरा अनुरोध है कि जल्द से जल्द मामला दर्ज किया जाए और जांच की जाए।' मैं जांच प्रक्रिया में पूरा सहयोग करने को तैयार हूं।'",चोरी,नागपुर शहर इलाका दोपहिया वाहन जुड़ना चोरी घटना रिपोर्ट । तब होना जब बाजार वापस आना रहना जब थोड़ा देर वहाँ हटना जाना । वापस लौटना पता चलना कि सामान कोई अज्ञात व्यक्ति लेना जाना । अनुमानित नुकसान लगभग रु जो महत्वपूर्ण राशि । आसपास कुछ लोग लेकिन कोई चोरी होना पता नहीं चलना । आस पास दुकान निवासी जांच लेकिन अभी कोई सुराग नहीं मिलना । अनुरोध कि जल्द जल्द मामला दर्ज जाना जांच जाना । जांच प्रक्रिया पूरा सहयोग तैयार ।
मैं घर में लगातार घरेलू दुर्व्यवहार के लिए अपने पति के खिलाफ यह शिकायत दर्ज करा रही हूं। पिछले महीने की 10 तारीख से मुझे शारीरिक उत्पीड़न और उत्पीड़न का शिकार होना पड़ रहा है। मुझे बुनियादी ज़रूरतों से भी वंचित कर दिया जाता है और बिना कारण घर तक सीमित कर दिया जाता है। जब भी मैं बोलने की कोशिश करता हूं तो बार-बार हिंसा की धमकियां मिलती रहती हैं। मेरे रिश्तेदार स्थिति से अवगत हैं और दुर्व्यवहार की गवाही दे सकते हैं। मुझे अपनी सुरक्षा और मेरे साथ रहने वाले मेरे बच्चों की सुरक्षा का डर है। मैं कानून के तहत तत्काल सुरक्षा और उचित कानूनी कार्रवाई का अनुरोध करता हूं। कृपया मेरी स्थिति के लिए उपलब्ध आश्रय और कानूनी सहायता के संबंध में मेरा मार्गदर्शन करें।,घरेलू हिंसा,घर लगातार घरेलू दुर्व्यवहार अपना पति खिलाफ शिकायत दर्ज रहना । पिछला महीना तारीख शारीरिक उत्पीडन उत्पीडन शिकार होना पड़ना रहना । बुनियादी ज़रूरत वंचित देना जाना बिना कारण घर सीमित देना जाना । जब बोलना कोशिश बार बार हिंसा धमकी मिलना रहना । रिश्तेदार स्थिति अवगत दुर्व्यवहार गवाही देना सकना । अपना सुरक्षा साथ रहना वाला बच्चा सुरक्षा डर । कानून तहत तत्काल सुरक्षा उचित कानूनी कार्रवाई अनुरोध । कृपया स्थिति उपलब्ध आश्रय कानूनी सहायता संबंध मार्गदर्शन ।
"मैं कैंप क्षेत्र में पास के एक दुकानदार द्वारा लगातार किए जा रहे उत्पीड़न की रिपोर्ट करना चाहती हूं। यह इस महीने की 3 तारीख को शुरू हुआ और तब से बंद नहीं हुआ है। पास का एक दुकानदार दूसरों के सामने मेरे बारे में अपमानजनक टिप्पणियाँ करता रहता है। पिछले हफ्ते इस शख्स ने मेरे घर के पास फिर मेरे साथ बदतमीजी की. मैंने उनसे विनम्रतापूर्वक रुकने के लिए कहा, लेकिन वे मुझे परेशान करते रहे। इससे मेरी मानसिक शांति प्रभावित हो रही है और मुझे अकेले बाहर निकलने में डर लगता है।' मैं पुलिस से जिम्मेदार व्यक्ति के खिलाफ सख्त कार्रवाई करने का अनुरोध करता हूं।' मैं जांच के लिए आवश्यक कोई भी अतिरिक्त विवरण प्रदान करने के लिए तैयार हूं।",उत्पीड़न,कैंप क्षेत्र पास दुकानदार लगातार जाना रहना उत्पीडन रिपोर्ट चाहना । महीना तारीख शुरू होना तब बंद नहीं होना । पास दुकानदार दूसरा सामने बारे अपमानजनक टिप्पणी रहना । पिछला हफ्ता शख्स ने घर पास फिर साथ बदतमीजी विनम्रतापूर्वक रुकना कहना लेकिन परेशान रहना । मानसिक शान्ति प्रभावित होना रहना अकेला बाहर निकलना डर लगना । पुलिस जिम्मेदार व्यक्ति खिलाफ सख्त कार्रवाई अनुरोध । जांच आवश्यक कोई अतिरिक्त विवरण प्रदान तैयार ।
"मैं रिपोर्ट करना चाहती हूं कि इंस्टाग्राम के जरिए मुझे ऑनलाइन परेशान किया जा रहा है। एक अज्ञात उपयोगकर्ता इस महीने की 3 तारीख से मुझे अपमानजनक और धमकी भरे संदेश भेज रहा है। उन्होंने मेरी सहमति के बिना मेरी तस्वीरों का उपयोग करके एक फर्जी प्रोफ़ाइल भी बनाई है। यह व्यक्ति मेरे दोस्तों और रिश्तेदारों को मेरे बारे में आपत्तिजनक सामग्री वाले संदेश भेज रहा है। मैंने खाते को ब्लॉक करने का प्रयास किया है, लेकिन नए नकली खाते सामने आते रहते हैं। इस ऑनलाइन उत्पीड़न के कारण मुझे बहुत तनाव और शर्मिंदगी उठानी पड़ रही है। मैं साइबर क्राइम सेल से अनुरोध करता हूं कि खाते का पता लगाया जाए और सख्त कार्रवाई की जाए। मैं उत्पीड़न के सबूत के रूप में स्क्रीनशॉट और चैट इतिहास साझा कर सकता हूं।",साइबर उत्पीड़न,रिपोर्ट चाहना कि इंस्टाग्राम जरिये ऑनलाइन परेशान जाना रहना । अज्ञात उपयोगकर्ता महीना तारीख अपमानजनक धमकी भरना संदेश भेजना रहना । सहमति बिना तस्वीर उपयोग फर्जी प्रोफाइल बनाना । व्यक्ति दोस्त रिश्तेदार बारे आपत्तिजनक सामग्री वाला संदेश भेजना रहना । खाता ब्लॉक प्रयास लेकिन नया नकली खाता सामने आना रहना । ऑनलाइन उत्पीडन कारण बहुत तनाव शर्मिंदगी उठाना पड़ना रहना । साइबर क्राइम सेल अनुरोध कि खाता पता लगाना जाना सख्त कार्रवाई जाना । उत्पीडन सबूत रूप स्क्रीनशॉट चैट इतिहास साझा सकना ।
"मैं ठाणे में शोर और उपद्रव के संबंध में एक सामान्य सुरक्षा शिकायत दर्ज करना चाहता हूं। पिछले एक महीने से, पास का एक प्रतिष्ठान अनुमत समय से अधिक जोर-शोर से काम कर रहा है। इससे आस-पड़ोस की शांति भंग हो गई है, विशेषकर बुजुर्ग निवासियों और बच्चों के लिए। मालिकों से शोर कम करने के बार-बार अनुरोध को नजरअंदाज कर दिया गया है। सप्ताहांत पर स्थिति और भी गंभीर हो जाती है जब अशांति देर रात तक जारी रहती है। इस मुद्दे को स्थानीय अधिकारियों के सामने उठाने के लिए कई पड़ोसी एकजुट हुए हैं। मैं यह सुनिश्चित करने के लिए आवश्यक कार्रवाई का अनुरोध करता हूं कि शोर के स्तर को नियंत्रण में लाया जाए। कृपया निवासियों की भलाई के लिए इस मामले पर जल्द से जल्द ध्यान दें।",अन्य,ठाणे शोर उपद्रव संबंध सामान्य सुरक्षा शिकायत दर्ज चाहना । पिछला महीना पास प्रतिष्ठान अनुमत समय अधिक जोर शोर काम रहना । आस पडोस शान्ति भंग होना जाना विशेषकर बुजुर्ग निवासी बच्चा । मालिक शोर कम बार बार अनुरोध नजरअंदाज देना जाना । सप्ताहांत स्थिति गंभीर होना जाना जब अशान्ति देर रात जारी रहना । मुद्दा स्थानीय अधिकारी सामने उठाना कई पड़ोसी एकजुट होना । सुनिश्चित आवश्यक कार्रवाई अनुरोध कि शोर स्तर नियंत्रण लाना जाना । कृपया निवासी भलाई मामला जल्द जल्द ध्यान देना ।
"एक व्यक्ति, जिसकी पहचान मेरे पूर्व-साथी के रूप में की गई है, 2 अगस्त से मेरा पीछा कर रहा है। मेरी शाम की सैर के दौरान वे मेरे कॉलेज के गेट के पास खड़े होकर मुझे देखते दिखे। मेरे कई बार मना करने के बाद भी वे बार-बार मुझसे बात करने की कोशिश करते हैं। मेरे दोस्तों ने भी देखा है कि यह व्यक्ति अलग-अलग दिनों में मेरा पीछा कर रहा है। ऐसा लगता है कि यह व्यक्ति मेरी दिनचर्या जानता है, जो बहुत चिंताजनक है। मुझे डर है कि अगर इसे नहीं रोका गया तो यह और भी खतरनाक रूप ले सकता है। मेरा अनुरोध है कि इस व्यक्ति के खिलाफ तुरंत सख्त कार्रवाई की जाए।' कृपया मेरी सुरक्षा सुनिश्चित करने के लिए अगले कदमों पर मेरा मार्गदर्शन करें।",स्टॉकिंग,व्यक्ति जो पहचान पूर्व साथी रूप जाना अगस्त पीछा रहना । शाम सैर दौरान कॉलेज गेट पास खड़ा होना देखना दिखे।ना कई बार मना बाद बार बार बात कोशिश । दोस्त ने देखना कि व्यक्ति अलग अलग दिन पीछा रहना । ऐसा लगना कि व्यक्ति दिनचर्या जानना जो बहुत चिंताजनक । डर कि अगर नहीं रोकना जाना खतरनाक रूप लेना सकना । अनुरोध कि व्यक्ति खिलाफ तुरंत सख्त कार्रवाई जाना । कृपया सुरक्षा सुनिश्चित अगला कदम मार्गदर्शन ।
"मैं रिपोर्ट करना चाहता हूं कि मेरा पूर्व साथी एक डेटिंग ऐप का उपयोग करके मुझे ब्लैकमेल कर रहा है। 2 अगस्त से इस व्यक्ति ने मेरी निजी तस्वीरें और जानकारी लीक करने की धमकी दी है। वे रुपये की मांग कर रहे हैं. सामग्री को सार्वजनिक न करने के बदले में 35,000 रु. मैंने सभी चैट वार्तालाप और स्क्रीनशॉट को साक्ष्य के रूप में सहेजा है। मैं साइबर अपराध विभाग से जांच करने और सख्त कार्रवाई करने का अनुरोध करता हूं।' मैं यह सुनिश्चित करने के लिए पूरा सहयोग करने को तैयार हूं कि इस व्यक्ति को जवाबदेह ठहराया जाए।",ब्लैकमेल,रिपोर्ट चाहना कि पूर्व साथी डेटिंग ऐप उपयोग ब्लैकमेल रहना । अगस्त व्यक्ति ने निजी तस्वीर जानकारी लीक धमकी देना । रुपया मांग रहना सामग्री सार्वजनिक न बदले रु सभी चैट वार्तालाप स्क्रीनशॉट साक्ष्य रूप सहेजना । साइबर अपराध विभाग जांच सख्त कार्रवाई अनुरोध । सुनिश्चित पूरा सहयोग तैयार कि व्यक्ति जवाबदेह ठहराना जाना ।
"मैं कोथरुड में अपने पूर्व साथी से लगातार हो रहे उत्पीड़न की रिपोर्ट करना चाहती हूं। यह 22 जून को शुरू हुआ और तब से बंद नहीं हुआ है। मेरा पूर्व-साथी दूसरों के सामने मेरे बारे में अपमानजनक टिप्पणियाँ करता रहता है। शाम की सैर के दौरान मेरे घर के पास इस शख्स ने फिर मेरे साथ बदसलूकी की. मैंने उनसे विनम्रतापूर्वक रुकने के लिए कहा, लेकिन वे मुझे परेशान करते रहे। इससे मेरी मानसिक शांति प्रभावित हो रही है और मुझे अकेले बाहर निकलने में डर लगता है।' मैं पुलिस से जिम्मेदार व्यक्ति के खिलाफ सख्त कार्रवाई करने का अनुरोध करता हूं।' मैं जांच के लिए आवश्यक कोई भी अतिरिक्त विवरण प्रदान करने के लिए तैयार हूं।",उत्पीड़न,कोथरुड अपना पूर्व साथी लगातार होना रहना उत्पीडन रिपोर्ट चाहना । जून शुरू होना तब बंद नहीं होना । पूर्व साथी दूसरा सामने बारे अपमानजनक टिप्पणी रहना । शाम सैर दौरान घर पास शख्स ने फिर साथ बदसलूकी विनम्रतापूर्वक रुकना कहना लेकिन परेशान रहना । मानसिक शान्ति प्रभावित होना रहना अकेला बाहर निकलना डर लगना । पुलिस जिम्मेदार व्यक्ति खिलाफ सख्त कार्रवाई अनुरोध । जांच आवश्यक कोई अतिरिक्त विवरण प्रदान तैयार ।
"मैं दादर में अपने पूर्व पति से लगातार मिल रहे उत्पीड़न के बारे में रिपोर्ट करना चाहती हूं। यह इस महीने की 3 तारीख को शुरू हुआ और तब से बंद नहीं हुआ है। मेरे पूर्व पति दूसरों के सामने मेरे बारे में अपमानजनक टिप्पणियाँ करते रहते हैं। शाम की सैर के दौरान मेरे घर के पास इस शख्स ने फिर मेरे साथ बदसलूकी की. मैंने उनसे विनम्रतापूर्वक रुकने के लिए कहा, लेकिन वे मुझे परेशान करते रहे। इससे मेरी मानसिक शांति प्रभावित हो रही है और मुझे अकेले बाहर निकलने में डर लगता है।' मैं पुलिस से जिम्मेदार व्यक्ति के खिलाफ सख्त कार्रवाई करने का अनुरोध करता हूं।' मैं जांच के लिए आवश्यक कोई भी अतिरिक्त विवरण प्रदान करने के लिए तैयार हूं।",उत्पीड़न,दादर अपना पूर्व पति लगातार मिलना रहना उत्पीडन बारे रिपोर्ट चाहना । महीना तारीख शुरू होना तब बंद नहीं होना । पूर्व पति दूसरा सामने बारे अपमानजनक टिप्पणी रहना । शाम सैर दौरान घर पास शख्स ने फिर साथ बदसलूकी विनम्रतापूर्वक रुकना कहना लेकिन परेशान रहना । मानसिक शान्ति प्रभावित होना रहना अकेला बाहर निकलना डर लगना । पुलिस जिम्मेदार व्यक्ति खिलाफ सख्त कार्रवाई अनुरोध । जांच आवश्यक कोई अतिरिक्त विवरण प्रदान तैयार ।
"मैं कैंप क्षेत्र में टूटी हुई स्ट्रीट लाइट और क्षतिग्रस्त फुटपाथ की रिपोर्ट करना चाहता हूं, जिससे सुरक्षा संबंधी समस्याएं हो रही हैं। बिना किसी मरम्मत कार्य के यह समस्या 2 अगस्त से बनी हुई है। इस इलाके में बुजुर्गों और बच्चों को सुरक्षित चलने में काफी दिक्कत होती है। बारिश के दौरान इलाके में पानी भर जाता है, जिससे गिरने का खतरा बढ़ जाता है। यहां लोगों के फिसलने और घायल होने की कुछ घटनाएं हो चुकी हैं। मैं अन्य निवासियों के साथ इस सार्वजनिक बुनियादी ढांचे की तत्काल मरम्मत का अनुरोध करता हूं। इससे रोजाना गुजरने वाले राहगीरों और वाहनों को लगातार खतरा बना हुआ है। मैं इस मामले को सुलझाने के लिए नगर निगम अधिकारियों से त्वरित कार्रवाई का अनुरोध करता हूं।",सार्वजनिक सुरक्षा,कैंप क्षेत्र टूटी होना स्ट्रीट लाइट क्षतिग्रस्त फुटपाथ रिपोर्ट चाहना जो सुरक्षा संबंधी समस्या होना रहना । बिना कोई मरम्मत कार्य समस्या अगस्त बनना होना । इलाका बुजुर्ग बच्चा सुरक्षित चलना काफी दिक्कत होना । बारिश दौरान इलाका पानी भरना जाना जो गिरना खतरा बढ़ना जाना । यहाँ लोग फिसलना घायल होना कुछ घटना होना चुकना । अन्य निवासी साथ सार्वजनिक बुनियादी ढांचा तत्काल मरम्मत अनुरोध । रोजाना गुजरना वाला राहगीर वाहन लगातार खतरा बनना होना । मामला सुलझाना नगर निगम अधिकारी त्वरित कार्रवाई अनुरोध ।
"मैं नागपुर शहर में टूटी हुई स्ट्रीट लाइट और क्षतिग्रस्त फुटपाथ की रिपोर्ट करना चाहता हूं जिससे सुरक्षा संबंधी समस्याएं पैदा हो रही हैं। बिना किसी मरम्मत कार्य के यह समस्या 15 जुलाई से बनी हुई है। इस इलाके में बुजुर्गों और बच्चों को सुरक्षित चलने में काफी दिक्कत होती है। बारिश के दौरान इलाके में पानी भर जाता है, जिससे गिरने का खतरा बढ़ जाता है। यहां लोगों के फिसलने और घायल होने की कुछ घटनाएं हो चुकी हैं। मैं अन्य निवासियों के साथ इस सार्वजनिक बुनियादी ढांचे की तत्काल मरम्मत का अनुरोध करता हूं। इससे रोजाना गुजरने वाले राहगीरों और वाहनों को लगातार खतरा बना हुआ है। मैं इस मामले को सुलझाने के लिए नगर निगम अधिकारियों से त्वरित कार्रवाई का अनुरोध करता हूं।",सार्वजनिक सुरक्षा,नागपुर शहर टूटी होना स्ट्रीट लाइट क्षतिग्रस्त फुटपाथ रिपोर्ट चाहना जो सुरक्षा संबंधी समस्या पैदा होना रहना । बिना कोई मरम्मत कार्य समस्या जुलाई बनना होना । इलाका बुजुर्ग बच्चा सुरक्षित चलना काफी दिक्कत होना । बारिश दौरान इलाका पानी भरना जाना जो गिरना खतरा बढ़ना जाना । यहाँ लोग फिसलना घायल होना कुछ घटना होना चुकना । अन्य निवासी साथ सार्वजनिक बुनियादी ढांचा तत्काल मरम्मत अनुरोध । रोजाना गुजरना वाला राहगीर वाहन लगातार खतरा बनना होना । मामला सुलझाना नगर निगम अधिकारी त्वरित कार्रवाई अनुरोध ।
"एक व्यक्ति, जिसकी पहचान मेरे जीजा के रूप में हुई है, पिछले महीने की 10 तारीख से मेरा पीछा कर रहा है। लगभग आधी रात को वे मेरे कॉलेज के गेट के पास खड़े होकर मुझे देखते दिखे। मेरे कई बार मना करने के बाद भी वे बार-बार मुझसे बात करने की कोशिश करते हैं। मेरे दोस्तों ने भी देखा है कि यह व्यक्ति अलग-अलग दिनों में मेरा पीछा कर रहा है। ऐसा लगता है कि यह व्यक्ति मेरी दिनचर्या जानता है, जो बहुत चिंताजनक है। मुझे डर है कि अगर इसे नहीं रोका गया तो यह और भी खतरनाक रूप ले सकता है। मेरा अनुरोध है कि इस व्यक्ति के खिलाफ तुरंत सख्त कार्रवाई की जाए।' कृपया मेरी सुरक्षा सुनिश्चित करने के लिए अगले कदमों पर मेरा मार्गदर्शन करें।",स्टॉकिंग,व्यक्ति जो पहचान जीजा रूप होना पिछला महीना तारीख पीछा रहना । लगभग आधा रात कॉलेज गेट पास खड़ा होना देखना दिखे।ना कई बार मना बाद बार बार बात कोशिश । दोस्त ने देखना कि व्यक्ति अलग अलग दिन पीछा रहना । ऐसा लगना कि व्यक्ति दिनचर्या जानना जो बहुत चिंताजनक । डर कि अगर नहीं रोकना जाना खतरनाक रूप लेना सकना । अनुरोध कि व्यक्ति खिलाफ तुरंत सख्त कार्रवाई जाना । कृपया सुरक्षा सुनिश्चित अगला कदम मार्गदर्शन ।
"मैं बोरीवली में रहने वाले एक अज्ञात व्यक्ति द्वारा मुझे दी गई धमकियों के संबंध में शिकायत दर्ज करा रहा हूं। धमकियां 15 जुलाई को हमारे बीच मामूली विवाद के बाद शुरू हुईं। उन्होंने मुझे बोलने पर हमला करने और मेरी संपत्ति को नुकसान पहुंचाने की धमकी दी है। इससे मेरे और मेरे परिवार के सदस्यों में काफी डर और चिंता पैदा हो गई है। मैंने किसी भी टकराव से परहेज किया है, लेकिन धमकियां इसकी परवाह किए बिना जारी हैं। इलाके के पड़ोसियों को भी तनाव की जानकारी है और वे इसकी पुष्टि कर सकते हैं. मेरा अनुरोध है कि मेरी सुरक्षा सुनिश्चित करने के लिए उचित कानूनी कार्रवाई की जाए। धमकियों की गंभीर प्रकृति को देखते हुए कृपया इस मामले पर तत्परता से विचार करें।",धमकी,बोरीवली रहना वाला अज्ञात व्यक्ति देना जाना धमकी संबंध शिकायत दर्ज रहना । धमकी जुलाई बीच मामूली विवाद बाद शुरू होना । बोलना हमला संपत्ति नुकसान पहुंचाना धमकी देना । परिवार सदस्य काफी डर चिंता पैदा होना जाना । कोई टकराव परहेज लेकिन धमकी परवाह बिना जारी । इलाका पड़ोसी तनाव जानकारी पुष्टि सकना अनुरोध कि सुरक्षा सुनिश्चित उचित कानूनी कार्रवाई जाना धमकी गंभीर प्रकृति देखना होना कृपया मामला तत्परता विचार ।
"मैं सदर बाज़ार में देखी गई एक संदिग्ध गतिविधि की रिपोर्ट करना चाहता हूँ। पिछले दो सप्ताह से, अज्ञात व्यक्ति अजीब समय पर परित्यक्त इमारत के पास इकट्ठा हो रहे हैं। निवासियों को संदेह है कि रात में वहां कुछ अवैध गतिविधि हो सकती है। उस स्थान से तेज़ आवाज़ें और कभी-कभार बहसें सुनाई देती रही हैं। इससे आसपास रहने वाले परिवारों में सुरक्षा संबंधी चिंताएं बढ़ गई हैं। स्थानीय वार्ड कार्यालय को सूचित करने के बावजूद कोई आधिकारिक कार्रवाई नहीं की गई है। मैं अधिकारियों से इस मामले की जांच करने और निवासियों की सुरक्षा सुनिश्चित करने का अनुरोध करता हूं। यदि आवश्यक हुआ तो मैं अधिक विवरण प्रदान करने या अधिकारियों के साथ जाने को तैयार हूं।",अन्य,सदर बाजार देखना जाना संदिग्ध गतिविधि रिपोर्ट चाहना । पिछला दो सप्ताह अज्ञात व्यक्ति अजीब समय परित्यक्त इमारत पास इकट्ठा होना रहना । निवासी संदेह कि रात वहाँ कुछ अवैध गतिविधि होना सकना । स्थान तेज आवाज कभी कभार बहस सुनाना देना रहना । आसपास रहना वाला परिवार सुरक्षा संबंधी चिंता बढ़ना जाना । स्थानीय वार्ड कार्यालय सूचित बावजूद कोई आधिकारिक कार्रवाई नहीं जाना । अधिकारी मामला जांच निवासी सुरक्षा सुनिश्चित अनुरोध । यदि आवश्यक होना अधिक विवरण प्रदान अधिकारी साथ जाना तैयार ।
"मैं कोथरुड में टूटी हुई स्ट्रीट लाइट और क्षतिग्रस्त फुटपाथ की रिपोर्ट करना चाहता हूं जिससे सुरक्षा संबंधी समस्याएं पैदा हो रही हैं। यह समस्या कुछ दिनों से बिना किसी मरम्मत कार्य के बनी हुई है। इस इलाके में बुजुर्गों और बच्चों को सुरक्षित चलने में काफी दिक्कत होती है। बारिश के दौरान इलाके में पानी भर जाता है, जिससे गिरने का खतरा बढ़ जाता है। यहां लोगों के फिसलने और घायल होने की कुछ घटनाएं हो चुकी हैं। मैं अन्य निवासियों के साथ इस सार्वजनिक बुनियादी ढांचे की तत्काल मरम्मत का अनुरोध करता हूं। इससे रोजाना गुजरने वाले राहगीरों और वाहनों को लगातार खतरा बना हुआ है। मैं इस मामले को सुलझाने के लिए नगर निगम अधिकारियों से त्वरित कार्रवाई का अनुरोध करता हूं।",सार्वजनिक सुरक्षा,कोथरुड टूटी होना स्ट्रीट लाइट क्षतिग्रस्त फुटपाथ रिपोर्ट चाहना जो सुरक्षा संबंधी समस्या पैदा होना रहना । समस्या कुछ दिन बिना कोई मरम्मत कार्य बनना होना । इलाका बुजुर्ग बच्चा सुरक्षित चलना काफी दिक्कत होना । बारिश दौरान इलाका पानी भरना जाना जो गिरना खतरा बढ़ना जाना । यहाँ लोग फिसलना घायल होना कुछ घटना होना चुकना । अन्य निवासी साथ सार्वजनिक बुनियादी ढांचा तत्काल मरम्मत अनुरोध । रोजाना गुजरना वाला राहगीर वाहन लगातार खतरा बनना होना । मामला सुलझाना नगर निगम अधिकारी त्वरित कार्रवाई अनुरोध ।
"एक व्यक्ति, जिसकी पहचान मेरे पूर्व-साथी के रूप में की गई है, पिछले महीने की 10 तारीख से मेरा पीछा कर रहा है। पिछले हफ्ते, वे मेरे कॉलेज के गेट के पास खड़े होकर मुझे देखते हुए देखे गए थे। मेरे कई बार मना करने के बाद भी वे बार-बार मुझसे बात करने की कोशिश करते हैं। मेरे दोस्तों ने भी देखा है कि यह व्यक्ति अलग-अलग दिनों में मेरा पीछा कर रहा है। ऐसा लगता है कि यह व्यक्ति मेरी दिनचर्या जानता है, जो बहुत चिंताजनक है। मुझे डर है कि अगर इसे नहीं रोका गया तो यह और भी खतरनाक रूप ले सकता है। मेरा अनुरोध है कि इस व्यक्ति के खिलाफ तुरंत सख्त कार्रवाई की जाए।' कृपया मेरी सुरक्षा सुनिश्चित करने के लिए अगले कदमों पर मेरा मार्गदर्शन करें।",स्टॉकिंग,व्यक्ति जो पहचान पूर्व साथी रूप जाना पिछला महीना तारीख पीछा रहना । पिछला हफ्ता कॉलेज गेट पास खड़ा होना देखना होना देखना जाना । कई बार मना बाद बार बार बात कोशिश । दोस्त ने देखना कि व्यक्ति अलग अलग दिन पीछा रहना । ऐसा लगना कि व्यक्ति दिनचर्या जानना जो बहुत चिंताजनक । डर कि अगर नहीं रोकना जाना खतरनाक रूप लेना सकना । अनुरोध कि व्यक्ति खिलाफ तुरंत सख्त कार्रवाई जाना । कृपया सुरक्षा सुनिश्चित अगला कदम मार्गदर्शन ।
"मैं अपने दोपहिया वाहन की खराड़ी में हुई चोरी की रिपोर्ट दर्ज कराना चाहता हूं। यह घटना आज सुबह मुख्य बाजार क्षेत्र के पास हुई। जब मुझे एहसास हुआ कि यह गायब है, तो मैंने तुरंत आसपास की जाँच की लेकिन कुछ नहीं मिला। मुझे संदेह है कि इसे किसी ऐसे व्यक्ति ने चुराया है जो कुछ समय से मेरा पीछा कर रहा था। चोरी गए सामान की अनुमानित कीमत करीब तीन लाख रुपये है। 12,000. मैंने स्थानीय दुकानदारों को पहले ही सूचित कर दिया है कि उन्हें कुछ भी असामान्य दिखे। मैं पुलिस से मामले की जांच करने और मेरा सामान बरामद करने में मदद करने का अनुरोध करता हूं। यदि उपलब्ध हो तो मैं कोई भी अतिरिक्त विवरण या सीसीटीवी फुटेज स्थान प्रदान करने के लिए तैयार हूं।",चोरी,अपना दोपहिया वाहन खराडी होना चोरी रिपोर्ट दर्ज कराना चाहना । घटना आज सुबह मुख्य बाजार क्षेत्र पास होना । जब एहसास होना कि गायब तुरंत आसपास जाँच लेकिन कुछ नहीं मिलना । संदेह कि कोई ऐसा व्यक्ति ने चुराना जो कुछ समय पीछा रहना । चोरी जाना सामान अनुमानित कीमत करीब तीन लाख रुपया । स्थानीय दुकानदार पहले ही सूचित देना कि कुछ असामान्य दिखना । पुलिस मामला जांच सामान बरामद मदद अनुरोध । यदि उपलब्ध होना कोई अतिरिक्त विवरण सीसीटीवी फुटेज स्थान प्रदान तैयार ।
"मैं ठाणे में देखी गई एक संदिग्ध गतिविधि की रिपोर्ट करना चाहता हूं। 18 तारीख के बाद से, अज्ञात व्यक्ति अजीब समय पर परित्यक्त इमारत के पास इकट्ठा हो रहे हैं। निवासियों को संदेह है कि रात में वहां कुछ अवैध गतिविधि हो सकती है। उस स्थान से तेज़ आवाज़ें और कभी-कभार बहसें सुनाई देती रही हैं। इससे आसपास रहने वाले परिवारों में सुरक्षा संबंधी चिंताएं बढ़ गई हैं। स्थानीय वार्ड कार्यालय को सूचित करने के बावजूद कोई आधिकारिक कार्रवाई नहीं की गई है। मैं अधिकारियों से इस मामले की जांच करने और निवासियों की सुरक्षा सुनिश्चित करने का अनुरोध करता हूं। यदि आवश्यक हुआ तो मैं अधिक विवरण प्रदान करने या अधिकारियों के साथ जाने को तैयार हूं।",अन्य,ठाणे देखना जाना संदिग्ध गतिविधि रिपोर्ट चाहना । तारीख बाद अज्ञात व्यक्ति अजीब समय परित्यक्त इमारत पास इकट्ठा होना रहना । निवासी संदेह कि रात वहाँ कुछ अवैध गतिविधि होना सकना । स्थान तेज आवाज कभी कभार बहस सुनाना देना रहना । आसपास रहना वाला परिवार सुरक्षा संबंधी चिंता बढ़ना जाना । स्थानीय वार्ड कार्यालय सूचित बावजूद कोई आधिकारिक कार्रवाई नहीं जाना । अधिकारी मामला जांच निवासी सुरक्षा सुनिश्चित अनुरोध । यदि आवश्यक होना अधिक विवरण प्रदान अधिकारी साथ जाना तैयार ।
"मैं खराडी में शोर और उपद्रव के संबंध में एक सामान्य सुरक्षा शिकायत दर्ज करना चाहता हूं। 15 जुलाई से, पास का एक प्रतिष्ठान अनुमत समय से अधिक जोर-शोर से काम कर रहा है। इससे आस-पड़ोस की शांति भंग हो गई है, विशेषकर बुजुर्ग निवासियों और बच्चों के लिए। मालिकों से शोर कम करने के बार-बार अनुरोध को नजरअंदाज कर दिया गया है। सप्ताहांत पर स्थिति और भी गंभीर हो जाती है जब अशांति देर रात तक जारी रहती है। इस मुद्दे को स्थानीय अधिकारियों के सामने उठाने के लिए कई पड़ोसी एकजुट हुए हैं। मैं यह सुनिश्चित करने के लिए आवश्यक कार्रवाई का अनुरोध करता हूं कि शोर के स्तर को नियंत्रण में लाया जाए। कृपया निवासियों की भलाई के लिए इस मामले पर जल्द से जल्द ध्यान दें।",अन्य,खराडी शोर उपद्रव संबंध सामान्य सुरक्षा शिकायत दर्ज चाहना । जुलाई पास प्रतिष्ठान अनुमत समय अधिक जोर शोर काम रहना । आस पडोस शान्ति भंग होना जाना विशेषकर बुजुर्ग निवासी बच्चा । मालिक शोर कम बार बार अनुरोध नजरअंदाज देना जाना । सप्ताहांत स्थिति गंभीर होना जाना जब अशान्ति देर रात जारी रहना । मुद्दा स्थानीय अधिकारी सामने उठाना कई पड़ोसी एकजुट होना । सुनिश्चित आवश्यक कार्रवाई अनुरोध कि शोर स्तर नियंत्रण लाना जाना । कृपया निवासी भलाई मामला जल्द जल्द ध्यान देना ।
"मैं रिपोर्ट करना चाहता हूं कि मेरा पड़ोसी एक अज्ञात फोन नंबर का उपयोग करके मुझे ब्लैकमेल कर रहा है। पिछले शुक्रवार से इस व्यक्ति ने मेरी निजी तस्वीरें और जानकारी लीक करने की धमकी दी है। वे रुपये की मांग कर रहे हैं. सामग्री को सार्वजनिक न करने के बदले में 12,000 रु. मैंने पैसे देने से इनकार कर दिया है, जिसके बाद धमकियां और भी बढ़ गई हैं. इस ब्लैकमेल से मुझे गंभीर मानसिक तनाव और सामाजिक शर्मिंदगी का डर सता रहा है। मैंने सभी चैट वार्तालाप और स्क्रीनशॉट को साक्ष्य के रूप में सहेजा है। मैं साइबर अपराध विभाग से जांच करने और सख्त कार्रवाई करने का अनुरोध करता हूं।' मैं यह सुनिश्चित करने के लिए पूरा सहयोग करने को तैयार हूं कि इस व्यक्ति को जवाबदेह ठहराया जाए।",ब्लैकमेल,रिपोर्ट चाहना कि पड़ोसी अज्ञात फोन नंबर उपयोग ब्लैकमेल रहना । पिछला शुक्रवार व्यक्ति ने निजी तस्वीर जानकारी लीक धमकी देना । रुपया मांग रहना सामग्री सार्वजनिक न बदले रु पैसा देना इनकार देना जो बाद धमकी बढ़ना जाना ब्लैकमेल गंभीर मानसिक तनाव सामाजिक शर्मिंदगी डर सताना रहना । सभी चैट वार्तालाप स्क्रीनशॉट साक्ष्य रूप सहेजना । साइबर अपराध विभाग जांच सख्त कार्रवाई अनुरोध । सुनिश्चित पूरा सहयोग तैयार कि व्यक्ति जवाबदेह ठहराना जाना ।
"मैं बोरीवली में रहने वाले अपने पति द्वारा मुझे दी गई धमकियों के संबंध में शिकायत दर्ज करा रही हूं। पिछले महीने की 10 तारीख को हमारे बीच मामूली विवाद के बाद धमकियां मिलनी शुरू हुईं। उन्होंने मुझे बोलने पर हमला करने और मेरी संपत्ति को नुकसान पहुंचाने की धमकी दी है। इससे मेरे और मेरे परिवार के सदस्यों में काफी डर और चिंता पैदा हो गई है। मैंने किसी भी टकराव से परहेज किया है, लेकिन धमकियां इसकी परवाह किए बिना जारी हैं। इलाके के पड़ोसियों को भी तनाव की जानकारी है और वे इसकी पुष्टि कर सकते हैं. मेरा अनुरोध है कि मेरी सुरक्षा सुनिश्चित करने के लिए उचित कानूनी कार्रवाई की जाए। धमकियों की गंभीर प्रकृति को देखते हुए कृपया इस मामले पर तत्परता से विचार करें।",धमकी,बोरीवली रहना वाला अपना पति देना जाना धमकी संबंध शिकायत दर्ज रहना । पिछला महीना तारीख बीच मामूली विवाद बाद धमकी मिलना शुरू होना । बोलना हमला संपत्ति नुकसान पहुंचाना धमकी देना । परिवार सदस्य काफी डर चिंता पैदा होना जाना । कोई टकराव परहेज लेकिन धमकी परवाह बिना जारी । इलाका पड़ोसी तनाव जानकारी पुष्टि सकना अनुरोध कि सुरक्षा सुनिश्चित उचित कानूनी कार्रवाई जाना धमकी गंभीर प्रकृति देखना होना कृपया मामला तत्परता विचार ।
"एक व्यक्ति, जिसकी पहचान मेरे जीजा के रूप में हुई है, कुछ दिनों से मेरा पीछा कर रहा है। कॉलेज जाते समय वे मेरे कॉलेज के गेट के पास खड़े होकर मुझे देखते दिखे। मेरे कई बार मना करने के बाद भी वे बार-बार मुझसे बात करने की कोशिश करते हैं। मेरे दोस्तों ने भी देखा है कि यह व्यक्ति अलग-अलग दिनों में मेरा पीछा कर रहा है। ऐसा लगता है कि यह व्यक्ति मेरी दिनचर्या जानता है, जो बहुत चिंताजनक है। मुझे डर है कि अगर इसे नहीं रोका गया तो यह और भी खतरनाक रूप ले सकता है। मेरा अनुरोध है कि इस व्यक्ति के खिलाफ तुरंत सख्त कार्रवाई की जाए।' कृपया मेरी सुरक्षा सुनिश्चित करने के लिए अगले कदमों पर मेरा मार्गदर्शन करें।",स्टॉकिंग,व्यक्ति जो पहचान जीजा रूप होना कुछ दिन पीछा रहना । कॉलेज जाना समय कॉलेज गेट पास खड़ा होना देखना दिखे।ना कई बार मना बाद बार बार बात कोशिश । दोस्त ने देखना कि व्यक्ति अलग अलग दिन पीछा रहना । ऐसा लगना कि व्यक्ति दिनचर्या जानना जो बहुत चिंताजनक । डर कि अगर नहीं रोकना जाना खतरनाक रूप लेना सकना । अनुरोध कि व्यक्ति खिलाफ तुरंत सख्त कार्रवाई जाना । कृपया सुरक्षा सुनिश्चित अगला कदम मार्गदर्शन ।
"यह वकाड इलाके में महत्वपूर्ण दस्तावेजों और मेरे बटुए से जुड़ी एक चोरी की घटना की रिपोर्ट करने के लिए है। यह आधी रात के आसपास हुआ, जब मैं थोड़ी देर के लिए वहां से हट गया था। वापस लौटने पर मुझे पता चला कि मेरा सामान कोई अज्ञात व्यक्ति ले गया है। अनुमानित नुकसान लगभग रु. 2,50,000, जो मेरे लिए एक महत्वपूर्ण राशि है। आसपास कुछ लोग भी थे, लेकिन किसी को चोरी होने का पता नहीं चला। मैंने आस-पास की दुकानों और निवासियों से जांच की है, लेकिन अभी तक कोई सुराग नहीं मिला है। मेरा अनुरोध है कि जल्द से जल्द मामला दर्ज किया जाए और जांच की जाए।' मैं जांच प्रक्रिया में पूरा सहयोग करने को तैयार हूं।'",चोरी,वकाड इलाका महत्वपूर्ण दस्तावेज बटुया जुड़ना चोरी घटना रिपोर्ट । आधा रात आसपास होना जब थोड़ा देर वहाँ हटना जाना । वापस लौटना पता चलना कि सामान कोई अज्ञात व्यक्ति लेना जाना । अनुमानित नुकसान लगभग रु जो महत्वपूर्ण राशि । आसपास कुछ लोग लेकिन कोई चोरी होना पता नहीं चलना । आस पास दुकान निवासी जांच लेकिन अभी कोई सुराग नहीं मिलना । अनुरोध कि जल्द जल्द मामला दर्ज जाना जांच जाना । जांच प्रक्रिया पूरा सहयोग तैयार ।
"मैं पिंपरी में रहने वाले अपने जीजा द्वारा मुझे दी गई धमकियों के संबंध में शिकायत दर्ज करा रही हूं। धमकियां 22 जून को हमारे बीच एक मामूली विवाद के बाद शुरू हुईं। उन्होंने मुझे बोलने पर हमला करने और मेरी संपत्ति को नुकसान पहुंचाने की धमकी दी है। इससे मेरे और मेरे परिवार के सदस्यों में काफी डर और चिंता पैदा हो गई है। मैंने किसी भी टकराव से परहेज किया है, लेकिन धमकियां इसकी परवाह किए बिना जारी हैं। इलाके के पड़ोसियों को भी तनाव की जानकारी है और वे इसकी पुष्टि कर सकते हैं. मेरा अनुरोध है कि मेरी सुरक्षा सुनिश्चित करने के लिए उचित कानूनी कार्रवाई की जाए। धमकियों की गंभीर प्रकृति को देखते हुए कृपया इस मामले पर तत्परता से विचार करें।",धमकी,पिंपरी रहना वाला अपना जीजा देना जाना धमकी संबंध शिकायत दर्ज रहना । धमकी जून बीच मामूली विवाद बाद शुरू होना । बोलना हमला संपत्ति नुकसान पहुंचाना धमकी देना । परिवार सदस्य काफी डर चिंता पैदा होना जाना । कोई टकराव परहेज लेकिन धमकी परवाह बिना जारी । इलाका पड़ोसी तनाव जानकारी पुष्टि सकना अनुरोध कि सुरक्षा सुनिश्चित उचित कानूनी कार्रवाई जाना धमकी गंभीर प्रकृति देखना होना कृपया मामला तत्परता विचार ।
मैं विले पार्ले में हुई छेड़छाड़ की एक घटना की रिपोर्ट करना चाहता हूं। दो दिन पहले जब मैं पैदल जा रही थी तो बाइक पर सवार दो लोगों ने मुझ पर अश्लील कमेंट किए। उन्होंने सीटियां भी बजाईं और मेरे और मेरे दोस्त की ओर अनुचित इशारे भी किए। जब मैंने उन्हें नज़रअंदाज कर दूर जाने की कोशिश की तो उन्होंने कुछ दूर तक पीछा किया। इस तरह के व्यवहार से मुझे अकेले यात्रा करते समय असुरक्षित महसूस होने लगा है। क्षेत्र की अन्य महिलाओं को भी उसी स्थान पर इसी तरह के उत्पीड़न का सामना करना पड़ा है। मैं ऐसी घटनाओं को रोकने के लिए इस क्षेत्र में पुलिस गश्त बढ़ाने का अनुरोध करता हूं। यदि लाइन-अप या सीसीटीवी समीक्षा की व्यवस्था की जाती है तो मैं व्यक्तियों की पहचान करने के लिए तैयार हूं।,ईव टीज़िंग,विले पार्ले होना छेडछाड घटना रिपोर्ट चाहना । दो दिन पहले जब पैदल जाना रहना बाइक सवार दो लोग ने अश्लील कमेंट । सीटी बजाना दोस्त ओर अनुचित इशारा । जब नजरअंदाज दूर जाना कोशिश कुछ दूर पीछा । तरह व्यवहार अकेला यात्रा समय असुरक्षित महसूस होना लगाना । क्षेत्र अन्य महिला स्थान तरह उत्पीडन सामना पड़ना । ऐसा घटना रोकना क्षेत्र पुलिस गश्त बढ़ाना अनुरोध । यदि लाइन अप सीसीटीवी समीक्षा व्यवस्था जाना व्यक्ति पहचान तैयार ।
"मैं अंधेरी में देखी गई एक संदिग्ध गतिविधि की रिपोर्ट करना चाहता हूं। पिछले महीने की 10 तारीख से, अज्ञात व्यक्ति अजीब समय पर परित्यक्त इमारत के पास इकट्ठा हो रहे हैं। निवासियों को संदेह है कि रात में वहां कुछ अवैध गतिविधि हो सकती है। उस स्थान से तेज़ आवाज़ें और कभी-कभार बहसें सुनाई देती रही हैं। इससे आसपास रहने वाले परिवारों में सुरक्षा संबंधी चिंताएं बढ़ गई हैं। स्थानीय वार्ड कार्यालय को सूचित करने के बावजूद कोई आधिकारिक कार्रवाई नहीं की गई है। मैं अधिकारियों से इस मामले की जांच करने और निवासियों की सुरक्षा सुनिश्चित करने का अनुरोध करता हूं। यदि आवश्यक हुआ तो मैं अधिक विवरण प्रदान करने या अधिकारियों के साथ जाने को तैयार हूं।",अन्य,अंधेरी देखना जाना संदिग्ध गतिविधि रिपोर्ट चाहना । पिछला महीना तारीख अज्ञात व्यक्ति अजीब समय परित्यक्त इमारत पास इकट्ठा होना रहना । निवासी संदेह कि रात वहाँ कुछ अवैध गतिविधि होना सकना । स्थान तेज आवाज कभी कभार बहस सुनाना देना रहना । आसपास रहना वाला परिवार सुरक्षा संबंधी चिंता बढ़ना जाना । स्थानीय वार्ड कार्यालय सूचित बावजूद कोई आधिकारिक कार्रवाई नहीं जाना । अधिकारी मामला जांच निवासी सुरक्षा सुनिश्चित अनुरोध । यदि आवश्यक होना अधिक विवरण प्रदान अधिकारी साथ जाना तैयार ।
मैं नागपुर शहर में पास के एक दुकानदार द्वारा पीछा किए जाने के संबंध में शिकायत दर्ज करना चाहता हूं। इस महीने की 3 तारीख से यह व्यक्ति लगभग हर दिन मेरा पीछा कर रहा है। दो दिन पहले मैंने देखा कि वही व्यक्ति मेरे घर के बाहर फिर इंतज़ार कर रहा है। वे भी मेरे पीछे-पीछे मेरे कार्यस्थल तक आते हैं और गेट के पास इंतजार करते हैं। मैंने देखा है कि एक ही वाहन कई बार मेरे ऑटो-रिक्शा का पीछा कर रहा है। इस निरंतर अनुसरण ने मुझे अपनी सुरक्षा के लिए अत्यधिक चिंतित और भयभीत कर दिया है। मैं पुलिस से जांच करने और इस व्यक्ति को मेरा पीछा करने से रोकने का अनुरोध करता हूं। मैं उस व्यक्ति की पहचान करने और जरूरत पड़ने पर और विवरण प्रदान करने को तैयार हूं।,स्टॉकिंग,नागपुर शहर पास दुकानदार पीछा जाना संबंध शिकायत दर्ज चाहना । महीना तारीख व्यक्ति लगभग हर दिन पीछा रहना । दो दिन पहले देखना कि व्यक्ति घर बाहर फिर इंतजार रहना । पीछे पीछे कार्यस्थल आना गेट पास इंतजार । देखना कि ही वाहन कई बार ऑटो रिक्शा पीछा रहना । निरन्तर अनुसरण ने अपना सुरक्षा अत्यधिक चिंतित भयभीत देना । पुलिस जांच व्यक्ति पीछा रोकना अनुरोध । व्यक्ति पहचान जरूरत पड़ना विवरण प्रदान तैयार ।
"मैं कल्याण में शोर और उपद्रव के संबंध में एक सामान्य सुरक्षा शिकायत दर्ज करना चाहता हूं। कुछ दिन पहले से, पास का एक प्रतिष्ठान अनुमत समय से अधिक जोर-शोर से काम कर रहा है। इससे आस-पड़ोस की शांति भंग हो गई है, विशेषकर बुजुर्ग निवासियों और बच्चों के लिए। मालिकों से शोर कम करने के बार-बार अनुरोध को नजरअंदाज कर दिया गया है। सप्ताहांत पर स्थिति और भी गंभीर हो जाती है जब अशांति देर रात तक जारी रहती है। इस मुद्दे को स्थानीय अधिकारियों के सामने उठाने के लिए कई पड़ोसी एकजुट हुए हैं। मैं यह सुनिश्चित करने के लिए आवश्यक कार्रवाई का अनुरोध करता हूं कि शोर के स्तर को नियंत्रण में लाया जाए। कृपया निवासियों की भलाई के लिए इस मामले पर जल्द से जल्द ध्यान दें।",अन्य,कल्याण शोर उपद्रव संबंध सामान्य सुरक्षा शिकायत दर्ज चाहना । कुछ दिन पहले पास प्रतिष्ठान अनुमत समय अधिक जोर शोर काम रहना । आस पडोस शान्ति भंग होना जाना विशेषकर बुजुर्ग निवासी बच्चा । मालिक शोर कम बार बार अनुरोध नजरअंदाज देना जाना । सप्ताहांत स्थिति गंभीर होना जाना जब अशान्ति देर रात जारी रहना । मुद्दा स्थानीय अधिकारी सामने उठाना कई पड़ोसी एकजुट होना । सुनिश्चित आवश्यक कार्रवाई अनुरोध कि शोर स्तर नियंत्रण लाना जाना । कृपया निवासी भलाई मामला जल्द जल्द ध्यान देना ।
"मैं वाशी में रहने वाले अपने सहकर्मी द्वारा मुझे दी गई धमकियों के संबंध में शिकायत दर्ज करा रहा हूं। हमारे बीच मामूली विवाद के बाद पिछले दो सप्ताह से धमकियां मिलनी शुरू हो गईं। उन्होंने मुझे बोलने पर हमला करने और मेरी संपत्ति को नुकसान पहुंचाने की धमकी दी है। इससे मेरे और मेरे परिवार के सदस्यों में काफी डर और चिंता पैदा हो गई है। मैंने किसी भी टकराव से परहेज किया है, लेकिन धमकियां इसकी परवाह किए बिना जारी हैं। इलाके के पड़ोसियों को भी तनाव की जानकारी है और वे इसकी पुष्टि कर सकते हैं. मेरा अनुरोध है कि मेरी सुरक्षा सुनिश्चित करने के लिए उचित कानूनी कार्रवाई की जाए। धमकियों की गंभीर प्रकृति को देखते हुए कृपया इस मामले पर तत्परता से विचार करें।",धमकी,वाशी रहना वाला अपना सहकर्मी देना जाना धमकी संबंध शिकायत दर्ज रहना । बीच मामूली विवाद बाद पिछला दो सप्ताह धमकी मिलना शुरू होना जाना । बोलना हमला संपत्ति नुकसान पहुंचाना धमकी देना । परिवार सदस्य काफी डर चिंता पैदा होना जाना । कोई टकराव परहेज लेकिन धमकी परवाह बिना जारी । इलाका पड़ोसी तनाव जानकारी पुष्टि सकना अनुरोध कि सुरक्षा सुनिश्चित उचित कानूनी कार्रवाई जाना धमकी गंभीर प्रकृति देखना होना कृपया मामला तत्परता विचार ।
"मैं कल्याण में सड़कों की स्थिति के संबंध में सार्वजनिक सुरक्षा चिंता उठाना चाहता हूं। मुख्य सड़क के पास एक खुला मैनहोल है जो पिछले एक महीने से खुला पड़ा है। इस स्थान पर पहले भी कई दोपहिया वाहन चालक छोटी-मोटी दुर्घटना का शिकार हो चुके हैं। खतरनाक क्षेत्र के आसपास कोई चेतावनी संकेत या बैरिकेड्स नहीं लगाए गए हैं। रात के समय खराब स्ट्रीट लाइट के कारण हादसों का खतरा और भी बढ़ जाता है। स्थानीय निवासी पहले भी यह मुद्दा उठा चुके हैं, लेकिन कोई कार्रवाई नहीं हुई। मैं संबंधित अधिकारियों से मैनहोल की मरम्मत करने और उचित रोशनी सुनिश्चित करने का अनुरोध करता हूं। यह एक गंभीर सार्वजनिक सुरक्षा ख़तरा है जिस पर तत्काल ध्यान देने की आवश्यकता है।",सार्वजनिक सुरक्षा,कल्याण सड़क स्थिति संबंध सार्वजनिक सुरक्षा चिंता उठाना चाहना । मुख्य सड़क पास खुला मैनहोल जो पिछला महीना खुलना पड़ना । स्थान पहले कई दोपहिया वाहन चालक छोटा मोटा दुर्घटना शिकार होना चुकना । खतरनाक क्षेत्र आसपास कोई चेतावनी संकेत बैरिकेड्स नहीं लगाना जाना । रात समय खराब स्ट्रीट लाइट कारण हादसा खतरा बढ़ना जाना । स्थानीय निवासी पहले मुद्दा उठाना चुकना लेकिन कोई कार्रवाई नहीं होना । संबंधित अधिकारी मैनहोल मरम्मत उचित रोशनी सुनिश्चित अनुरोध । गंभीर सार्वजनिक सुरक्षा खतरा जो तत्काल ध्यान देना आवश्यकता ।
"मैं कोथरुड में सड़कों की स्थिति के संबंध में सार्वजनिक सुरक्षा चिंता उठाना चाहता हूं। मुख्य सड़क के पास एक खुला मैनहोल है जिसे पिछले शुक्रवार से खोल दिया गया है। इस स्थान पर पहले भी कई दोपहिया वाहन चालक छोटी-मोटी दुर्घटना का शिकार हो चुके हैं। खतरनाक क्षेत्र के आसपास कोई चेतावनी संकेत या बैरिकेड्स नहीं लगाए गए हैं। रात के समय खराब स्ट्रीट लाइट के कारण हादसों का खतरा और भी बढ़ जाता है। स्थानीय निवासी पहले भी यह मुद्दा उठा चुके हैं, लेकिन कोई कार्रवाई नहीं हुई। मैं संबंधित अधिकारियों से मैनहोल की मरम्मत करने और उचित रोशनी सुनिश्चित करने का अनुरोध करता हूं। यह एक गंभीर सार्वजनिक सुरक्षा ख़तरा है जिस पर तत्काल ध्यान देने की आवश्यकता है।",सार्वजनिक सुरक्षा,कोथरुड सड़क स्थिति संबंध सार्वजनिक सुरक्षा चिंता उठाना चाहना । मुख्य सड़क पास खुला मैनहोल जो पिछला शुक्रवार खोलना देना जाना । स्थान पहले कई दोपहिया वाहन चालक छोटा मोटा दुर्घटना शिकार होना चुकना । खतरनाक क्षेत्र आसपास कोई चेतावनी संकेत बैरिकेड्स नहीं लगाना जाना । रात समय खराब स्ट्रीट लाइट कारण हादसा खतरा बढ़ना जाना । स्थानीय निवासी पहले मुद्दा उठाना चुकना लेकिन कोई कार्रवाई नहीं होना । संबंधित अधिकारी मैनहोल मरम्मत उचित रोशनी सुनिश्चित अनुरोध । गंभीर सार्वजनिक सुरक्षा खतरा जो तत्काल ध्यान देना आवश्यकता ।
"मैं रिपोर्ट करना चाहता हूं कि मेरे समाज का एक व्यक्ति फर्जी ईमेल आईडी का उपयोग करके मुझे ब्लैकमेल कर रहा है। कुछ दिन पहले से इस शख्स ने मेरी निजी तस्वीरें और जानकारी लीक करने की धमकी दी है. वे रुपये की मांग कर रहे हैं. सामग्री को सार्वजनिक न करने के बदले में 8,000 रु. मैंने पैसे देने से इनकार कर दिया है, जिसके बाद धमकियां और भी बढ़ गई हैं. इस ब्लैकमेल से मुझे गंभीर मानसिक तनाव और सामाजिक शर्मिंदगी का डर सता रहा है। मैंने सभी चैट वार्तालाप और स्क्रीनशॉट को साक्ष्य के रूप में सहेजा है। मैं साइबर अपराध विभाग से जांच करने और सख्त कार्रवाई करने का अनुरोध करता हूं।' मैं यह सुनिश्चित करने के लिए पूरा सहयोग करने को तैयार हूं कि इस व्यक्ति को जवाबदेह ठहराया जाए।",ब्लैकमेल,रिपोर्ट चाहना कि समाज व्यक्ति फर्जी ईमेल आईडी उपयोग ब्लैकमेल रहना । कुछ दिन पहले शख्स ने निजी तस्वीर जानकारी लीक धमकी देना रुपया मांग रहना सामग्री सार्वजनिक न बदले रु पैसा देना इनकार देना जो बाद धमकी बढ़ना जाना ब्लैकमेल गंभीर मानसिक तनाव सामाजिक शर्मिंदगी डर सताना रहना । सभी चैट वार्तालाप स्क्रीनशॉट साक्ष्य रूप सहेजना । साइबर अपराध विभाग जांच सख्त कार्रवाई अनुरोध । सुनिश्चित पूरा सहयोग तैयार कि व्यक्ति जवाबदेह ठहराना जाना ।
मैं घर में लगातार घरेलू दुर्व्यवहार के लिए अपने पति के खिलाफ यह शिकायत दर्ज करा रही हूं। इस महीने की 3 तारीख से मुझे शारीरिक उत्पीड़न और उत्पीड़न का शिकार होना पड़ रहा है। मुझे बुनियादी ज़रूरतों से भी वंचित कर दिया जाता है और बिना कारण घर तक सीमित कर दिया जाता है। जब भी मैं बोलने की कोशिश करता हूं तो बार-बार हिंसा की धमकियां मिलती रहती हैं। मेरे रिश्तेदार स्थिति से अवगत हैं और दुर्व्यवहार की गवाही दे सकते हैं। मुझे अपनी सुरक्षा और मेरे साथ रहने वाले मेरे बच्चों की सुरक्षा का डर है। मैं कानून के तहत तत्काल सुरक्षा और उचित कानूनी कार्रवाई का अनुरोध करता हूं। कृपया मेरी स्थिति के लिए उपलब्ध आश्रय और कानूनी सहायता के संबंध में मेरा मार्गदर्शन करें।,घरेलू हिंसा,घर लगातार घरेलू दुर्व्यवहार अपना पति खिलाफ शिकायत दर्ज रहना । महीना तारीख शारीरिक उत्पीडन उत्पीडन शिकार होना पड़ना रहना । बुनियादी ज़रूरत वंचित देना जाना बिना कारण घर सीमित देना जाना । जब बोलना कोशिश बार बार हिंसा धमकी मिलना रहना । रिश्तेदार स्थिति अवगत दुर्व्यवहार गवाही देना सकना । अपना सुरक्षा साथ रहना वाला बच्चा सुरक्षा डर । कानून तहत तत्काल सुरक्षा उचित कानूनी कार्रवाई अनुरोध । कृपया स्थिति उपलब्ध आश्रय कानूनी सहायता संबंध मार्गदर्शन ।
"मैं खराड़ी में टूटी हुई स्ट्रीट लाइट और क्षतिग्रस्त फुटपाथ की रिपोर्ट करना चाहता हूं जिससे सुरक्षा संबंधी समस्याएं पैदा हो रही हैं। यह समस्या 18 तारीख तक बिना किसी मरम्मत कार्य के बनी रही। इस इलाके में बुजुर्गों और बच्चों को सुरक्षित चलने में काफी दिक्कत होती है। बारिश के दौरान इलाके में पानी भर जाता है, जिससे गिरने का खतरा बढ़ जाता है। यहां लोगों के फिसलने और घायल होने की कुछ घटनाएं हो चुकी हैं। मैं अन्य निवासियों के साथ इस सार्वजनिक बुनियादी ढांचे की तत्काल मरम्मत का अनुरोध करता हूं। इससे रोजाना गुजरने वाले राहगीरों और वाहनों को लगातार खतरा बना हुआ है। मैं इस मामले को सुलझाने के लिए नगर निगम अधिकारियों से त्वरित कार्रवाई का अनुरोध करता हूं।",सार्वजनिक सुरक्षा,खराड़ी टूटी होना स्ट्रीट लाइट क्षतिग्रस्त फुटपाथ रिपोर्ट चाहना जो सुरक्षा संबंधी समस्या पैदा होना रहना । समस्या तारीख बिना कोई मरम्मत कार्य बनना रहना इलाका बुजुर्ग बच्चा सुरक्षित चलना काफी दिक्कत होना । बारिश दौरान इलाका पानी भरना जाना जो गिरना खतरा बढ़ना जाना । यहाँ लोग फिसलना घायल होना कुछ घटना होना चुकना । अन्य निवासी साथ सार्वजनिक बुनियादी ढांचा तत्काल मरम्मत अनुरोध । रोजाना गुजरना वाला राहगीर वाहन लगातार खतरा बनना होना । मामला सुलझाना नगर निगम अधिकारी त्वरित कार्रवाई अनुरोध ।
"यह अंधेरी इलाके में महत्वपूर्ण दस्तावेजों और मेरे बटुए से जुड़ी एक चोरी की घटना की रिपोर्ट करने के लिए है। यह कल रात लगभग 9 बजे हुआ, जब मैं थोड़ी देर के लिए घटनास्थल से हट गया था। वापस लौटने पर मुझे पता चला कि मेरा सामान कोई अज्ञात व्यक्ति ले गया है। अनुमानित नुकसान लगभग रु. 75,000, जो मेरे लिए एक महत्वपूर्ण राशि है। आसपास कुछ लोग भी थे, लेकिन किसी को चोरी होने का पता नहीं चला। मैंने आस-पास की दुकानों और निवासियों से जांच की है, लेकिन अभी तक कोई सुराग नहीं मिला है। मेरा अनुरोध है कि जल्द से जल्द मामला दर्ज किया जाए और जांच की जाए।' मैं जांच प्रक्रिया में पूरा सहयोग करने को तैयार हूं।'",चोरी,अंधेरी इलाका महत्वपूर्ण दस्तावेज बटुया जुड़ना चोरी घटना रिपोर्ट । कल रात लगभग बजे होना जब थोड़ा देर घटनास्थल हटना जाना । वापस लौटना पता चलना कि सामान कोई अज्ञात व्यक्ति लेना जाना । अनुमानित नुकसान लगभग रु जो महत्वपूर्ण राशि । आसपास कुछ लोग लेकिन कोई चोरी होना पता नहीं चलना । आस पास दुकान निवासी जांच लेकिन अभी कोई सुराग नहीं मिलना । अनुरोध कि जल्द जल्द मामला दर्ज जाना जांच जाना । जांच प्रक्रिया पूरा सहयोग तैयार ।
"मैं रिपोर्ट करना चाहती हूं कि मुझे औंध में मेरे पूर्व-प्रेमी से गंभीर धमकियां मिली हैं। इस महीने की 3 तारीख से यह व्यक्ति मुझे और मेरे परिवार को नुकसान पहुंचाने की धमकी दे रहा है. अगर मैंने उनकी मांगें नहीं मानी तो उन्होंने मुझे गंभीर परिणाम भुगतने की चेतावनी दी है। धमकियाँ व्यक्तिगत रूप से और फोन कॉल दोनों पर दी गई हैं। मैं इन धमकियों के कारण अपने परिवार की सुरक्षा को लेकर बेहद चिंतित हूं।' मैंने उनकी किसी भी मांग का जवाब नहीं दिया, जिससे उनका गुस्सा और बढ़ गया है.' मैं पुलिस सुरक्षा और मुझे धमकी देने वाले व्यक्ति के खिलाफ तत्काल कार्रवाई का अनुरोध करता हूं। मैं इस शिकायत के समर्थन में कॉल रिकॉर्डिंग और गवाह विवरण प्रदान कर सकता हूं।",धमकी,रिपोर्ट चाहना कि औंध पूर्व प्रेमी गंभीर धमकी मिलना । महीना तारीख व्यक्ति परिवार नुकसान पहुंचाना धमकी देना रहना अगर मांगें नहीं मानना गंभीर परिणाम भुगतना चेतावनी देना । धमकी व्यक्तिगत रूप फोन कॉल दो देना जाना । धमकी कारण अपना परिवार सुरक्षा लेना बेहद चिंतित । कोई मांग जवाब नहीं देना जो गुस्सा बढ़ना जाना पुलिस सुरक्षा धमकी देना वाला व्यक्ति खिलाफ तत्काल कार्रवाई अनुरोध । शिकायत समर्थन कॉल रिकॉर्डिंग गवाह विवरण प्रदान सकना ।
मुझे और मेरे परिवार को अंधेरी में रहने वाले मेरे सहपाठी द्वारा परेशान किया जा रहा है। 18 तारीख से अब तक उत्पीड़न जारी है। जब भी वे मुझे देखते हैं तो भद्दे कमेंट करते हैं और परेशानी पैदा करने की कोशिश करते हैं। आज सुबह करीब 8 बजे स्थिति तब और खराब हो गई जब वे मुझसे सीधे भिड़ गए। इस लगातार उत्पीड़न के कारण मैं काम पर जाने में असुरक्षित महसूस करती हूं। मेरे परिवार के सदस्यों ने भी कई मौकों पर इस व्यवहार को देखा है। मैं तत्काल हस्तक्षेप का अनुरोध करता हूं ताकि यह उत्पीड़न स्थायी रूप से बंद हो जाए। कृपया मेरी शिकायत दर्ज कर आवश्यक कानूनी कार्रवाई करें।,उत्पीड़न,परिवार अंधेरी रहना वाला सहपाठी परेशान जाना रहना । तारीख अब उत्पीडन जारी । जब देखना भद्दा कमेंट परेशानी पैदा कोशिश । आज सुबह करीब बजे स्थिति तब खराब होना जाना जब सीधे भिडना जाना । लगातार उत्पीडन कारण काम जाना असुरक्षित महसूस । परिवार सदस्य ने कई मौका व्यवहार देखना । तत्काल हस्तक्षेप अनुरोध ताकि उत्पीडन स्थायी रूप बंद होना जाना । कृपया शिकायत दर्ज आवश्यक कानूनी कार्रवाई ।
"मैं रिपोर्ट करना चाहती हूं कि इंस्टाग्राम के जरिए मुझे ऑनलाइन परेशान किया जा रहा है। एक अज्ञात उपयोगकर्ता 18 तारीख से मुझे अपमानजनक और धमकी भरे संदेश भेज रहा है। उन्होंने मेरी सहमति के बिना मेरी तस्वीरों का उपयोग करके एक फर्जी प्रोफ़ाइल भी बनाई है। यह व्यक्ति मेरे दोस्तों और रिश्तेदारों को मेरे बारे में आपत्तिजनक सामग्री वाले संदेश भेज रहा है। मैंने खाते को ब्लॉक करने का प्रयास किया है, लेकिन नए नकली खाते सामने आते रहते हैं। इस ऑनलाइन उत्पीड़न के कारण मुझे बहुत तनाव और शर्मिंदगी उठानी पड़ रही है। मैं साइबर क्राइम सेल से अनुरोध करता हूं कि खाते का पता लगाया जाए और सख्त कार्रवाई की जाए। मैं उत्पीड़न के सबूत के रूप में स्क्रीनशॉट और चैट इतिहास साझा कर सकता हूं।",साइबर उत्पीड़न,रिपोर्ट चाहना कि इंस्टाग्राम जरिये ऑनलाइन परेशान जाना रहना । अज्ञात उपयोगकर्ता तारीख अपमानजनक धमकी भरना संदेश भेजना रहना । सहमति बिना तस्वीर उपयोग फर्जी प्रोफाइल बनाना । व्यक्ति दोस्त रिश्तेदार बारे आपत्तिजनक सामग्री वाला संदेश भेजना रहना । खाता ब्लॉक प्रयास लेकिन नया नकली खाता सामने आना रहना । ऑनलाइन उत्पीडन कारण बहुत तनाव शर्मिंदगी उठाना पड़ना रहना । साइबर क्राइम सेल अनुरोध कि खाता पता लगाना जाना सख्त कार्रवाई जाना । उत्पीडन सबूत रूप स्क्रीनशॉट चैट इतिहास साझा सकना ।
"मैं कोथरुड बस स्टॉप के पास हुई एक छेड़छाड़ की घटना की रिपोर्ट कर रहा हूं। पिछले हफ्ते, एक बाइक पर दो लोगों ने मुझे छेड़ना शुरू कर दिया और भद्दी टिप्पणियाँ करने लगे। उन्होंने मेरी अनुमति के बिना मेरी तस्वीरें खींचने की भी कोशिश की. मैंने उनका विरोध किया, लेकिन उन्होंने इसे हंसी में उड़ा दिया और अपना व्यवहार जारी रखा। यह पहली बार नहीं है जब इस स्थान पर ऐसी घटनाएं हुई हैं। इसी ग्रुप के बारे में कई अन्य लड़कियों ने अनौपचारिक रूप से शिकायत की है. मैं महिलाओं की सुरक्षा सुनिश्चित करने के लिए सख्त कार्रवाई और नियमित पुलिस उपस्थिति का अनुरोध करता हूं। यदि व्यक्तियों का पता लगाया जाता है तो मैं पहचान में सहायता करने को तैयार हूं।",ईव टीज़िंग,कोथरुड बस स्टॉप पास होना छेडछाड घटना रिपोर्ट रहना । पिछला हफ्ता बाइक दो लोग ने छेड़ना शुरू देना भद्दी टिप्पणी लगना । अनुमति बिना तस्वीर खींचना कोशिश विरोध लेकिन हँसी उड़ाना देना अपना व्यवहार जारी रखना । पहला बार नहीं जब स्थान ऐसा घटना होना । ग्रुप बारे कई अन्य लड़की ने अनौपचारिक रूप शिकायत महिला सुरक्षा सुनिश्चित सख्त कार्रवाई नियमित पुलिस उपस्थिति अनुरोध । यदि व्यक्ति पता लगाना जाना पहचान सहायता तैयार ।
मैं कोथरुड में अपने समाज के एक व्यक्ति द्वारा पीछा किए जाने के संबंध में शिकायत दर्ज करना चाहती हूं। पिछले शुक्रवार से यह व्यक्ति लगभग हर दिन मेरा पीछा कर रहा है। जब मैं बाज़ार से वापस आ रहा था तो मैंने देखा कि वही व्यक्ति फिर से मेरे घर के बाहर इंतज़ार कर रहा था। वे भी मेरे पीछे-पीछे मेरे कार्यस्थल तक आते हैं और गेट के पास इंतजार करते हैं। मैंने देखा है कि एक ही वाहन कई बार मेरे ऑटो-रिक्शा का पीछा कर रहा है। इस निरंतर अनुसरण ने मुझे अपनी सुरक्षा के लिए अत्यधिक चिंतित और भयभीत कर दिया है। मैं पुलिस से जांच करने और इस व्यक्ति को मेरा पीछा करने से रोकने का अनुरोध करता हूं। मैं उस व्यक्ति की पहचान करने और जरूरत पड़ने पर और विवरण प्रदान करने को तैयार हूं।,स्टॉकिंग,कोथरुड अपना समाज व्यक्ति पीछा जाना संबंध शिकायत दर्ज चाहना । पिछला शुक्रवार व्यक्ति लगभग हर दिन पीछा रहना । जब बाजार वापस आना रहना देखना कि व्यक्ति फिर घर बाहर इंतजार रहना । पीछे पीछे कार्यस्थल आना गेट पास इंतजार । देखना कि ही वाहन कई बार ऑटो रिक्शा पीछा रहना । निरन्तर अनुसरण ने अपना सुरक्षा अत्यधिक चिंतित भयभीत देना । पुलिस जांच व्यक्ति पीछा रोकना अनुरोध । व्यक्ति पहचान जरूरत पड़ना विवरण प्रदान तैयार ।
"मैं रिपोर्ट करना चाहता हूं कि मुझे एक फर्जी ईमेल आईडी के जरिए ऑनलाइन परेशान किया जा रहा है। एक अज्ञात उपयोगकर्ता पिछले शुक्रवार से मुझे अपमानजनक और धमकी भरे संदेश भेज रहा है। उन्होंने मेरी सहमति के बिना मेरी तस्वीरों का उपयोग करके एक फर्जी प्रोफ़ाइल भी बनाई है। यह व्यक्ति मेरे दोस्तों और रिश्तेदारों को मेरे बारे में आपत्तिजनक सामग्री वाले संदेश भेज रहा है। मैंने खाते को ब्लॉक करने का प्रयास किया है, लेकिन नए नकली खाते सामने आते रहते हैं। इस ऑनलाइन उत्पीड़न के कारण मुझे बहुत तनाव और शर्मिंदगी उठानी पड़ रही है। मैं साइबर क्राइम सेल से अनुरोध करता हूं कि खाते का पता लगाया जाए और सख्त कार्रवाई की जाए। मैं उत्पीड़न के सबूत के रूप में स्क्रीनशॉट और चैट इतिहास साझा कर सकता हूं।",साइबर उत्पीड़न,रिपोर्ट चाहना कि फर्जी ईमेल आईडी जरिये ऑनलाइन परेशान जाना रहना । अज्ञात उपयोगकर्ता पिछला शुक्रवार अपमानजनक धमकी भरना संदेश भेजना रहना । सहमति बिना तस्वीर उपयोग फर्जी प्रोफाइल बनाना । व्यक्ति दोस्त रिश्तेदार बारे आपत्तिजनक सामग्री वाला संदेश भेजना रहना । खाता ब्लॉक प्रयास लेकिन नया नकली खाता सामने आना रहना । ऑनलाइन उत्पीडन कारण बहुत तनाव शर्मिंदगी उठाना पड़ना रहना । साइबर क्राइम सेल अनुरोध कि खाता पता लगाना जाना सख्त कार्रवाई जाना । उत्पीडन सबूत रूप स्क्रीनशॉट चैट इतिहास साझा सकना ।
"मैं खराड़ी में रहने वाले अपने सहपाठी द्वारा मुझे दी गई धमकियों के संबंध में शिकायत दर्ज करा रहा हूं। धमकियां 15 जुलाई को हमारे बीच मामूली विवाद के बाद शुरू हुईं। उन्होंने मुझे बोलने पर हमला करने और मेरी संपत्ति को नुकसान पहुंचाने की धमकी दी है। इससे मेरे और मेरे परिवार के सदस्यों में काफी डर और चिंता पैदा हो गई है। मैंने किसी भी टकराव से परहेज किया है, लेकिन धमकियां इसकी परवाह किए बिना जारी हैं। इलाके के पड़ोसियों को भी तनाव की जानकारी है और वे इसकी पुष्टि कर सकते हैं. मेरा अनुरोध है कि मेरी सुरक्षा सुनिश्चित करने के लिए उचित कानूनी कार्रवाई की जाए। धमकियों की गंभीर प्रकृति को देखते हुए कृपया इस मामले पर तत्परता से विचार करें।",धमकी,खराड़ी रहना वाला अपना सहपाठी देना जाना धमकी संबंध शिकायत दर्ज रहना । धमकी जुलाई बीच मामूली विवाद बाद शुरू होना । बोलना हमला संपत्ति नुकसान पहुंचाना धमकी देना । परिवार सदस्य काफी डर चिंता पैदा होना जाना । कोई टकराव परहेज लेकिन धमकी परवाह बिना जारी । इलाका पड़ोसी तनाव जानकारी पुष्टि सकना अनुरोध कि सुरक्षा सुनिश्चित उचित कानूनी कार्रवाई जाना धमकी गंभीर प्रकृति देखना होना कृपया मामला तत्परता विचार ।
सदर बाजार में रहने वाले मेरे समाज के एक व्यक्ति द्वारा मुझे और मेरे परिवार को परेशान किया जा रहा है। उत्पीड़न पिछले शुक्रवार से जारी है। जब भी वे मुझे देखते हैं तो भद्दे कमेंट करते हैं और परेशानी पैदा करने की कोशिश करते हैं। आधी रात के आसपास स्थिति तब और खराब हो गई जब वे मुझसे सीधे भिड़ गए। इस लगातार उत्पीड़न के कारण मैं काम पर जाने में असुरक्षित महसूस करती हूं। मेरे परिवार के सदस्यों ने भी कई मौकों पर इस व्यवहार को देखा है। मैं तत्काल हस्तक्षेप का अनुरोध करता हूं ताकि यह उत्पीड़न स्थायी रूप से बंद हो जाए। कृपया मेरी शिकायत दर्ज कर आवश्यक कानूनी कार्रवाई करें।,उत्पीड़न,सदर बाजार रहना वाला समाज व्यक्ति परिवार परेशान जाना रहना । उत्पीडन पिछला शुक्रवार जारी । जब देखना भद्दा कमेंट परेशानी पैदा कोशिश । आधा रात आसपास स्थिति तब खराब होना जाना जब सीधे भिडना जाना । लगातार उत्पीडन कारण काम जाना असुरक्षित महसूस । परिवार सदस्य ने कई मौका व्यवहार देखना । तत्काल हस्तक्षेप अनुरोध ताकि उत्पीडन स्थायी रूप बंद होना जाना । कृपया शिकायत दर्ज आवश्यक कानूनी कार्रवाई ।
"मैं खराड़ी में देखी गई एक संदिग्ध गतिविधि की रिपोर्ट करना चाहता हूं। पिछले शुक्रवार से, अज्ञात व्यक्ति विषम समय में परित्यक्त इमारत के पास इकट्ठा हो रहे हैं। निवासियों को संदेह है कि रात में वहां कुछ अवैध गतिविधि हो सकती है। उस स्थान से तेज़ आवाज़ें और कभी-कभार बहसें सुनाई देती रही हैं। इससे आसपास रहने वाले परिवारों में सुरक्षा संबंधी चिंताएं बढ़ गई हैं। स्थानीय वार्ड कार्यालय को सूचित करने के बावजूद कोई आधिकारिक कार्रवाई नहीं की गई है। मैं अधिकारियों से इस मामले की जांच करने और निवासियों की सुरक्षा सुनिश्चित करने का अनुरोध करता हूं। यदि आवश्यक हुआ तो मैं अधिक विवरण प्रदान करने या अधिकारियों के साथ जाने को तैयार हूं।",अन्य,खराड़ी देखना जाना संदिग्ध गतिविधि रिपोर्ट चाहना । पिछला शुक्रवार अज्ञात व्यक्ति विषम समय परित्यक्त इमारत पास इकट्ठा होना रहना । निवासी संदेह कि रात वहाँ कुछ अवैध गतिविधि होना सकना । स्थान तेज आवाज कभी कभार बहस सुनाना देना रहना । आसपास रहना वाला परिवार सुरक्षा संबंधी चिंता बढ़ना जाना । स्थानीय वार्ड कार्यालय सूचित बावजूद कोई आधिकारिक कार्रवाई नहीं जाना । अधिकारी मामला जांच निवासी सुरक्षा सुनिश्चित अनुरोध । यदि आवश्यक होना अधिक विवरण प्रदान अधिकारी साथ जाना तैयार ।
मुझे और मेरे परिवार को कल्याण में रहने वाले एक अज्ञात व्यक्ति द्वारा परेशान किया जा रहा है। 22 जून से उत्पीड़न जारी है। जब भी वे मुझे देखते हैं तो भद्दे कमेंट करते हैं और परेशानी पैदा करने की कोशिश करते हैं। आधी रात के आसपास स्थिति तब और खराब हो गई जब वे मुझसे सीधे भिड़ गए। इस लगातार उत्पीड़न के कारण मैं काम पर जाने में असुरक्षित महसूस करती हूं। मेरे परिवार के सदस्यों ने भी कई मौकों पर इस व्यवहार को देखा है। मैं तत्काल हस्तक्षेप का अनुरोध करता हूं ताकि यह उत्पीड़न स्थायी रूप से बंद हो जाए। कृपया मेरी शिकायत दर्ज कर आवश्यक कानूनी कार्रवाई करें।,उत्पीड़न,परिवार कल्याण रहना वाला अज्ञात व्यक्ति परेशान जाना रहना । जून उत्पीडन जारी । जब देखना भद्दा कमेंट परेशानी पैदा कोशिश । आधा रात आसपास स्थिति तब खराब होना जाना जब सीधे भिडना जाना । लगातार उत्पीडन कारण काम जाना असुरक्षित महसूस । परिवार सदस्य ने कई मौका व्यवहार देखना । तत्काल हस्तक्षेप अनुरोध ताकि उत्पीडन स्थायी रूप बंद होना जाना । कृपया शिकायत दर्ज आवश्यक कानूनी कार्रवाई ।
"मैं खराड़ी में देखी गई एक संदिग्ध गतिविधि की रिपोर्ट करना चाहता हूं। पिछले दो सप्ताह से, अज्ञात व्यक्ति अजीब समय पर परित्यक्त इमारत के पास इकट्ठा हो रहे हैं। निवासियों को संदेह है कि रात में वहां कुछ अवैध गतिविधि हो सकती है। उस स्थान से तेज़ आवाज़ें और कभी-कभार बहसें सुनाई देती रही हैं। इससे आसपास रहने वाले परिवारों में सुरक्षा संबंधी चिंताएं बढ़ गई हैं। स्थानीय वार्ड कार्यालय को सूचित करने के बावजूद कोई आधिकारिक कार्रवाई नहीं की गई है। मैं अधिकारियों से इस मामले की जांच करने और निवासियों की सुरक्षा सुनिश्चित करने का अनुरोध करता हूं। यदि आवश्यक हुआ तो मैं अधिक विवरण प्रदान करने या अधिकारियों के साथ जाने को तैयार हूं।",अन्य,खराड़ी देखना जाना संदिग्ध गतिविधि रिपोर्ट चाहना । पिछला दो सप्ताह अज्ञात व्यक्ति अजीब समय परित्यक्त इमारत पास इकट्ठा होना रहना । निवासी संदेह कि रात वहाँ कुछ अवैध गतिविधि होना सकना । स्थान तेज आवाज कभी कभार बहस सुनाना देना रहना । आसपास रहना वाला परिवार सुरक्षा संबंधी चिंता बढ़ना जाना । स्थानीय वार्ड कार्यालय सूचित बावजूद कोई आधिकारिक कार्रवाई नहीं जाना । अधिकारी मामला जांच निवासी सुरक्षा सुनिश्चित अनुरोध । यदि आवश्यक होना अधिक विवरण प्रदान अधिकारी साथ जाना तैयार ।
"मैं खरादी में हुई छेड़छाड़ की एक घटना की रिपोर्ट करना चाहता हूं। जब मैं काम से लौट रही थी, तो चलते समय लड़कों के एक समूह ने मुझ पर अश्लील टिप्पणियाँ कीं। उन्होंने सीटियां भी बजाईं और मेरे और मेरे दोस्त की ओर अनुचित इशारे भी किए। जब मैंने उन्हें नज़रअंदाज कर दूर जाने की कोशिश की तो उन्होंने कुछ दूर तक पीछा किया। इस तरह के व्यवहार से मुझे अकेले यात्रा करते समय असुरक्षित महसूस होने लगा है। क्षेत्र की अन्य महिलाओं को भी उसी स्थान पर इसी तरह के उत्पीड़न का सामना करना पड़ा है। मैं ऐसी घटनाओं को रोकने के लिए इस क्षेत्र में पुलिस गश्त बढ़ाने का अनुरोध करता हूं। यदि लाइन-अप या सीसीटीवी समीक्षा की व्यवस्था की जाती है तो मैं व्यक्तियों की पहचान करने के लिए तैयार हूं।",ईव टीज़िंग,खरादी होना छेडछाड घटना रिपोर्ट चाहना । जब काम लौटना रहना चलना समय लड़का समूह ने अश्लील टिप्पणी कीं।ना सीटी बजाना दोस्त ओर अनुचित इशारा । जब नजरअंदाज दूर जाना कोशिश कुछ दूर पीछा । तरह व्यवहार अकेला यात्रा समय असुरक्षित महसूस होना लगाना । क्षेत्र अन्य महिला स्थान तरह उत्पीडन सामना पड़ना । ऐसा घटना रोकना क्षेत्र पुलिस गश्त बढ़ाना अनुरोध । यदि लाइन अप सीसीटीवी समीक्षा व्यवस्था जाना व्यक्ति पहचान तैयार ।
"मैं शिवाजी नगर में एक अज्ञात व्यक्ति द्वारा लगातार मेरे साथ हो रहे उत्पीड़न की रिपोर्ट करना चाहती हूं। यह पिछले शुक्रवार को शुरू हुआ और तब से रुका नहीं है। एक अज्ञात व्यक्ति दूसरों के सामने मेरे बारे में अपमानजनक टिप्पणियाँ करता रहता है। दो दिन पहले इस व्यक्ति ने मेरे घर के पास फिर मेरे साथ गलत हरकत की. मैंने उनसे विनम्रतापूर्वक रुकने के लिए कहा, लेकिन वे मुझे परेशान करते रहे। इससे मेरी मानसिक शांति प्रभावित हो रही है और मुझे अकेले बाहर निकलने में डर लगता है।' मैं पुलिस से जिम्मेदार व्यक्ति के खिलाफ सख्त कार्रवाई करने का अनुरोध करता हूं।' मैं जांच के लिए आवश्यक कोई भी अतिरिक्त विवरण प्रदान करने के लिए तैयार हूं।",उत्पीड़न,शिवाजी नगर अज्ञात व्यक्ति लगातार साथ होना रहना उत्पीडन रिपोर्ट चाहना । पिछला शुक्रवार शुरू होना तब रुकना नहीं । अज्ञात व्यक्ति दूसरा सामने बारे अपमानजनक टिप्पणी रहना । दो दिन पहले व्यक्ति ने घर पास फिर साथ गलत हरकत विनम्रतापूर्वक रुकना कहना लेकिन परेशान रहना । मानसिक शान्ति प्रभावित होना रहना अकेला बाहर निकलना डर लगना । पुलिस जिम्मेदार व्यक्ति खिलाफ सख्त कार्रवाई अनुरोध । जांच आवश्यक कोई अतिरिक्त विवरण प्रदान तैयार ।
"मुझे मेरा पूर्व-प्रेमी ब्लैकमेल कर रहा है जो मेरे बारे में निजी जानकारी उजागर करने की धमकी दे रहा है। कुछ दिन पहले फेसबुक पर मैसेज के जरिए ब्लैकमेल की कोशिशें शुरू हुईं। वे रुपये मांग रहे हैं. 1,00,000 न देने पर वे मुझे सार्वजनिक रूप से बदनाम करने की धमकी देते हैं। मैंने अब तक उनकी कोई भी मांग नहीं मानी है।' लगातार मिल रही इन धमकियों से मानसिक दबाव असहनीय होता जा रहा है। मैंने इस मामले से जुड़े सभी मैसेज और कॉल का रिकॉर्ड रखा है.' मैं इस ब्लैकमेल को रोकने और मेरी गोपनीयता की रक्षा के लिए तत्काल कार्रवाई का अनुरोध करता हूं। कृपया सलाह दें कि मैं इस व्यक्ति के खिलाफ क्या कानूनी कदम उठा सकता हूं।",ब्लैकमेल,पूर्व प्रेमी ब्लैकमेल रहना जो बारे निजी जानकारी उजागर धमकी देना रहना । कुछ दिन पहले फेसबुक मैसेज जरिये ब्लैकमेल कोशिश शुरू होना । रुपया मांगना रहना न देना सार्वजनिक रूप बदनाम धमकी देना । अब कोई मांग नहीं मानना । लगातार मिलना रहना धमकी मानसिक दबाव असहनीय होना जाना रहना । मामला जुडना सभी मैसेज कॉल रिकॉर्ड रखना ब्लैकमेल रोकना गोपनीयता रक्षा तत्काल कार्रवाई अनुरोध । कृपया सलाह देना कि व्यक्ति खिलाफ क्या कानूनी कदम उठाना सकना ।
"मुझे लड़कों के एक समूह द्वारा ब्लैकमेल किया जा रहा है जो मेरे बारे में निजी जानकारी उजागर करने की धमकी दे रहा है। कुछ दिन पहले इंस्टाग्राम पर मैसेज के जरिए ब्लैकमेल की कोशिशें शुरू हुईं। वे रुपये मांग रहे हैं. 35,000 न देने पर वे मुझे सार्वजनिक रूप से बदनाम करने की धमकी देते हैं। मैंने अब तक उनकी कोई भी मांग नहीं मानी है।' लगातार मिल रही इन धमकियों से मानसिक दबाव असहनीय होता जा रहा है। मैंने इस मामले से जुड़े सभी मैसेज और कॉल का रिकॉर्ड रखा है.' मैं इस ब्लैकमेल को रोकने और मेरी गोपनीयता की रक्षा के लिए तत्काल कार्रवाई का अनुरोध करता हूं। कृपया सलाह दें कि मैं इस व्यक्ति के खिलाफ क्या कानूनी कदम उठा सकता हूं।",ब्लैकमेल,लड़का समूह ब्लैकमेल जाना रहना जो बारे निजी जानकारी उजागर धमकी देना रहना । कुछ दिन पहले इंस्टाग्राम मैसेज जरिये ब्लैकमेल कोशिश शुरू होना । रुपया मांगना रहना न देना सार्वजनिक रूप बदनाम धमकी देना । अब कोई मांग नहीं मानना । लगातार मिलना रहना धमकी मानसिक दबाव असहनीय होना जाना रहना । मामला जुडना सभी मैसेज कॉल रिकॉर्ड रखना ब्लैकमेल रोकना गोपनीयता रक्षा तत्काल कार्रवाई अनुरोध । कृपया सलाह देना कि व्यक्ति खिलाफ क्या कानूनी कदम उठाना सकना ।
मैं नासिक रोड पर हुई छेड़छाड़ की एक घटना की रिपोर्ट करना चाहता हूं। जब मैं काम से लौट रही थी तो बस स्टॉप पर एक आदमी ने चलते समय मुझ पर अश्लील टिप्पणी की। उन्होंने सीटियां भी बजाईं और मेरे और मेरे दोस्त की ओर अनुचित इशारे भी किए। जब मैंने उन्हें नज़रअंदाज कर दूर जाने की कोशिश की तो उन्होंने कुछ दूर तक पीछा किया। इस तरह के व्यवहार से मुझे अकेले यात्रा करते समय असुरक्षित महसूस होने लगा है। क्षेत्र की अन्य महिलाओं को भी उसी स्थान पर इसी तरह के उत्पीड़न का सामना करना पड़ा है। मैं ऐसी घटनाओं को रोकने के लिए इस क्षेत्र में पुलिस गश्त बढ़ाने का अनुरोध करता हूं। यदि लाइन-अप या सीसीटीवी समीक्षा की व्यवस्था की जाती है तो मैं व्यक्तियों की पहचान करने के लिए तैयार हूं।,ईव टीज़िंग,नासिक रोड होना छेडछाड घटना रिपोर्ट चाहना । जब काम लौटना रहना बस स्टॉप आदमी ने चलना समय अश्लील टिप्पणी । सीटी बजाना दोस्त ओर अनुचित इशारा । जब नजरअंदाज दूर जाना कोशिश कुछ दूर पीछा । तरह व्यवहार अकेला यात्रा समय असुरक्षित महसूस होना लगाना । क्षेत्र अन्य महिला स्थान तरह उत्पीडन सामना पड़ना । ऐसा घटना रोकना क्षेत्र पुलिस गश्त बढ़ाना अनुरोध । यदि लाइन अप सीसीटीवी समीक्षा व्यवस्था जाना व्यक्ति पहचान तैयार ।
"मैं विले पार्ले में शोर और उपद्रव के संबंध में एक सामान्य सुरक्षा शिकायत दर्ज करना चाहता हूं। 15 जुलाई से, पास का एक प्रतिष्ठान अनुमत समय से अधिक जोर-शोर से काम कर रहा है। इससे आस-पड़ोस की शांति भंग हो गई है, विशेषकर बुजुर्ग निवासियों और बच्चों के लिए। मालिकों से शोर कम करने के बार-बार अनुरोध को नजरअंदाज कर दिया गया है। सप्ताहांत पर स्थिति और भी गंभीर हो जाती है जब अशांति देर रात तक जारी रहती है। इस मुद्दे को स्थानीय अधिकारियों के सामने उठाने के लिए कई पड़ोसी एकजुट हुए हैं। मैं यह सुनिश्चित करने के लिए आवश्यक कार्रवाई का अनुरोध करता हूं कि शोर के स्तर को नियंत्रण में लाया जाए। कृपया निवासियों की भलाई के लिए इस मामले पर जल्द से जल्द ध्यान दें।",अन्य,विले पार्ले शोर उपद्रव संबंध सामान्य सुरक्षा शिकायत दर्ज चाहना । जुलाई पास प्रतिष्ठान अनुमत समय अधिक जोर शोर काम रहना । आस पडोस शान्ति भंग होना जाना विशेषकर बुजुर्ग निवासी बच्चा । मालिक शोर कम बार बार अनुरोध नजरअंदाज देना जाना । सप्ताहांत स्थिति गंभीर होना जाना जब अशान्ति देर रात जारी रहना । मुद्दा स्थानीय अधिकारी सामने उठाना कई पड़ोसी एकजुट होना । सुनिश्चित आवश्यक कार्रवाई अनुरोध कि शोर स्तर नियंत्रण लाना जाना । कृपया निवासी भलाई मामला जल्द जल्द ध्यान देना ।
"मैं बानेर में अपने निवास पर अपने ससुराल वालों द्वारा झेली जा रही घरेलू हिंसा की रिपोर्ट करना चाहती हूं। पिछले दो सप्ताह से शारीरिक और मानसिक शोषण जारी है। छोटी-छोटी घरेलू बातों पर अक्सर मुझे पीटा जाता है और गाली-गलौज की जाती है। उन्होंने मुझे बिना किसी सहारे के घर से बाहर निकाल देने की धमकी भी दी है. मेरे बच्चों ने ये घटनाएं देखी हैं, जिसका उन पर बुरा असर पड़ा है.' मैंने इसे शांतिपूर्ण तरीके से सुलझाने की कोशिश की है, लेकिन दुर्व्यवहार बढ़ता ही जा रहा है। मैं इस दुरुपयोग के लिए जिम्मेदार लोगों के खिलाफ सुरक्षा और कानूनी कार्रवाई का अनुरोध करता हूं। यदि आवश्यक हुआ तो मैं मेडिकल रिकॉर्ड और गवाहों के बयान उपलब्ध कराने के लिए तैयार हूं।",घरेलू हिंसा,बानेर अपना निवास अपना ससुराल वाला झेलना जाना रहना घरेलू हिंसा रिपोर्ट चाहना । पिछला दो सप्ताह शारीरिक मानसिक शोषण जारी । छोटा छोटा घरेलू बात अक्सर पीटना जाना गाली गलौज जाना । बिना कोई सहारा घर बाहर निकालना देना धमकी देना बच्चा ने घटना देखना जो बुरा असर पड़ना शांतिपूर्ण तरीका सुलझाना कोशिश लेकिन दुर्व्यवहार बढना ही जाना रहना । दुरुपयोग जिम्मेदार लोग खिलाफ सुरक्षा कानूनी कार्रवाई अनुरोध । यदि आवश्यक होना मेडिकल रिकॉर्ड गवाह बयान उपलब्ध कराना तैयार ।
"मैं रिपोर्ट करना चाहती हूं कि एक डेटिंग ऐप के जरिए मुझे ऑनलाइन परेशान किया जा रहा है। एक अज्ञात यूजर 22 जून से मुझे अपमानजनक और धमकी भरे संदेश भेज रहा है। उन्होंने मेरी सहमति के बिना मेरी तस्वीरों का उपयोग करके एक फर्जी प्रोफ़ाइल भी बनाई है। यह व्यक्ति मेरे दोस्तों और रिश्तेदारों को मेरे बारे में आपत्तिजनक सामग्री वाले संदेश भेज रहा है। मैंने खाते को ब्लॉक करने का प्रयास किया है, लेकिन नए नकली खाते सामने आते रहते हैं। इस ऑनलाइन उत्पीड़न के कारण मुझे बहुत तनाव और शर्मिंदगी उठानी पड़ रही है। मैं साइबर क्राइम सेल से अनुरोध करता हूं कि खाते का पता लगाया जाए और सख्त कार्रवाई की जाए। मैं उत्पीड़न के सबूत के रूप में स्क्रीनशॉट और चैट इतिहास साझा कर सकता हूं।",साइबर उत्पीड़न,रिपोर्ट चाहना कि डेटिंग ऐप जरिये ऑनलाइन परेशान जाना रहना । अज्ञात यूजर जून अपमानजनक धमकी भरना संदेश भेजना रहना । सहमति बिना तस्वीर उपयोग फर्जी प्रोफाइल बनाना । व्यक्ति दोस्त रिश्तेदार बारे आपत्तिजनक सामग्री वाला संदेश भेजना रहना । खाता ब्लॉक प्रयास लेकिन नया नकली खाता सामने आना रहना । ऑनलाइन उत्पीडन कारण बहुत तनाव शर्मिंदगी उठाना पड़ना रहना । साइबर क्राइम सेल अनुरोध कि खाता पता लगाना जाना सख्त कार्रवाई जाना । उत्पीडन सबूत रूप स्क्रीनशॉट चैट इतिहास साझा सकना ।
"मैं कल्याण में शोर और उपद्रव के संबंध में एक सामान्य सुरक्षा शिकायत दर्ज करना चाहता हूं। पिछले दो सप्ताह से, पास का एक प्रतिष्ठान अनुमत घंटों से अधिक जोर-शोर से काम कर रहा है। इससे आस-पड़ोस की शांति भंग हो गई है, विशेषकर बुजुर्ग निवासियों और बच्चों के लिए। मालिकों से शोर कम करने के बार-बार अनुरोध को नजरअंदाज कर दिया गया है। सप्ताहांत पर स्थिति और भी गंभीर हो जाती है जब अशांति देर रात तक जारी रहती है। इस मुद्दे को स्थानीय अधिकारियों के सामने उठाने के लिए कई पड़ोसी एकजुट हुए हैं। मैं यह सुनिश्चित करने के लिए आवश्यक कार्रवाई का अनुरोध करता हूं कि शोर के स्तर को नियंत्रण में लाया जाए। कृपया निवासियों की भलाई के लिए इस मामले पर जल्द से जल्द ध्यान दें।",अन्य,कल्याण शोर उपद्रव संबंध सामान्य सुरक्षा शिकायत दर्ज चाहना । पिछला दो सप्ताह पास प्रतिष्ठान अनुमत घंटा अधिक जोर शोर काम रहना । आस पडोस शान्ति भंग होना जाना विशेषकर बुजुर्ग निवासी बच्चा । मालिक शोर कम बार बार अनुरोध नजरअंदाज देना जाना । सप्ताहांत स्थिति गंभीर होना जाना जब अशान्ति देर रात जारी रहना । मुद्दा स्थानीय अधिकारी सामने उठाना कई पड़ोसी एकजुट होना । सुनिश्चित आवश्यक कार्रवाई अनुरोध कि शोर स्तर नियंत्रण लाना जाना । कृपया निवासी भलाई मामला जल्द जल्द ध्यान देना ।
"यह लगभग रु. की नकदी से संबंधित चोरी की घटना की रिपोर्ट है। कल्याण इलाके में 15,000। यह तब हुआ जब मैं बाजार से वापस आ रहा था, जब मैं थोड़ी देर के लिए वहां से हट गया था। वापस लौटने पर मुझे पता चला कि मेरा सामान कोई अज्ञात व्यक्ति ले गया है। अनुमानित नुकसान लगभग रु. 20,000, जो मेरे लिए एक महत्वपूर्ण राशि है। आसपास कुछ लोग भी थे, लेकिन किसी को चोरी होने का पता नहीं चला। मैंने आस-पास की दुकानों और निवासियों से जांच की है, लेकिन अभी तक कोई सुराग नहीं मिला है। मेरा अनुरोध है कि जल्द से जल्द मामला दर्ज किया जाए और जांच की जाए।' मैं जांच प्रक्रिया में पूरा सहयोग करने को तैयार हूं।'",चोरी,लगभग रु नकदी संबंधित चोरी घटना रिपोर्ट । कल्याण इलाका । तब होना जब बाजार वापस आना रहना जब थोड़ा देर वहाँ हटना जाना । वापस लौटना पता चलना कि सामान कोई अज्ञात व्यक्ति लेना जाना । अनुमानित नुकसान लगभग रु जो महत्वपूर्ण राशि । आसपास कुछ लोग लेकिन कोई चोरी होना पता नहीं चलना । आस पास दुकान निवासी जांच लेकिन अभी कोई सुराग नहीं मिलना । अनुरोध कि जल्द जल्द मामला दर्ज जाना जांच जाना । जांच प्रक्रिया पूरा सहयोग तैयार ।
"मैं सदर बाजार में हुई मेरे नकदी और कार्ड वाले पर्स की चोरी की रिपोर्ट करना चाहता हूं। घटना दो दिन पहले मुख्य बाजार इलाके के पास हुई. जब मुझे एहसास हुआ कि यह गायब है, तो मैंने तुरंत आसपास की जाँच की लेकिन कुछ नहीं मिला। मुझे संदेह है कि इसे किसी ऐसे व्यक्ति ने चुराया है जो कुछ समय से मेरा पीछा कर रहा था। चोरी गए सामान की अनुमानित कीमत करीब तीन लाख रुपये है। 8,000. मैंने स्थानीय दुकानदारों को पहले ही सूचित कर दिया है कि उन्हें कुछ भी असामान्य दिखे। मैं पुलिस से मामले की जांच करने और मेरा सामान बरामद करने में मदद करने का अनुरोध करता हूं। यदि उपलब्ध हो तो मैं कोई भी अतिरिक्त विवरण या सीसीटीवी फुटेज स्थान प्रदान करने के लिए तैयार हूं।",चोरी,सदर बाजार होना नकदी कार्ड वाला पर्स चोरी रिपोर्ट चाहना । घटना दो दिन पहले मुख्य बाजार इलाका पास होना जब एहसास होना कि गायब तुरंत आसपास जाँच लेकिन कुछ नहीं मिलना । संदेह कि कोई ऐसा व्यक्ति ने चुराना जो कुछ समय पीछा रहना । चोरी जाना सामान अनुमानित कीमत करीब तीन लाख रुपया । स्थानीय दुकानदार पहले ही सूचित देना कि कुछ असामान्य दिखना । पुलिस मामला जांच सामान बरामद मदद अनुरोध । यदि उपलब्ध होना कोई अतिरिक्त विवरण सीसीटीवी फुटेज स्थान प्रदान तैयार ।
"एक व्यक्ति, जिसकी पहचान एक अज्ञात व्यक्ति के रूप में की गई है, कुछ दिनों से मेरा पीछा कर रहा है। आज सुबह-सुबह वे मेरे कॉलेज के गेट के पास खड़े होकर मुझे देखते दिखे। मेरे कई बार मना करने के बाद भी वे बार-बार मुझसे बात करने की कोशिश करते हैं। मेरे दोस्तों ने भी देखा है कि यह व्यक्ति अलग-अलग दिनों में मेरा पीछा कर रहा है। ऐसा लगता है कि यह व्यक्ति मेरी दिनचर्या जानता है, जो बहुत चिंताजनक है। मुझे डर है कि अगर इसे नहीं रोका गया तो यह और भी खतरनाक रूप ले सकता है। मेरा अनुरोध है कि इस व्यक्ति के खिलाफ तुरंत सख्त कार्रवाई की जाए।' कृपया मेरी सुरक्षा सुनिश्चित करने के लिए अगले कदमों पर मेरा मार्गदर्शन करें।",स्टॉकिंग,व्यक्ति जो पहचान अज्ञात व्यक्ति रूप जाना कुछ दिन पीछा रहना । आज सुबह सुबह कॉलेज गेट पास खड़ा होना देखना दिखे।ना कई बार मना बाद बार बार बात कोशिश । दोस्त ने देखना कि व्यक्ति अलग अलग दिन पीछा रहना । ऐसा लगना कि व्यक्ति दिनचर्या जानना जो बहुत चिंताजनक । डर कि अगर नहीं रोकना जाना खतरनाक रूप लेना सकना । अनुरोध कि व्यक्ति खिलाफ तुरंत सख्त कार्रवाई जाना । कृपया सुरक्षा सुनिश्चित अगला कदम मार्गदर्शन ।
मैं घर में लगातार घरेलू दुर्व्यवहार के लिए अपनी सास के खिलाफ यह शिकायत दर्ज करा रही हूं। पिछले शुक्रवार से मुझ पर शारीरिक हमला और उत्पीड़न किया जा रहा है। मुझे बुनियादी ज़रूरतों से भी वंचित कर दिया जाता है और बिना कारण घर तक सीमित कर दिया जाता है। जब भी मैं बोलने की कोशिश करता हूं तो बार-बार हिंसा की धमकियां मिलती रहती हैं। मेरे रिश्तेदार स्थिति से अवगत हैं और दुर्व्यवहार की गवाही दे सकते हैं। मुझे अपनी सुरक्षा और मेरे साथ रहने वाले मेरे बच्चों की सुरक्षा का डर है। मैं कानून के तहत तत्काल सुरक्षा और उचित कानूनी कार्रवाई का अनुरोध करता हूं। कृपया मेरी स्थिति के लिए उपलब्ध आश्रय और कानूनी सहायता के संबंध में मेरा मार्गदर्शन करें।,घरेलू हिंसा,घर लगातार घरेलू दुर्व्यवहार अपना सास खिलाफ शिकायत दर्ज रहना । पिछला शुक्रवार शारीरिक हमला उत्पीडन जाना रहना । बुनियादी ज़रूरत वंचित देना जाना बिना कारण घर सीमित देना जाना । जब बोलना कोशिश बार बार हिंसा धमकी मिलना रहना । रिश्तेदार स्थिति अवगत दुर्व्यवहार गवाही देना सकना । अपना सुरक्षा साथ रहना वाला बच्चा सुरक्षा डर । कानून तहत तत्काल सुरक्षा उचित कानूनी कार्रवाई अनुरोध । कृपया स्थिति उपलब्ध आश्रय कानूनी सहायता संबंध मार्गदर्शन ।
"मैं ठाणे में हुई अपने दोपहिया वाहन की चोरी की रिपोर्ट करना चाहता हूं। यह घटना तब हुई जब मैं बाजार से वापस आ रहा था, मुख्य बाजार क्षेत्र के पास। जब मुझे एहसास हुआ कि यह गायब है, तो मैंने तुरंत आसपास की जाँच की लेकिन कुछ नहीं मिला। मुझे संदेह है कि इसे किसी ऐसे व्यक्ति ने चुराया है जो कुछ समय से मेरा पीछा कर रहा था। चोरी गए सामान की अनुमानित कीमत करीब तीन लाख रुपये है। 20,000. मैंने स्थानीय दुकानदारों को पहले ही सूचित कर दिया है कि उन्हें कुछ भी असामान्य दिखे। मैं पुलिस से मामले की जांच करने और मेरा सामान बरामद करने में मदद करने का अनुरोध करता हूं। यदि उपलब्ध हो तो मैं कोई भी अतिरिक्त विवरण या सीसीटीवी फुटेज स्थान प्रदान करने के लिए तैयार हूं।",चोरी,ठाणे होना अपना दोपहिया वाहन चोरी रिपोर्ट चाहना । घटना तब होना जब बाजार वापस आना रहना मुख्य बाजार क्षेत्र पास। जब एहसास होना कि गायब तुरंत आसपास जाँच लेकिन कुछ नहीं मिलना । संदेह कि कोई ऐसा व्यक्ति ने चुराना जो कुछ समय पीछा रहना । चोरी जाना सामान अनुमानित कीमत करीब तीन लाख रुपया । स्थानीय दुकानदार पहले ही सूचित देना कि कुछ असामान्य दिखना । पुलिस मामला जांच सामान बरामद मदद अनुरोध । यदि उपलब्ध होना कोई अतिरिक्त विवरण सीसीटीवी फुटेज स्थान प्रदान तैयार ।
"मैं दादर में हुई अपने लैपटॉप बैग की चोरी की रिपोर्ट दर्ज कराना चाहता हूं। घटना आज सुबह करीब 8 बजे मुख्य बाजार इलाके के पास हुई. जब मुझे एहसास हुआ कि यह गायब है, तो मैंने तुरंत आसपास की जाँच की लेकिन कुछ नहीं मिला। मुझे संदेह है कि इसे किसी ऐसे व्यक्ति ने चुराया है जो कुछ समय से मेरा पीछा कर रहा था। चोरी गए सामान की अनुमानित कीमत करीब तीन लाख रुपये है। 12,000. मैंने स्थानीय दुकानदारों को पहले ही सूचित कर दिया है कि उन्हें कुछ भी असामान्य दिखे। मैं पुलिस से मामले की जांच करने और मेरा सामान बरामद करने में मदद करने का अनुरोध करता हूं। यदि उपलब्ध हो तो मैं कोई भी अतिरिक्त विवरण या सीसीटीवी फुटेज स्थान प्रदान करने के लिए तैयार हूं।",चोरी,दादर होना अपना लैपटॉप बैग चोरी रिपोर्ट दर्ज कराना चाहना । घटना आज सुबह करीब बजे मुख्य बाजार इलाका पास होना जब एहसास होना कि गायब तुरंत आसपास जाँच लेकिन कुछ नहीं मिलना । संदेह कि कोई ऐसा व्यक्ति ने चुराना जो कुछ समय पीछा रहना । चोरी जाना सामान अनुमानित कीमत करीब तीन लाख रुपया । स्थानीय दुकानदार पहले ही सूचित देना कि कुछ असामान्य दिखना । पुलिस मामला जांच सामान बरामद मदद अनुरोध । यदि उपलब्ध होना कोई अतिरिक्त विवरण सीसीटीवी फुटेज स्थान प्रदान तैयार ।
"मैं वाशी में हुई छेड़छाड़ की एक घटना की रिपोर्ट करना चाहता हूं। पिछले हफ्ते, जब मैं पैदल जा रही थी तो बस स्टॉप पर एक आदमी ने मुझ पर अश्लील टिप्पणियाँ कीं। उन्होंने सीटियां भी बजाईं और मेरे और मेरे दोस्त की ओर अनुचित इशारे भी किए। जब मैंने उन्हें नज़रअंदाज कर दूर जाने की कोशिश की तो उन्होंने कुछ दूर तक पीछा किया। इस तरह के व्यवहार से मुझे अकेले यात्रा करते समय असुरक्षित महसूस होने लगा है। क्षेत्र की अन्य महिलाओं को भी उसी स्थान पर इसी तरह के उत्पीड़न का सामना करना पड़ा है। मैं ऐसी घटनाओं को रोकने के लिए इस क्षेत्र में पुलिस गश्त बढ़ाने का अनुरोध करता हूं। यदि लाइन-अप या सीसीटीवी समीक्षा की व्यवस्था की जाती है तो मैं व्यक्तियों की पहचान करने के लिए तैयार हूं।",ईव टीज़िंग,वाशी होना छेडछाड घटना रिपोर्ट चाहना । पिछला हफ्ता जब पैदल जाना रहना बस स्टॉप आदमी ने अश्लील टिप्पणी कीं।ना सीटी बजाना दोस्त ओर अनुचित इशारा । जब नजरअंदाज दूर जाना कोशिश कुछ दूर पीछा । तरह व्यवहार अकेला यात्रा समय असुरक्षित महसूस होना लगाना । क्षेत्र अन्य महिला स्थान तरह उत्पीडन सामना पड़ना । ऐसा घटना रोकना क्षेत्र पुलिस गश्त बढ़ाना अनुरोध । यदि लाइन अप सीसीटीवी समीक्षा व्यवस्था जाना व्यक्ति पहचान तैयार ।
"मैं नासिक रोड में रहने वाले एक अजनबी द्वारा मुझे दी गई धमकियों के संबंध में शिकायत दर्ज कर रही हूं। हमारे बीच मामूली विवाद के बाद पिछले दो सप्ताह से धमकियां मिलनी शुरू हो गईं। उन्होंने मुझे बोलने पर हमला करने और मेरी संपत्ति को नुकसान पहुंचाने की धमकी दी है। इससे मेरे और मेरे परिवार के सदस्यों में काफी डर और चिंता पैदा हो गई है। मैंने किसी भी टकराव से परहेज किया है, लेकिन धमकियां इसकी परवाह किए बिना जारी हैं। इलाके के पड़ोसियों को भी तनाव की जानकारी है और वे इसकी पुष्टि कर सकते हैं. मेरा अनुरोध है कि मेरी सुरक्षा सुनिश्चित करने के लिए उचित कानूनी कार्रवाई की जाए। धमकियों की गंभीर प्रकृति को देखते हुए कृपया इस मामले पर तत्परता से विचार करें।",धमकी,नासिक रोड रहना वाला अजनबी देना जाना धमकी संबंध शिकायत दर्ज रहना । बीच मामूली विवाद बाद पिछला दो सप्ताह धमकी मिलना शुरू होना जाना । बोलना हमला संपत्ति नुकसान पहुंचाना धमकी देना । परिवार सदस्य काफी डर चिंता पैदा होना जाना । कोई टकराव परहेज लेकिन धमकी परवाह बिना जारी । इलाका पड़ोसी तनाव जानकारी पुष्टि सकना अनुरोध कि सुरक्षा सुनिश्चित उचित कानूनी कार्रवाई जाना धमकी गंभीर प्रकृति देखना होना कृपया मामला तत्परता विचार ।
"मैं पिंपरी में शोर और उपद्रव के संबंध में एक सामान्य सुरक्षा शिकायत दर्ज करना चाहता हूं। 22 जून से, पास का एक प्रतिष्ठान अनुमत समय से अधिक जोर-शोर से काम कर रहा है। इससे आस-पड़ोस की शांति भंग हो गई है, विशेषकर बुजुर्ग निवासियों और बच्चों के लिए। मालिकों से शोर कम करने के बार-बार अनुरोध को नजरअंदाज कर दिया गया है। सप्ताहांत पर स्थिति और भी गंभीर हो जाती है जब अशांति देर रात तक जारी रहती है। इस मुद्दे को स्थानीय अधिकारियों के सामने उठाने के लिए कई पड़ोसी एकजुट हुए हैं। मैं यह सुनिश्चित करने के लिए आवश्यक कार्रवाई का अनुरोध करता हूं कि शोर के स्तर को नियंत्रण में लाया जाए। कृपया निवासियों की भलाई के लिए इस मामले पर जल्द से जल्द ध्यान दें।",अन्य,पिंपरी शोर उपद्रव संबंध सामान्य सुरक्षा शिकायत दर्ज चाहना । जून पास प्रतिष्ठान अनुमत समय अधिक जोर शोर काम रहना । आस पडोस शान्ति भंग होना जाना विशेषकर बुजुर्ग निवासी बच्चा । मालिक शोर कम बार बार अनुरोध नजरअंदाज देना जाना । सप्ताहांत स्थिति गंभीर होना जाना जब अशान्ति देर रात जारी रहना । मुद्दा स्थानीय अधिकारी सामने उठाना कई पड़ोसी एकजुट होना । सुनिश्चित आवश्यक कार्रवाई अनुरोध कि शोर स्तर नियंत्रण लाना जाना । कृपया निवासी भलाई मामला जल्द जल्द ध्यान देना ।
मैं घर में लगातार घरेलू दुर्व्यवहार के लिए अपनी सास के खिलाफ यह शिकायत दर्ज करा रही हूं। 15 जुलाई से मुझे शारीरिक उत्पीड़न और उत्पीड़न का शिकार होना पड़ रहा है। मुझे बुनियादी ज़रूरतों से भी वंचित कर दिया जाता है और बिना कारण घर तक सीमित कर दिया जाता है। जब भी मैं बोलने की कोशिश करता हूं तो बार-बार हिंसा की धमकियां मिलती रहती हैं। मेरे रिश्तेदार स्थिति से अवगत हैं और दुर्व्यवहार की गवाही दे सकते हैं। मुझे अपनी सुरक्षा और मेरे साथ रहने वाले मेरे बच्चों की सुरक्षा का डर है। मैं कानून के तहत तत्काल सुरक्षा और उचित कानूनी कार्रवाई का अनुरोध करता हूं। कृपया मेरी स्थिति के लिए उपलब्ध आश्रय और कानूनी सहायता के संबंध में मेरा मार्गदर्शन करें।,घरेलू हिंसा,घर लगातार घरेलू दुर्व्यवहार अपना सास खिलाफ शिकायत दर्ज रहना । जुलाई शारीरिक उत्पीडन उत्पीडन शिकार होना पड़ना रहना । बुनियादी ज़रूरत वंचित देना जाना बिना कारण घर सीमित देना जाना । जब बोलना कोशिश बार बार हिंसा धमकी मिलना रहना । रिश्तेदार स्थिति अवगत दुर्व्यवहार गवाही देना सकना । अपना सुरक्षा साथ रहना वाला बच्चा सुरक्षा डर । कानून तहत तत्काल सुरक्षा उचित कानूनी कार्रवाई अनुरोध । कृपया स्थिति उपलब्ध आश्रय कानूनी सहायता संबंध मार्गदर्शन ।
"एक व्यक्ति, जिसकी पहचान लड़कों के एक समूह के रूप में की गई है, कुछ दिनों से मेरा पीछा कर रहा है। मेरी शाम की सैर के दौरान वे मेरे कॉलेज के गेट के पास खड़े होकर मुझे देखते दिखे। मेरे कई बार मना करने के बाद भी वे बार-बार मुझसे बात करने की कोशिश करते हैं। मेरे दोस्तों ने भी देखा है कि यह व्यक्ति अलग-अलग दिनों में मेरा पीछा कर रहा है। ऐसा लगता है कि यह व्यक्ति मेरी दिनचर्या जानता है, जो बहुत चिंताजनक है। मुझे डर है कि अगर इसे नहीं रोका गया तो यह और भी खतरनाक रूप ले सकता है। मेरा अनुरोध है कि इस व्यक्ति के खिलाफ तुरंत सख्त कार्रवाई की जाए।' कृपया मेरी सुरक्षा सुनिश्चित करने के लिए अगले कदमों पर मेरा मार्गदर्शन करें।",स्टॉकिंग,व्यक्ति जो पहचान लड़का समूह रूप जाना कुछ दिन पीछा रहना । शाम सैर दौरान कॉलेज गेट पास खड़ा होना देखना दिखे।ना कई बार मना बाद बार बार बात कोशिश । दोस्त ने देखना कि व्यक्ति अलग अलग दिन पीछा रहना । ऐसा लगना कि व्यक्ति दिनचर्या जानना जो बहुत चिंताजनक । डर कि अगर नहीं रोकना जाना खतरनाक रूप लेना सकना । अनुरोध कि व्यक्ति खिलाफ तुरंत सख्त कार्रवाई जाना । कृपया सुरक्षा सुनिश्चित अगला कदम मार्गदर्शन ।
"किसी अज्ञात फ़ोन नंबर पर कोई मुझे बार-बार अनुचित संदेश और टिप्पणियाँ भेज रहा है। यह उत्पीड़न पिछले एक महीने से शुरू हुआ और हाल ही में इसकी आवृत्ति में वृद्धि हुई है। उस व्यक्ति ने मेरे सार्वजनिक पोस्ट पर भी अश्लील टिप्पणी की है.' मैंने उन्हें समझाने की कोशिश की, लेकिन उन्होंने और भी अश्लील संदेश जारी रखे। उन्होंने मेरे दोस्तों और परिवार को भी शर्मनाक और झूठे पोस्ट में टैग किया। मैं बेहद परेशान हूं और अब शांति से सोशल मीडिया का इस्तेमाल नहीं कर पा रहा हूं।' मेरा अनुरोध है कि खाते का पता लगाया जाए और उचित कार्रवाई की जाए। मैं अपनी शिकायत के समर्थन में आवश्यक स्क्रीनशॉट संलग्न कर रहा हूं।",साइबर उत्पीड़न,कोई अज्ञात फोन नंबर कोई बार बार अनुचित संदेश टिप्पणी भेजना रहना । उत्पीडन पिछला महीना शुरू होना हाल ही आवृत्ति वृद्धि होना । व्यक्ति ने सार्वजनिक पोस्ट अश्लील टिप्पणी समझाना कोशिश लेकिन अश्लील संदेश जारी रखना । दोस्त परिवार शर्मनाक झूठा पोस्ट टैग । बेहद परेशान अब शान्ति सोशल मीडिया इस्तेमाल नहीं पाना रहना । अनुरोध कि खाता पता लगाना जाना उचित कार्रवाई जाना । अपना शिकायत समर्थन आवश्यक स्क्रीनशॉट संलग्न रहना ।
"मैं वकाड में अपने निवास पर अपने ससुराल वालों द्वारा झेली जा रही घरेलू हिंसा की रिपोर्ट करना चाहती हूं। 22 जून से लगातार शारीरिक और मानसिक शोषण जारी है। छोटी-छोटी घरेलू बातों पर अक्सर मुझे पीटा जाता है और गाली-गलौज की जाती है। उन्होंने मुझे बिना किसी सहारे के घर से बाहर निकाल देने की धमकी भी दी है. मेरे बच्चों ने ये घटनाएं देखी हैं, जिसका उन पर बुरा असर पड़ा है.' मैंने इसे शांतिपूर्ण तरीके से सुलझाने की कोशिश की है, लेकिन दुर्व्यवहार बढ़ता ही जा रहा है। मैं इस दुरुपयोग के लिए जिम्मेदार लोगों के खिलाफ सुरक्षा और कानूनी कार्रवाई का अनुरोध करता हूं। यदि आवश्यक हुआ तो मैं मेडिकल रिकॉर्ड और गवाहों के बयान उपलब्ध कराने के लिए तैयार हूं।",घरेलू हिंसा,वकाड अपना निवास अपना ससुराल वाला झेलना जाना रहना घरेलू हिंसा रिपोर्ट चाहना । जून लगातार शारीरिक मानसिक शोषण जारी । छोटा छोटा घरेलू बात अक्सर पीटना जाना गाली गलौज जाना । बिना कोई सहारा घर बाहर निकालना देना धमकी देना बच्चा ने घटना देखना जो बुरा असर पड़ना शांतिपूर्ण तरीका सुलझाना कोशिश लेकिन दुर्व्यवहार बढना ही जाना रहना । दुरुपयोग जिम्मेदार लोग खिलाफ सुरक्षा कानूनी कार्रवाई अनुरोध । यदि आवश्यक होना मेडिकल रिकॉर्ड गवाह बयान उपलब्ध कराना तैयार ।
"मुझे मेरे जीजा द्वारा ब्लैकमेल किया जा रहा है जो मेरे बारे में निजी जानकारी उजागर करने की धमकी दे रहा है। इस महीने की 3 तारीख को फेसबुक पर संदेशों के जरिए ब्लैकमेल की कोशिशें शुरू हुईं। वे रुपये मांग रहे हैं. 2,50,000 न देने पर वे मुझे सार्वजनिक रूप से बदनाम करने की धमकी देते हैं। मैंने अब तक उनकी कोई भी मांग नहीं मानी है।' लगातार मिल रही इन धमकियों से मानसिक दबाव असहनीय होता जा रहा है। मैंने इस मामले से जुड़े सभी मैसेज और कॉल का रिकॉर्ड रखा है.' मैं इस ब्लैकमेल को रोकने और मेरी गोपनीयता की रक्षा के लिए तत्काल कार्रवाई का अनुरोध करता हूं। कृपया सलाह दें कि मैं इस व्यक्ति के खिलाफ क्या कानूनी कदम उठा सकता हूं।",ब्लैकमेल,जीजा ब्लैकमेल जाना रहना जो बारे निजी जानकारी उजागर धमकी देना रहना । महीना तारीख फेसबुक संदेश जरिये ब्लैकमेल कोशिश शुरू होना । रुपया मांगना रहना न देना सार्वजनिक रूप बदनाम धमकी देना । अब कोई मांग नहीं मानना । लगातार मिलना रहना धमकी मानसिक दबाव असहनीय होना जाना रहना । मामला जुडना सभी मैसेज कॉल रिकॉर्ड रखना ब्लैकमेल रोकना गोपनीयता रक्षा तत्काल कार्रवाई अनुरोध । कृपया सलाह देना कि व्यक्ति खिलाफ क्या कानूनी कदम उठाना सकना ।
"यह वाशी इलाके में घरेलू इलेक्ट्रॉनिक्स से जुड़ी एक चोरी की घटना की रिपोर्ट करने के लिए है। यह मेरी शाम की सैर के दौरान हुआ, जब मैं थोड़ी देर के लिए उस स्थान से हट गया था। वापस लौटने पर मुझे पता चला कि मेरा सामान कोई अज्ञात व्यक्ति ले गया है। अनुमानित नुकसान लगभग रु. 50,000, जो मेरे लिए एक महत्वपूर्ण राशि है। आसपास कुछ लोग भी थे, लेकिन किसी को चोरी होने का पता नहीं चला। मैंने आस-पास की दुकानों और निवासियों से जांच की है, लेकिन अभी तक कोई सुराग नहीं मिला है। मेरा अनुरोध है कि जल्द से जल्द मामला दर्ज किया जाए और जांच की जाए।' मैं जांच प्रक्रिया में पूरा सहयोग करने को तैयार हूं।'",चोरी,वाशी इलाका घरेलू इलेक्ट्रॉनिक्स जुड़ना चोरी घटना रिपोर्ट । शाम सैर दौरान होना जब थोड़ा देर स्थान हटना जाना । वापस लौटना पता चलना कि सामान कोई अज्ञात व्यक्ति लेना जाना । अनुमानित नुकसान लगभग रु जो महत्वपूर्ण राशि । आसपास कुछ लोग लेकिन कोई चोरी होना पता नहीं चलना । आस पास दुकान निवासी जांच लेकिन अभी कोई सुराग नहीं मिलना । अनुरोध कि जल्द जल्द मामला दर्ज जाना जांच जाना । जांच प्रक्रिया पूरा सहयोग तैयार ।
"मैं कैंप क्षेत्र में हुई घरेलू इलेक्ट्रॉनिक्स की चोरी की रिपोर्ट करना चाहता हूं। यह घटना आधी रात के आसपास मुख्य बाजार क्षेत्र के पास हुई। जब मुझे एहसास हुआ कि यह गायब है, तो मैंने तुरंत आसपास की जाँच की लेकिन कुछ नहीं मिला। मुझे संदेह है कि इसे किसी ऐसे व्यक्ति ने चुराया है जो कुछ समय से मेरा पीछा कर रहा था। चोरी गए सामान की अनुमानित कीमत करीब तीन लाख रुपये है। 35,000. मैंने स्थानीय दुकानदारों को पहले ही सूचित कर दिया है कि उन्हें कुछ भी असामान्य दिखे। मैं पुलिस से मामले की जांच करने और मेरा सामान बरामद करने में मदद करने का अनुरोध करता हूं। यदि उपलब्ध हो तो मैं कोई भी अतिरिक्त विवरण या सीसीटीवी फुटेज स्थान प्रदान करने के लिए तैयार हूं।",चोरी,कैंप क्षेत्र होना घरेलू इलेक्ट्रॉनिक्स चोरी रिपोर्ट चाहना । घटना आधा रात आसपास मुख्य बाजार क्षेत्र पास होना । जब एहसास होना कि गायब तुरंत आसपास जाँच लेकिन कुछ नहीं मिलना । संदेह कि कोई ऐसा व्यक्ति ने चुराना जो कुछ समय पीछा रहना । चोरी जाना सामान अनुमानित कीमत करीब तीन लाख रुपया । स्थानीय दुकानदार पहले ही सूचित देना कि कुछ असामान्य दिखना । पुलिस मामला जांच सामान बरामद मदद अनुरोध । यदि उपलब्ध होना कोई अतिरिक्त विवरण सीसीटीवी फुटेज स्थान प्रदान तैयार ।
"मैं रिपोर्ट करना चाहता हूं कि मुझे पिंपरी में लड़कों के एक समूह से गंभीर धमकियां मिली हैं। पिछले एक महीने से यह व्यक्ति मुझे और मेरे परिवार को नुकसान पहुंचाने की धमकी दे रहा है। अगर मैंने उनकी मांगें नहीं मानी तो उन्होंने मुझे गंभीर परिणाम भुगतने की चेतावनी दी है। धमकियाँ व्यक्तिगत रूप से और फोन कॉल दोनों पर दी गई हैं। मैं इन धमकियों के कारण अपने परिवार की सुरक्षा को लेकर बेहद चिंतित हूं।' मैंने उनकी किसी भी मांग का जवाब नहीं दिया, जिससे उनका गुस्सा और बढ़ गया है.' मैं पुलिस सुरक्षा और मुझे धमकी देने वाले व्यक्ति के खिलाफ तत्काल कार्रवाई का अनुरोध करता हूं। मैं इस शिकायत के समर्थन में कॉल रिकॉर्डिंग और गवाह विवरण प्रदान कर सकता हूं।",धमकी,रिपोर्ट चाहना कि पिंपरी लड़का समूह गंभीर धमकी मिलना । पिछला महीना व्यक्ति परिवार नुकसान पहुंचाना धमकी देना रहना । अगर मांगें नहीं मानना गंभीर परिणाम भुगतना चेतावनी देना । धमकी व्यक्तिगत रूप फोन कॉल दो देना जाना । धमकी कारण अपना परिवार सुरक्षा लेना बेहद चिंतित । कोई मांग जवाब नहीं देना जो गुस्सा बढ़ना जाना पुलिस सुरक्षा धमकी देना वाला व्यक्ति खिलाफ तत्काल कार्रवाई अनुरोध । शिकायत समर्थन कॉल रिकॉर्डिंग गवाह विवरण प्रदान सकना ।
मैं शिवाजी नगर में हुई छेड़छाड़ की एक घटना की रिपोर्ट करना चाहता हूं। जब मैं बाजार से वापस आ रही थी तो चलते समय एक अनजान आदमी ने मुझ पर अश्लील कमेंट किए। उन्होंने सीटियां भी बजाईं और मेरे और मेरे दोस्त की ओर अनुचित इशारे भी किए। जब मैंने उन्हें नज़रअंदाज कर दूर जाने की कोशिश की तो उन्होंने कुछ दूर तक पीछा किया। इस तरह के व्यवहार से मुझे अकेले यात्रा करते समय असुरक्षित महसूस होने लगा है। क्षेत्र की अन्य महिलाओं को भी उसी स्थान पर इसी तरह के उत्पीड़न का सामना करना पड़ा है। मैं ऐसी घटनाओं को रोकने के लिए इस क्षेत्र में पुलिस गश्त बढ़ाने का अनुरोध करता हूं। यदि लाइन-अप या सीसीटीवी समीक्षा की व्यवस्था की जाती है तो मैं व्यक्तियों की पहचान करने के लिए तैयार हूं।,ईव टीज़िंग,शिवाजी नगर होना छेडछाड घटना रिपोर्ट चाहना । जब बाजार वापस आना रहना चलना समय अनजान आदमी ने अश्लील कमेंट । सीटी बजाना दोस्त ओर अनुचित इशारा । जब नजरअंदाज दूर जाना कोशिश कुछ दूर पीछा । तरह व्यवहार अकेला यात्रा समय असुरक्षित महसूस होना लगाना । क्षेत्र अन्य महिला स्थान तरह उत्पीडन सामना पड़ना । ऐसा घटना रोकना क्षेत्र पुलिस गश्त बढ़ाना अनुरोध । यदि लाइन अप सीसीटीवी समीक्षा व्यवस्था जाना व्यक्ति पहचान तैयार ।
"मैं रिपोर्ट करना चाहती हूं कि मुझे फेसबुक के माध्यम से ऑनलाइन परेशान किया जा रहा है। एक अज्ञात यूजर पिछले महीने की 10 तारीख से मुझे अपमानजनक और धमकी भरे संदेश भेज रहा है। उन्होंने मेरी सहमति के बिना मेरी तस्वीरों का उपयोग करके एक फर्जी प्रोफ़ाइल भी बनाई है। यह व्यक्ति मेरे दोस्तों और रिश्तेदारों को मेरे बारे में आपत्तिजनक सामग्री वाले संदेश भेज रहा है। मैंने खाते को ब्लॉक करने का प्रयास किया है, लेकिन नए नकली खाते सामने आते रहते हैं। इस ऑनलाइन उत्पीड़न के कारण मुझे बहुत तनाव और शर्मिंदगी उठानी पड़ रही है। मैं साइबर क्राइम सेल से अनुरोध करता हूं कि खाते का पता लगाया जाए और सख्त कार्रवाई की जाए। मैं उत्पीड़न के सबूत के रूप में स्क्रीनशॉट और चैट इतिहास साझा कर सकता हूं।",साइबर उत्पीड़न,रिपोर्ट चाहना कि फेसबुक माध्यम ऑनलाइन परेशान जाना रहना । अज्ञात यूजर पिछला महीना तारीख अपमानजनक धमकी भरना संदेश भेजना रहना । सहमति बिना तस्वीर उपयोग फर्जी प्रोफाइल बनाना । व्यक्ति दोस्त रिश्तेदार बारे आपत्तिजनक सामग्री वाला संदेश भेजना रहना । खाता ब्लॉक प्रयास लेकिन नया नकली खाता सामने आना रहना । ऑनलाइन उत्पीडन कारण बहुत तनाव शर्मिंदगी उठाना पड़ना रहना । साइबर क्राइम सेल अनुरोध कि खाता पता लगाना जाना सख्त कार्रवाई जाना । उत्पीडन सबूत रूप स्क्रीनशॉट चैट इतिहास साझा सकना ।
"मैं वाशी बस स्टॉप के पास हुई एक छेड़छाड़ की घटना की रिपोर्ट कर रहा हूं। मेरी शाम की सैर के दौरान, लड़कों के एक समूह ने मुझे छेड़ना शुरू कर दिया और भद्दी टिप्पणियाँ करने लगे। उन्होंने मेरी अनुमति के बिना मेरी तस्वीरें खींचने की भी कोशिश की. मैंने उनका विरोध किया, लेकिन उन्होंने इसे हंसी में उड़ा दिया और अपना व्यवहार जारी रखा। यह पहली बार नहीं है जब इस स्थान पर ऐसी घटनाएं हुई हैं। इसी ग्रुप के बारे में कई अन्य लड़कियों ने अनौपचारिक रूप से शिकायत की है. मैं महिलाओं की सुरक्षा सुनिश्चित करने के लिए सख्त कार्रवाई और नियमित पुलिस उपस्थिति का अनुरोध करता हूं। यदि व्यक्तियों का पता लगाया जाता है तो मैं पहचान में सहायता करने को तैयार हूं।",ईव टीज़िंग,वाशी बस स्टॉप पास होना छेडछाड घटना रिपोर्ट रहना । शाम सैर दौरान लड़का समूह ने छेड़ना शुरू देना भद्दी टिप्पणी लगना । अनुमति बिना तस्वीर खींचना कोशिश विरोध लेकिन हँसी उड़ाना देना अपना व्यवहार जारी रखना । पहला बार नहीं जब स्थान ऐसा घटना होना । ग्रुप बारे कई अन्य लड़की ने अनौपचारिक रूप शिकायत महिला सुरक्षा सुनिश्चित सख्त कार्रवाई नियमित पुलिस उपस्थिति अनुरोध । यदि व्यक्ति पता लगाना जाना पहचान सहायता तैयार ।
"यह पिंपरी इलाके में मेरे लैपटॉप बैग से जुड़ी चोरी की घटना की रिपोर्ट करने के लिए है। यह कल शाम की बात है, जब मैं थोड़ी देर के लिए घटनास्थल से हट गया था। वापस लौटने पर मुझे पता चला कि मेरा सामान कोई अज्ञात व्यक्ति ले गया है। अनुमानित नुकसान लगभग रु. 20,000, जो मेरे लिए एक महत्वपूर्ण राशि है। आसपास कुछ लोग भी थे, लेकिन किसी को चोरी होने का पता नहीं चला। मैंने आस-पास की दुकानों और निवासियों से जांच की है, लेकिन अभी तक कोई सुराग नहीं मिला है। मेरा अनुरोध है कि जल्द से जल्द मामला दर्ज किया जाए और जांच की जाए।' मैं जांच प्रक्रिया में पूरा सहयोग करने को तैयार हूं।'",चोरी,पिंपरी इलाका लैपटॉप बैग जुड़ना चोरी घटना रिपोर्ट । कल शाम बात जब थोड़ा देर घटनास्थल हटना जाना । वापस लौटना पता चलना कि सामान कोई अज्ञात व्यक्ति लेना जाना । अनुमानित नुकसान लगभग रु जो महत्वपूर्ण राशि । आसपास कुछ लोग लेकिन कोई चोरी होना पता नहीं चलना । आस पास दुकान निवासी जांच लेकिन अभी कोई सुराग नहीं मिलना । अनुरोध कि जल्द जल्द मामला दर्ज जाना जांच जाना । जांच प्रक्रिया पूरा सहयोग तैयार ।
"मैं चिंचवड़ में अपने सहपाठी द्वारा लगातार किए जा रहे उत्पीड़न की रिपोर्ट करना चाहती हूं। यह पिछले दो सप्ताह से शुरू हुआ और तब से बंद नहीं हुआ है. मेरा सहपाठी दूसरों के सामने मेरे बारे में अपमानजनक टिप्पणियाँ करता रहता है। आज सुबह करीब 8 बजे मेरे घर के पास इस शख्स ने फिर मेरे साथ बदसलूकी की. मैंने उनसे विनम्रतापूर्वक रुकने के लिए कहा, लेकिन वे मुझे परेशान करते रहे। इससे मेरी मानसिक शांति प्रभावित हो रही है और मुझे अकेले बाहर निकलने में डर लगता है।' मैं पुलिस से जिम्मेदार व्यक्ति के खिलाफ सख्त कार्रवाई करने का अनुरोध करता हूं।' मैं जांच के लिए आवश्यक कोई भी अतिरिक्त विवरण प्रदान करने के लिए तैयार हूं।",उत्पीड़न,चिंचवड़ अपना सहपाठी लगातार जाना रहना उत्पीडन रिपोर्ट चाहना । पिछला दो सप्ताह शुरू होना तब बंद नहीं होना सहपाठी दूसरा सामने बारे अपमानजनक टिप्पणी रहना । आज सुबह करीब बजे घर पास शख्स ने फिर साथ बदसलूकी विनम्रतापूर्वक रुकना कहना लेकिन परेशान रहना । मानसिक शान्ति प्रभावित होना रहना अकेला बाहर निकलना डर लगना । पुलिस जिम्मेदार व्यक्ति खिलाफ सख्त कार्रवाई अनुरोध । जांच आवश्यक कोई अतिरिक्त विवरण प्रदान तैयार ।
"मैं रिपोर्ट करना चाहता हूं कि पास का एक दुकानदार डेटिंग ऐप का इस्तेमाल करके मुझे ब्लैकमेल कर रहा है। चूंकि पिछले एक महीने से यह शख्स मेरी निजी तस्वीरें और जानकारी लीक करने की धमकी दे रहा है। वे रुपये की मांग कर रहे हैं. सामग्री को सार्वजनिक न करने के बदले में 12,000 रु. मैंने पैसे देने से इनकार कर दिया है, जिसके बाद धमकियां और भी बढ़ गई हैं. इस ब्लैकमेल से मुझे गंभीर मानसिक तनाव और सामाजिक शर्मिंदगी का डर सता रहा है। मैंने सभी चैट वार्तालाप और स्क्रीनशॉट को साक्ष्य के रूप में सहेजा है। मैं साइबर अपराध विभाग से जांच करने और सख्त कार्रवाई करने का अनुरोध करता हूं।' मैं यह सुनिश्चित करने के लिए पूरा सहयोग करने को तैयार हूं कि इस व्यक्ति को जवाबदेह ठहराया जाए।",ब्लैकमेल,रिपोर्ट चाहना कि पास दुकानदार डेटिंग ऐप इस्तेमाल ब्लैकमेल रहना । चूंकि पिछला महीना शख्स निजी तस्वीर जानकारी लीक धमकी देना रहना । रुपया मांग रहना सामग्री सार्वजनिक न बदले रु पैसा देना इनकार देना जो बाद धमकी बढ़ना जाना ब्लैकमेल गंभीर मानसिक तनाव सामाजिक शर्मिंदगी डर सताना रहना । सभी चैट वार्तालाप स्क्रीनशॉट साक्ष्य रूप सहेजना । साइबर अपराध विभाग जांच सख्त कार्रवाई अनुरोध । सुनिश्चित पूरा सहयोग तैयार कि व्यक्ति जवाबदेह ठहराना जाना ।
मैं घर में लगातार घरेलू दुर्व्यवहार के लिए अपनी सास के खिलाफ यह शिकायत दर्ज करा रही हूं। चूँकि पिछले दो सप्ताह से मुझ पर शारीरिक हमला और उत्पीड़न किया जा रहा है। मुझे बुनियादी ज़रूरतों से भी वंचित कर दिया जाता है और बिना कारण घर तक सीमित कर दिया जाता है। जब भी मैं बोलने की कोशिश करता हूं तो बार-बार हिंसा की धमकियां मिलती रहती हैं। मेरे रिश्तेदार स्थिति से अवगत हैं और दुर्व्यवहार की गवाही दे सकते हैं। मुझे अपनी सुरक्षा और मेरे साथ रहने वाले मेरे बच्चों की सुरक्षा का डर है। मैं कानून के तहत तत्काल सुरक्षा और उचित कानूनी कार्रवाई का अनुरोध करता हूं। कृपया मेरी स्थिति के लिए उपलब्ध आश्रय और कानूनी सहायता के संबंध में मेरा मार्गदर्शन करें।,घरेलू हिंसा,घर लगातार घरेलू दुर्व्यवहार अपना सास खिलाफ शिकायत दर्ज रहना । चूँकि पिछला दो सप्ताह शारीरिक हमला उत्पीडन जाना रहना । बुनियादी ज़रूरत वंचित देना जाना बिना कारण घर सीमित देना जाना । जब बोलना कोशिश बार बार हिंसा धमकी मिलना रहना । रिश्तेदार स्थिति अवगत दुर्व्यवहार गवाही देना सकना । अपना सुरक्षा साथ रहना वाला बच्चा सुरक्षा डर । कानून तहत तत्काल सुरक्षा उचित कानूनी कार्रवाई अनुरोध । कृपया स्थिति उपलब्ध आश्रय कानूनी सहायता संबंध मार्गदर्शन ।
"मुझे मेरे पूर्व-साथी द्वारा ब्लैकमेल किया जा रहा है जो मेरे बारे में निजी जानकारी उजागर करने की धमकी दे रहा है। 18 तारीख को इंस्टाग्राम पर मैसेज के जरिए ब्लैकमेल की कोशिशें शुरू हुईं. वे रुपये मांग रहे हैं. 2,50,000 न देने पर वे मुझे सार्वजनिक रूप से बदनाम करने की धमकी देते हैं। मैंने अब तक उनकी कोई भी मांग नहीं मानी है।' लगातार मिल रही इन धमकियों से मानसिक दबाव असहनीय होता जा रहा है। मैंने इस मामले से जुड़े सभी मैसेज और कॉल का रिकॉर्ड रखा है.' मैं इस ब्लैकमेल को रोकने और मेरी गोपनीयता की रक्षा के लिए तत्काल कार्रवाई का अनुरोध करता हूं। कृपया सलाह दें कि मैं इस व्यक्ति के खिलाफ क्या कानूनी कदम उठा सकता हूं।",ब्लैकमेल,पूर्व साथी ब्लैकमेल जाना रहना जो बारे निजी जानकारी उजागर धमकी देना रहना । तारीख इंस्टाग्राम मैसेज जरिये ब्लैकमेल कोशिश शुरू होना रुपया मांगना रहना न देना सार्वजनिक रूप बदनाम धमकी देना । अब कोई मांग नहीं मानना । लगातार मिलना रहना धमकी मानसिक दबाव असहनीय होना जाना रहना । मामला जुडना सभी मैसेज कॉल रिकॉर्ड रखना ब्लैकमेल रोकना गोपनीयता रक्षा तत्काल कार्रवाई अनुरोध । कृपया सलाह देना कि व्यक्ति खिलाफ क्या कानूनी कदम उठाना सकना ।
"मैं रिपोर्ट करना चाहता हूं कि मुझे चिंचवड़ में मेरे मकान मालिक से गंभीर धमकियां मिली हैं। पिछले दो सप्ताह से यह व्यक्ति मुझे और मेरे परिवार को नुकसान पहुंचाने की धमकी दे रहा है। अगर मैंने उनकी मांगें नहीं मानी तो उन्होंने मुझे गंभीर परिणाम भुगतने की चेतावनी दी है। धमकियाँ व्यक्तिगत रूप से और फोन कॉल दोनों पर दी गई हैं। मैं इन धमकियों के कारण अपने परिवार की सुरक्षा को लेकर बेहद चिंतित हूं।' मैंने उनकी किसी भी मांग का जवाब नहीं दिया, जिससे उनका गुस्सा और बढ़ गया है.' मैं पुलिस सुरक्षा और मुझे धमकी देने वाले व्यक्ति के खिलाफ तत्काल कार्रवाई का अनुरोध करता हूं। मैं इस शिकायत के समर्थन में कॉल रिकॉर्डिंग और गवाह विवरण प्रदान कर सकता हूं।",धमकी,रिपोर्ट चाहना कि चिंचवड मकान मालिक गंभीर धमकी मिलना । पिछला दो सप्ताह व्यक्ति परिवार नुकसान पहुंचाना धमकी देना रहना । अगर मांगें नहीं मानना गंभीर परिणाम भुगतना चेतावनी देना । धमकी व्यक्तिगत रूप फोन कॉल दो देना जाना । धमकी कारण अपना परिवार सुरक्षा लेना बेहद चिंतित । कोई मांग जवाब नहीं देना जो गुस्सा बढ़ना जाना पुलिस सुरक्षा धमकी देना वाला व्यक्ति खिलाफ तत्काल कार्रवाई अनुरोध । शिकायत समर्थन कॉल रिकॉर्डिंग गवाह विवरण प्रदान सकना ।
"मुझे मेरे जीजा द्वारा ब्लैकमेल किया जा रहा है जो मेरे बारे में निजी जानकारी उजागर करने की धमकी दे रहा है। कुछ दिन पहले फेसबुक पर मैसेज के जरिए ब्लैकमेल की कोशिशें शुरू हुईं। वे रुपये मांग रहे हैं. 75,000 न देने पर वे मुझे सार्वजनिक रूप से बदनाम करने की धमकी देते हैं। मैंने अब तक उनकी कोई भी मांग नहीं मानी है।' लगातार मिल रही इन धमकियों से मानसिक दबाव असहनीय होता जा रहा है। मैंने इस मामले से जुड़े सभी मैसेज और कॉल का रिकॉर्ड रखा है.' मैं इस ब्लैकमेल को रोकने और मेरी गोपनीयता की रक्षा के लिए तत्काल कार्रवाई का अनुरोध करता हूं। कृपया सलाह दें कि मैं इस व्यक्ति के खिलाफ क्या कानूनी कदम उठा सकता हूं।",ब्लैकमेल,जीजा ब्लैकमेल जाना रहना जो बारे निजी जानकारी उजागर धमकी देना रहना । कुछ दिन पहले फेसबुक मैसेज जरिये ब्लैकमेल कोशिश शुरू होना । रुपया मांगना रहना न देना सार्वजनिक रूप बदनाम धमकी देना । अब कोई मांग नहीं मानना । लगातार मिलना रहना धमकी मानसिक दबाव असहनीय होना जाना रहना । मामला जुडना सभी मैसेज कॉल रिकॉर्ड रखना ब्लैकमेल रोकना गोपनीयता रक्षा तत्काल कार्रवाई अनुरोध । कृपया सलाह देना कि व्यक्ति खिलाफ क्या कानूनी कदम उठाना सकना ।
"मैं खराड़ी में टूटी हुई स्ट्रीट लाइट और क्षतिग्रस्त फुटपाथ की रिपोर्ट करना चाहता हूं जिससे सुरक्षा संबंधी समस्याएं पैदा हो रही हैं। बिना किसी मरम्मत कार्य के यह समस्या 22 जून से बनी हुई है। इस इलाके में बुजुर्गों और बच्चों को सुरक्षित चलने में काफी दिक्कत होती है। बारिश के दौरान इलाके में पानी भर जाता है, जिससे गिरने का खतरा बढ़ जाता है। यहां लोगों के फिसलने और घायल होने की कुछ घटनाएं हो चुकी हैं। मैं अन्य निवासियों के साथ इस सार्वजनिक बुनियादी ढांचे की तत्काल मरम्मत का अनुरोध करता हूं। इससे रोजाना गुजरने वाले राहगीरों और वाहनों को लगातार खतरा बना हुआ है। मैं इस मामले को सुलझाने के लिए नगर निगम अधिकारियों से त्वरित कार्रवाई का अनुरोध करता हूं।",सार्वजनिक सुरक्षा,खराड़ी टूटी होना स्ट्रीट लाइट क्षतिग्रस्त फुटपाथ रिपोर्ट चाहना जो सुरक्षा संबंधी समस्या पैदा होना रहना । बिना कोई मरम्मत कार्य समस्या जून बनना होना । इलाका बुजुर्ग बच्चा सुरक्षित चलना काफी दिक्कत होना । बारिश दौरान इलाका पानी भरना जाना जो गिरना खतरा बढ़ना जाना । यहाँ लोग फिसलना घायल होना कुछ घटना होना चुकना । अन्य निवासी साथ सार्वजनिक बुनियादी ढांचा तत्काल मरम्मत अनुरोध । रोजाना गुजरना वाला राहगीर वाहन लगातार खतरा बनना होना । मामला सुलझाना नगर निगम अधिकारी त्वरित कार्रवाई अनुरोध ।
"मैं रिपोर्ट करना चाहती हूं कि मुझे फेसबुक के माध्यम से ऑनलाइन परेशान किया जा रहा है। एक अज्ञात उपयोगकर्ता इस महीने की 3 तारीख से मुझे अपमानजनक और धमकी भरे संदेश भेज रहा है। उन्होंने मेरी सहमति के बिना मेरी तस्वीरों का उपयोग करके एक फर्जी प्रोफ़ाइल भी बनाई है। यह व्यक्ति मेरे दोस्तों और रिश्तेदारों को मेरे बारे में आपत्तिजनक सामग्री वाले संदेश भेज रहा है। मैंने खाते को ब्लॉक करने का प्रयास किया है, लेकिन नए नकली खाते सामने आते रहते हैं। इस ऑनलाइन उत्पीड़न के कारण मुझे बहुत तनाव और शर्मिंदगी उठानी पड़ रही है। मैं साइबर क्राइम सेल से अनुरोध करता हूं कि खाते का पता लगाया जाए और सख्त कार्रवाई की जाए। मैं उत्पीड़न के सबूत के रूप में स्क्रीनशॉट और चैट इतिहास साझा कर सकता हूं।",साइबर उत्पीड़न,रिपोर्ट चाहना कि फेसबुक माध्यम ऑनलाइन परेशान जाना रहना । अज्ञात उपयोगकर्ता महीना तारीख अपमानजनक धमकी भरना संदेश भेजना रहना । सहमति बिना तस्वीर उपयोग फर्जी प्रोफाइल बनाना । व्यक्ति दोस्त रिश्तेदार बारे आपत्तिजनक सामग्री वाला संदेश भेजना रहना । खाता ब्लॉक प्रयास लेकिन नया नकली खाता सामने आना रहना । ऑनलाइन उत्पीडन कारण बहुत तनाव शर्मिंदगी उठाना पड़ना रहना । साइबर क्राइम सेल अनुरोध कि खाता पता लगाना जाना सख्त कार्रवाई जाना । उत्पीडन सबूत रूप स्क्रीनशॉट चैट इतिहास साझा सकना ।
"मैं रिपोर्ट करना चाहता हूं कि मेरा पूर्व साथी एक डेटिंग ऐप का उपयोग करके मुझे ब्लैकमेल कर रहा है। पिछले शुक्रवार से इस व्यक्ति ने मेरी निजी तस्वीरें और जानकारी लीक करने की धमकी दी है। वे रुपये की मांग कर रहे हैं. सामग्री को सार्वजनिक न करने के बदले में 2,50,000 रु. मैंने पैसे देने से इनकार कर दिया है, जिसके बाद धमकियां और भी बढ़ गई हैं. इस ब्लैकमेल से मुझे गंभीर मानसिक तनाव और सामाजिक शर्मिंदगी का डर सता रहा है। मैंने सभी चैट वार्तालाप और स्क्रीनशॉट को साक्ष्य के रूप में सहेजा है। मैं साइबर अपराध विभाग से जांच करने और सख्त कार्रवाई करने का अनुरोध करता हूं।' मैं यह सुनिश्चित करने के लिए पूरा सहयोग करने को तैयार हूं कि इस व्यक्ति को जवाबदेह ठहराया जाए।",ब्लैकमेल,रिपोर्ट चाहना कि पूर्व साथी डेटिंग ऐप उपयोग ब्लैकमेल रहना । पिछला शुक्रवार व्यक्ति ने निजी तस्वीर जानकारी लीक धमकी देना । रुपया मांग रहना सामग्री सार्वजनिक न बदले रु पैसा देना इनकार देना जो बाद धमकी बढ़ना जाना ब्लैकमेल गंभीर मानसिक तनाव सामाजिक शर्मिंदगी डर सताना रहना । सभी चैट वार्तालाप स्क्रीनशॉट साक्ष्य रूप सहेजना । साइबर अपराध विभाग जांच सख्त कार्रवाई अनुरोध । सुनिश्चित पूरा सहयोग तैयार कि व्यक्ति जवाबदेह ठहराना जाना ।
"मैं खराड़ी में हुई अपनी सोने की चेन की चोरी की रिपोर्ट दर्ज कराना चाहता हूं। यह घटना पिछले सप्ताह मुख्य बाजार क्षेत्र के पास हुई थी। जब मुझे एहसास हुआ कि यह गायब है, तो मैंने तुरंत आसपास की जाँच की लेकिन कुछ नहीं मिला। मुझे संदेह है कि इसे किसी ऐसे व्यक्ति ने चुराया है जो कुछ समय से मेरा पीछा कर रहा था। चोरी गए सामान की अनुमानित कीमत करीब तीन लाख रुपये है। 20,000. मैंने स्थानीय दुकानदारों को पहले ही सूचित कर दिया है कि उन्हें कुछ भी असामान्य दिखे। मैं पुलिस से मामले की जांच करने और मेरा सामान बरामद करने में मदद करने का अनुरोध करता हूं। यदि उपलब्ध हो तो मैं कोई भी अतिरिक्त विवरण या सीसीटीवी फुटेज स्थान प्रदान करने के लिए तैयार हूं।",चोरी,खराड़ी होना अपना सोना चेन चोरी रिपोर्ट दर्ज कराना चाहना । घटना पिछला सप्ताह मुख्य बाजार क्षेत्र पास होना । जब एहसास होना कि गायब तुरंत आसपास जाँच लेकिन कुछ नहीं मिलना । संदेह कि कोई ऐसा व्यक्ति ने चुराना जो कुछ समय पीछा रहना । चोरी जाना सामान अनुमानित कीमत करीब तीन लाख रुपया । स्थानीय दुकानदार पहले ही सूचित देना कि कुछ असामान्य दिखना । पुलिस मामला जांच सामान बरामद मदद अनुरोध । यदि उपलब्ध होना कोई अतिरिक्त विवरण सीसीटीवी फुटेज स्थान प्रदान तैयार ।
"यह चिंचवड़ इलाके में घरेलू इलेक्ट्रॉनिक्स से जुड़ी एक चोरी की घटना की रिपोर्ट है। यह सोमवार दोपहर को हुआ, जब मैं कुछ देर के लिए घटनास्थल से दूर चला गया था। वापस लौटने पर मुझे पता चला कि मेरा सामान कोई अज्ञात व्यक्ति ले गया है। अनुमानित नुकसान लगभग रु. 75,000, जो मेरे लिए एक महत्वपूर्ण राशि है। आसपास कुछ लोग भी थे, लेकिन किसी को चोरी होने का पता नहीं चला। मैंने आस-पास की दुकानों और निवासियों से जांच की है, लेकिन अभी तक कोई सुराग नहीं मिला है। मेरा अनुरोध है कि जल्द से जल्द मामला दर्ज किया जाए और जांच की जाए।' मैं जांच प्रक्रिया में पूरा सहयोग करने को तैयार हूं।'",चोरी,चिंचवड़ इलाका घरेलू इलेक्ट्रॉनिक्स जुड़ना चोरी घटना रिपोर्ट । सोमवार दोपहर होना जब कुछ देर घटनास्थल दूर चलना जाना । वापस लौटना पता चलना कि सामान कोई अज्ञात व्यक्ति लेना जाना । अनुमानित नुकसान लगभग रु जो महत्वपूर्ण राशि । आसपास कुछ लोग लेकिन कोई चोरी होना पता नहीं चलना । आस पास दुकान निवासी जांच लेकिन अभी कोई सुराग नहीं मिलना । अनुरोध कि जल्द जल्द मामला दर्ज जाना जांच जाना । जांच प्रक्रिया पूरा सहयोग तैयार ।
मैं घर में लगातार घरेलू दुर्व्यवहार के लिए अपने ससुराल वालों के खिलाफ यह शिकायत दर्ज करा रही हूं। चूँकि पिछले दो सप्ताह से मुझ पर शारीरिक हमला और उत्पीड़न किया जा रहा है। मुझे बुनियादी ज़रूरतों से भी वंचित कर दिया जाता है और बिना कारण घर तक सीमित कर दिया जाता है। जब भी मैं बोलने की कोशिश करता हूं तो बार-बार हिंसा की धमकियां मिलती रहती हैं। मेरे रिश्तेदार स्थिति से अवगत हैं और दुर्व्यवहार की गवाही दे सकते हैं। मुझे अपनी सुरक्षा और मेरे साथ रहने वाले मेरे बच्चों की सुरक्षा का डर है। मैं कानून के तहत तत्काल सुरक्षा और उचित कानूनी कार्रवाई का अनुरोध करता हूं। कृपया मेरी स्थिति के लिए उपलब्ध आश्रय और कानूनी सहायता के संबंध में मेरा मार्गदर्शन करें।,घरेलू हिंसा,घर लगातार घरेलू दुर्व्यवहार अपना ससुराल वाला खिलाफ शिकायत दर्ज रहना । चूँकि पिछला दो सप्ताह शारीरिक हमला उत्पीडन जाना रहना । बुनियादी ज़रूरत वंचित देना जाना बिना कारण घर सीमित देना जाना । जब बोलना कोशिश बार बार हिंसा धमकी मिलना रहना । रिश्तेदार स्थिति अवगत दुर्व्यवहार गवाही देना सकना । अपना सुरक्षा साथ रहना वाला बच्चा सुरक्षा डर । कानून तहत तत्काल सुरक्षा उचित कानूनी कार्रवाई अनुरोध । कृपया स्थिति उपलब्ध आश्रय कानूनी सहायता संबंध मार्गदर्शन ।
"एक व्यक्ति, जिसकी पहचान अज्ञात व्यक्ति के रूप में की गई है, पिछले एक महीने से मेरा पीछा कर रहा है। आज सुबह-सुबह वे मेरे कॉलेज के गेट के पास खड़े होकर मुझे देखते दिखे। मेरे कई बार मना करने के बाद भी वे बार-बार मुझसे बात करने की कोशिश करते हैं। मेरे दोस्तों ने भी देखा है कि यह व्यक्ति अलग-अलग दिनों में मेरा पीछा कर रहा है। ऐसा लगता है कि यह व्यक्ति मेरी दिनचर्या जानता है, जो बहुत चिंताजनक है। मुझे डर है कि अगर इसे नहीं रोका गया तो यह और भी खतरनाक रूप ले सकता है। मेरा अनुरोध है कि इस व्यक्ति के खिलाफ तुरंत सख्त कार्रवाई की जाए।' कृपया मेरी सुरक्षा सुनिश्चित करने के लिए अगले कदमों पर मेरा मार्गदर्शन करें।",स्टॉकिंग,व्यक्ति जो पहचान अज्ञात व्यक्ति रूप जाना पिछला महीना पीछा रहना । आज सुबह सुबह कॉलेज गेट पास खड़ा होना देखना दिखे।ना कई बार मना बाद बार बार बात कोशिश । दोस्त ने देखना कि व्यक्ति अलग अलग दिन पीछा रहना । ऐसा लगना कि व्यक्ति दिनचर्या जानना जो बहुत चिंताजनक । डर कि अगर नहीं रोकना जाना खतरनाक रूप लेना सकना । अनुरोध कि व्यक्ति खिलाफ तुरंत सख्त कार्रवाई जाना । कृपया सुरक्षा सुनिश्चित अगला कदम मार्गदर्शन ।
"मैं नागपुर शहर में अपने निवास पर अपने ससुराल वालों द्वारा झेली जा रही घरेलू हिंसा की रिपोर्ट करना चाहती हूँ। 22 जून से लगातार शारीरिक और मानसिक शोषण जारी है। छोटी-छोटी घरेलू बातों पर अक्सर मुझे पीटा जाता है और गाली-गलौज की जाती है। उन्होंने मुझे बिना किसी सहारे के घर से बाहर निकाल देने की धमकी भी दी है. मेरे बच्चों ने ये घटनाएं देखी हैं, जिसका उन पर बुरा असर पड़ा है.' मैंने इसे शांतिपूर्ण तरीके से सुलझाने की कोशिश की है, लेकिन दुर्व्यवहार बढ़ता ही जा रहा है। मैं इस दुरुपयोग के लिए जिम्मेदार लोगों के खिलाफ सुरक्षा और कानूनी कार्रवाई का अनुरोध करता हूं। यदि आवश्यक हुआ तो मैं मेडिकल रिकॉर्ड और गवाहों के बयान उपलब्ध कराने के लिए तैयार हूं।",घरेलू हिंसा,नागपुर शहर अपना निवास अपना ससुराल वाला झेलना जाना रहना घरेलू हिंसा रिपोर्ट चाहना । जून लगातार शारीरिक मानसिक शोषण जारी । छोटा छोटा घरेलू बात अक्सर पीटना जाना गाली गलौज जाना । बिना कोई सहारा घर बाहर निकालना देना धमकी देना बच्चा ने घटना देखना जो बुरा असर पड़ना शांतिपूर्ण तरीका सुलझाना कोशिश लेकिन दुर्व्यवहार बढना ही जाना रहना । दुरुपयोग जिम्मेदार लोग खिलाफ सुरक्षा कानूनी कार्रवाई अनुरोध । यदि आवश्यक होना मेडिकल रिकॉर्ड गवाह बयान उपलब्ध कराना तैयार ।
मैं घर में लगातार घरेलू दुर्व्यवहार के लिए अपने ससुर के खिलाफ यह शिकायत दर्ज कर रही हूं। चूंकि पिछले एक महीने से मेरे साथ मारपीट और उत्पीड़न किया जा रहा है। मुझे बुनियादी ज़रूरतों से भी वंचित कर दिया जाता है और बिना कारण घर तक सीमित कर दिया जाता है। जब भी मैं बोलने की कोशिश करता हूं तो बार-बार हिंसा की धमकियां मिलती रहती हैं। मेरे रिश्तेदार स्थिति से अवगत हैं और दुर्व्यवहार की गवाही दे सकते हैं। मुझे अपनी सुरक्षा और मेरे साथ रहने वाले मेरे बच्चों की सुरक्षा का डर है। मैं कानून के तहत तत्काल सुरक्षा और उचित कानूनी कार्रवाई का अनुरोध करता हूं। कृपया मेरी स्थिति के लिए उपलब्ध आश्रय और कानूनी सहायता के संबंध में मेरा मार्गदर्शन करें।,घरेलू हिंसा,घर लगातार घरेलू दुर्व्यवहार अपना ससुर खिलाफ शिकायत दर्ज रहना । चूंकि पिछला महीना साथ मारपीट उत्पीडन जाना रहना । बुनियादी ज़रूरत वंचित देना जाना बिना कारण घर सीमित देना जाना । जब बोलना कोशिश बार बार हिंसा धमकी मिलना रहना । रिश्तेदार स्थिति अवगत दुर्व्यवहार गवाही देना सकना । अपना सुरक्षा साथ रहना वाला बच्चा सुरक्षा डर । कानून तहत तत्काल सुरक्षा उचित कानूनी कार्रवाई अनुरोध । कृपया स्थिति उपलब्ध आश्रय कानूनी सहायता संबंध मार्गदर्शन ।
"मैं शिवाजी नगर में हुई अपनी सोने की चेन की चोरी की रिपोर्ट दर्ज कराना चाहता हूं। यह घटना पिछले सप्ताह मुख्य बाजार क्षेत्र के पास हुई थी। जब मुझे एहसास हुआ कि यह गायब है, तो मैंने तुरंत आसपास की जाँच की लेकिन कुछ नहीं मिला। मुझे संदेह है कि इसे किसी ऐसे व्यक्ति ने चुराया है जो कुछ समय से मेरा पीछा कर रहा था। चोरी गए सामान की अनुमानित कीमत करीब तीन लाख रुपये है। 2,50,000. मैंने स्थानीय दुकानदारों को पहले ही सूचित कर दिया है कि उन्हें कुछ भी असामान्य दिखे। मैं पुलिस से मामले की जांच करने और मेरा सामान बरामद करने में मदद करने का अनुरोध करता हूं। यदि उपलब्ध हो तो मैं कोई भी अतिरिक्त विवरण या सीसीटीवी फुटेज स्थान प्रदान करने के लिए तैयार हूं।",चोरी,शिवाजी नगर होना अपना सोना चेन चोरी रिपोर्ट दर्ज कराना चाहना । घटना पिछला सप्ताह मुख्य बाजार क्षेत्र पास होना । जब एहसास होना कि गायब तुरंत आसपास जाँच लेकिन कुछ नहीं मिलना । संदेह कि कोई ऐसा व्यक्ति ने चुराना जो कुछ समय पीछा रहना । चोरी जाना सामान अनुमानित कीमत करीब तीन लाख रुपया । स्थानीय दुकानदार पहले ही सूचित देना कि कुछ असामान्य दिखना । पुलिस मामला जांच सामान बरामद मदद अनुरोध । यदि उपलब्ध होना कोई अतिरिक्त विवरण सीसीटीवी फुटेज स्थान प्रदान तैयार ।
"मैं शिवाजी नगर में सड़कों की स्थिति के संबंध में सार्वजनिक सुरक्षा चिंता उठाना चाहता हूं। मुख्य सड़क के पास एक खुला मैनहोल है जिसे इस महीने की 3 तारीख से खोला गया है। इस स्थान पर पहले भी कई दोपहिया वाहन चालक छोटी-मोटी दुर्घटना का शिकार हो चुके हैं। खतरनाक क्षेत्र के आसपास कोई चेतावनी संकेत या बैरिकेड्स नहीं लगाए गए हैं। रात के समय खराब स्ट्रीट लाइट के कारण हादसों का खतरा और भी बढ़ जाता है। स्थानीय निवासी पहले भी यह मुद्दा उठा चुके हैं, लेकिन कोई कार्रवाई नहीं हुई। मैं संबंधित अधिकारियों से मैनहोल की मरम्मत करने और उचित रोशनी सुनिश्चित करने का अनुरोध करता हूं। यह एक गंभीर सार्वजनिक सुरक्षा ख़तरा है जिस पर तत्काल ध्यान देने की आवश्यकता है।",सार्वजनिक सुरक्षा,शिवाजी नगर सड़क स्थिति संबंध सार्वजनिक सुरक्षा चिंता उठाना चाहना । मुख्य सड़क पास खुला मैनहोल जो महीना तारीख खोलना जाना । स्थान पहले कई दोपहिया वाहन चालक छोटा मोटा दुर्घटना शिकार होना चुकना । खतरनाक क्षेत्र आसपास कोई चेतावनी संकेत बैरिकेड्स नहीं लगाना जाना । रात समय खराब स्ट्रीट लाइट कारण हादसा खतरा बढ़ना जाना । स्थानीय निवासी पहले मुद्दा उठाना चुकना लेकिन कोई कार्रवाई नहीं होना । संबंधित अधिकारी मैनहोल मरम्मत उचित रोशनी सुनिश्चित अनुरोध । गंभीर सार्वजनिक सुरक्षा खतरा जो तत्काल ध्यान देना आवश्यकता ।
"मैं पिंपरी में देखी गई एक संदिग्ध गतिविधि की रिपोर्ट करना चाहता हूं। पिछले महीने की 10 तारीख से, अज्ञात व्यक्ति अजीब समय पर परित्यक्त इमारत के पास इकट्ठा हो रहे हैं। निवासियों को संदेह है कि रात में वहां कुछ अवैध गतिविधि हो सकती है। उस स्थान से तेज़ आवाज़ें और कभी-कभार बहसें सुनाई देती रही हैं। इससे आसपास रहने वाले परिवारों में सुरक्षा संबंधी चिंताएं बढ़ गई हैं। स्थानीय वार्ड कार्यालय को सूचित करने के बावजूद कोई आधिकारिक कार्रवाई नहीं की गई है। मैं अधिकारियों से इस मामले की जांच करने और निवासियों की सुरक्षा सुनिश्चित करने का अनुरोध करता हूं। यदि आवश्यक हुआ तो मैं अधिक विवरण प्रदान करने या अधिकारियों के साथ जाने को तैयार हूं।",अन्य,पिंपरी देखना जाना संदिग्ध गतिविधि रिपोर्ट चाहना । पिछला महीना तारीख अज्ञात व्यक्ति अजीब समय परित्यक्त इमारत पास इकट्ठा होना रहना । निवासी संदेह कि रात वहाँ कुछ अवैध गतिविधि होना सकना । स्थान तेज आवाज कभी कभार बहस सुनाना देना रहना । आसपास रहना वाला परिवार सुरक्षा संबंधी चिंता बढ़ना जाना । स्थानीय वार्ड कार्यालय सूचित बावजूद कोई आधिकारिक कार्रवाई नहीं जाना । अधिकारी मामला जांच निवासी सुरक्षा सुनिश्चित अनुरोध । यदि आवश्यक होना अधिक विवरण प्रदान अधिकारी साथ जाना तैयार ।
"मैं नागपुर शहर में अपने सहकर्मी द्वारा पीछा किए जाने के संबंध में शिकायत दर्ज करना चाहती हूं। इस महीने की 3 तारीख से यह व्यक्ति लगभग हर दिन मेरा पीछा कर रहा है। जब मैं काम से लौट रहा था, मैंने देखा कि वही व्यक्ति फिर से मेरे घर के बाहर इंतज़ार कर रहा था। वे भी मेरे पीछे-पीछे मेरे कार्यस्थल तक आते हैं और गेट के पास इंतजार करते हैं। मैंने देखा है कि एक ही वाहन कई बार मेरे ऑटो-रिक्शा का पीछा कर रहा है। इस निरंतर अनुसरण ने मुझे अपनी सुरक्षा के लिए अत्यधिक चिंतित और भयभीत कर दिया है। मैं पुलिस से जांच करने और इस व्यक्ति को मेरा पीछा करने से रोकने का अनुरोध करता हूं। मैं उस व्यक्ति की पहचान करने और जरूरत पड़ने पर और विवरण प्रदान करने को तैयार हूं।",स्टॉकिंग,नागपुर शहर अपना सहकर्मी पीछा जाना संबंध शिकायत दर्ज चाहना । महीना तारीख व्यक्ति लगभग हर दिन पीछा रहना । जब काम लौटना रहना देखना कि व्यक्ति फिर घर बाहर इंतजार रहना । पीछे पीछे कार्यस्थल आना गेट पास इंतजार । देखना कि ही वाहन कई बार ऑटो रिक्शा पीछा रहना । निरन्तर अनुसरण ने अपना सुरक्षा अत्यधिक चिंतित भयभीत देना । पुलिस जांच व्यक्ति पीछा रोकना अनुरोध । व्यक्ति पहचान जरूरत पड़ना विवरण प्रदान तैयार ।
मैं सदर बाजार में हुई छेड़छाड़ की एक घटना की रिपोर्ट करना चाहता हूं। सोमवार दोपहर जब मैं पैदल जा रही थी तो बाइक पर सवार दो लोगों ने मुझ पर अश्लील कमेंट किए। उन्होंने सीटियां भी बजाईं और मेरे और मेरे दोस्त की ओर अनुचित इशारे भी किए। जब मैंने उन्हें नज़रअंदाज कर दूर जाने की कोशिश की तो उन्होंने कुछ दूर तक पीछा किया। इस तरह के व्यवहार से मुझे अकेले यात्रा करते समय असुरक्षित महसूस होने लगा है। क्षेत्र की अन्य महिलाओं को भी उसी स्थान पर इसी तरह के उत्पीड़न का सामना करना पड़ा है। मैं ऐसी घटनाओं को रोकने के लिए इस क्षेत्र में पुलिस गश्त बढ़ाने का अनुरोध करता हूं। यदि लाइन-अप या सीसीटीवी समीक्षा की व्यवस्था की जाती है तो मैं व्यक्तियों की पहचान करने के लिए तैयार हूं।,ईव टीज़िंग,सदर बाजार होना छेडछाड घटना रिपोर्ट चाहना । सोमवार दोपहर जब पैदल जाना रहना बाइक सवार दो लोग ने अश्लील कमेंट । सीटी बजाना दोस्त ओर अनुचित इशारा । जब नजरअंदाज दूर जाना कोशिश कुछ दूर पीछा । तरह व्यवहार अकेला यात्रा समय असुरक्षित महसूस होना लगाना । क्षेत्र अन्य महिला स्थान तरह उत्पीडन सामना पड़ना । ऐसा घटना रोकना क्षेत्र पुलिस गश्त बढ़ाना अनुरोध । यदि लाइन अप सीसीटीवी समीक्षा व्यवस्था जाना व्यक्ति पहचान तैयार ।
"यह कैंप एरिया इलाके में मेरे लैपटॉप बैग से जुड़ी चोरी की घटना की रिपोर्ट करने के लिए है। यह आज सुबह-सुबह हुआ, जब मैं थोड़ी देर के लिए घटनास्थल से हट गया था। वापस लौटने पर मुझे पता चला कि मेरा सामान कोई अज्ञात व्यक्ति ले गया है। अनुमानित नुकसान लगभग रु. 12,000, जो मेरे लिए एक महत्वपूर्ण राशि है। आसपास कुछ लोग भी थे, लेकिन किसी को चोरी होने का पता नहीं चला। मैंने आस-पास की दुकानों और निवासियों से जांच की है, लेकिन अभी तक कोई सुराग नहीं मिला है। मेरा अनुरोध है कि जल्द से जल्द मामला दर्ज किया जाए और जांच की जाए।' मैं जांच प्रक्रिया में पूरा सहयोग करने को तैयार हूं।'",चोरी,कैंप एरिया इलाका लैपटॉप बैग जुड़ना चोरी घटना रिपोर्ट । आज सुबह सुबह होना जब थोड़ा देर घटनास्थल हटना जाना । वापस लौटना पता चलना कि सामान कोई अज्ञात व्यक्ति लेना जाना । अनुमानित नुकसान लगभग रु जो महत्वपूर्ण राशि । आसपास कुछ लोग लेकिन कोई चोरी होना पता नहीं चलना । आस पास दुकान निवासी जांच लेकिन अभी कोई सुराग नहीं मिलना । अनुरोध कि जल्द जल्द मामला दर्ज जाना जांच जाना । जांच प्रक्रिया पूरा सहयोग तैयार ।
"मैं बोरीवली में लड़कों के एक समूह द्वारा पीछा किए जाने के संबंध में शिकायत दर्ज करना चाहता हूं। कुछ दिन पहले से यह व्यक्ति लगभग हर दिन मेरा पीछा कर रहा है। आज सुबह-सुबह, मैंने देखा कि वही व्यक्ति फिर से मेरे घर के बाहर इंतज़ार कर रहा है। वे भी मेरे पीछे-पीछे मेरे कार्यस्थल तक आते हैं और गेट के पास इंतजार करते हैं। मैंने देखा है कि एक ही वाहन कई बार मेरे ऑटो-रिक्शा का पीछा कर रहा है। इस निरंतर अनुसरण ने मुझे अपनी सुरक्षा के लिए अत्यधिक चिंतित और भयभीत कर दिया है। मैं पुलिस से जांच करने और इस व्यक्ति को मेरा पीछा करने से रोकने का अनुरोध करता हूं। मैं उस व्यक्ति की पहचान करने और जरूरत पड़ने पर और विवरण प्रदान करने को तैयार हूं।",स्टॉकिंग,बोरीवली लड़का समूह पीछा जाना संबंध शिकायत दर्ज चाहना । कुछ दिन पहले व्यक्ति लगभग हर दिन पीछा रहना । आज सुबह सुबह देखना कि व्यक्ति फिर घर बाहर इंतजार रहना । पीछे पीछे कार्यस्थल आना गेट पास इंतजार । देखना कि ही वाहन कई बार ऑटो रिक्शा पीछा रहना । निरन्तर अनुसरण ने अपना सुरक्षा अत्यधिक चिंतित भयभीत देना । पुलिस जांच व्यक्ति पीछा रोकना अनुरोध । व्यक्ति पहचान जरूरत पड़ना विवरण प्रदान तैयार ।
"मैं ठाणे में टूटी हुई स्ट्रीट लाइट और क्षतिग्रस्त फुटपाथ की रिपोर्ट करना चाहता हूं जिससे सुरक्षा संबंधी समस्याएं पैदा हो रही हैं। बिना किसी मरम्मत कार्य के यह समस्या इस महीने की तीसरी तारीख से बनी हुई है। इस इलाके में बुजुर्गों और बच्चों को सुरक्षित चलने में काफी दिक्कत होती है। बारिश के दौरान इलाके में पानी भर जाता है, जिससे गिरने का खतरा बढ़ जाता है। यहां लोगों के फिसलने और घायल होने की कुछ घटनाएं हो चुकी हैं। मैं अन्य निवासियों के साथ इस सार्वजनिक बुनियादी ढांचे की तत्काल मरम्मत का अनुरोध करता हूं। इससे रोजाना गुजरने वाले राहगीरों और वाहनों को लगातार खतरा बना हुआ है। मैं इस मामले को सुलझाने के लिए नगर निगम अधिकारियों से त्वरित कार्रवाई का अनुरोध करता हूं।",सार्वजनिक सुरक्षा,ठाणे टूटी होना स्ट्रीट लाइट क्षतिग्रस्त फुटपाथ रिपोर्ट चाहना जो सुरक्षा संबंधी समस्या पैदा होना रहना । बिना कोई मरम्मत कार्य समस्या महीना तीसरा तारीख बनना होना । इलाका बुजुर्ग बच्चा सुरक्षित चलना काफी दिक्कत होना । बारिश दौरान इलाका पानी भरना जाना जो गिरना खतरा बढ़ना जाना । यहाँ लोग फिसलना घायल होना कुछ घटना होना चुकना । अन्य निवासी साथ सार्वजनिक बुनियादी ढांचा तत्काल मरम्मत अनुरोध । रोजाना गुजरना वाला राहगीर वाहन लगातार खतरा बनना होना । मामला सुलझाना नगर निगम अधिकारी त्वरित कार्रवाई अनुरोध ।
"मुझे मेरे समाज के एक व्यक्ति द्वारा ब्लैकमेल किया जा रहा है जो मेरे बारे में व्यक्तिगत जानकारी उजागर करने की धमकी दे रहा है। ब्लैकमेल की कोशिशें पिछले शुक्रवार को इंस्टाग्राम पर संदेशों के जरिए शुरू हुईं। वे रुपये मांग रहे हैं. 20,000 न देने पर वे मुझे सार्वजनिक रूप से बदनाम करने की धमकी देते हैं। मैंने अब तक उनकी कोई भी मांग नहीं मानी है।' लगातार मिल रही इन धमकियों से मानसिक दबाव असहनीय होता जा रहा है। मैंने इस मामले से जुड़े सभी मैसेज और कॉल का रिकॉर्ड रखा है.' मैं इस ब्लैकमेल को रोकने और मेरी गोपनीयता की रक्षा के लिए तत्काल कार्रवाई का अनुरोध करता हूं। कृपया सलाह दें कि मैं इस व्यक्ति के खिलाफ क्या कानूनी कदम उठा सकता हूं।",ब्लैकमेल,समाज व्यक्ति ब्लैकमेल जाना रहना जो बारे व्यक्तिगत जानकारी उजागर धमकी देना रहना । ब्लैकमेल कोशिश पिछला शुक्रवार इंस्टाग्राम संदेश जरिये शुरू होना । रुपया मांगना रहना न देना सार्वजनिक रूप बदनाम धमकी देना । अब कोई मांग नहीं मानना । लगातार मिलना रहना धमकी मानसिक दबाव असहनीय होना जाना रहना । मामला जुडना सभी मैसेज कॉल रिकॉर्ड रखना ब्लैकमेल रोकना गोपनीयता रक्षा तत्काल कार्रवाई अनुरोध । कृपया सलाह देना कि व्यक्ति खिलाफ क्या कानूनी कदम उठाना सकना ।
"मैं रिपोर्ट करना चाहता हूं कि मुझे बानेर में एक अज्ञात व्यक्ति से गंभीर धमकियां मिली हैं। 15 जुलाई से यह व्यक्ति मुझे और मेरे परिवार को नुकसान पहुंचाने की धमकी दे रहा है। अगर मैंने उनकी मांगें नहीं मानी तो उन्होंने मुझे गंभीर परिणाम भुगतने की चेतावनी दी है। धमकियाँ व्यक्तिगत रूप से और फोन कॉल दोनों पर दी गई हैं। मैं इन धमकियों के कारण अपने परिवार की सुरक्षा को लेकर बेहद चिंतित हूं।' मैंने उनकी किसी भी मांग का जवाब नहीं दिया, जिससे उनका गुस्सा और बढ़ गया है.' मैं पुलिस सुरक्षा और मुझे धमकी देने वाले व्यक्ति के खिलाफ तत्काल कार्रवाई का अनुरोध करता हूं। मैं इस शिकायत के समर्थन में कॉल रिकॉर्डिंग और गवाह विवरण प्रदान कर सकता हूं।",धमकी,रिपोर्ट चाहना कि बानेर अज्ञात व्यक्ति गंभीर धमकी मिलना । जुलाई व्यक्ति परिवार नुकसान पहुंचाना धमकी देना रहना । अगर मांगें नहीं मानना गंभीर परिणाम भुगतना चेतावनी देना । धमकी व्यक्तिगत रूप फोन कॉल दो देना जाना । धमकी कारण अपना परिवार सुरक्षा लेना बेहद चिंतित । कोई मांग जवाब नहीं देना जो गुस्सा बढ़ना जाना पुलिस सुरक्षा धमकी देना वाला व्यक्ति खिलाफ तत्काल कार्रवाई अनुरोध । शिकायत समर्थन कॉल रिकॉर्डिंग गवाह विवरण प्रदान सकना ।
"मैं रिपोर्ट करना चाहता हूं कि मेरा सहकर्मी स्नैपचैट का उपयोग करके मुझे ब्लैकमेल कर रहा है। पिछले महीने की 10 तारीख से इस शख्स ने मेरी निजी तस्वीरें और जानकारी लीक करने की धमकी दी है. वे रुपये की मांग कर रहे हैं. सामग्री को सार्वजनिक न करने के बदले में 2,50,000 रु. मैंने पैसे देने से इनकार कर दिया है, जिसके बाद धमकियां और भी बढ़ गई हैं. इस ब्लैकमेल से मुझे गंभीर मानसिक तनाव और सामाजिक शर्मिंदगी का डर सता रहा है। मैंने सभी चैट वार्तालाप और स्क्रीनशॉट को साक्ष्य के रूप में सहेजा है। मैं साइबर अपराध विभाग से जांच करने और सख्त कार्रवाई करने का अनुरोध करता हूं।' मैं यह सुनिश्चित करने के लिए पूरा सहयोग करने को तैयार हूं कि इस व्यक्ति को जवाबदेह ठहराया जाए।",ब्लैकमेल,रिपोर्ट चाहना कि सहकर्मी स्नैपचैट उपयोग ब्लैकमेल रहना । पिछला महीना तारीख शख्स ने निजी तस्वीर जानकारी लीक धमकी देना रुपया मांग रहना सामग्री सार्वजनिक न बदले रु पैसा देना इनकार देना जो बाद धमकी बढ़ना जाना ब्लैकमेल गंभीर मानसिक तनाव सामाजिक शर्मिंदगी डर सताना रहना । सभी चैट वार्तालाप स्क्रीनशॉट साक्ष्य रूप सहेजना । साइबर अपराध विभाग जांच सख्त कार्रवाई अनुरोध । सुनिश्चित पूरा सहयोग तैयार कि व्यक्ति जवाबदेह ठहराना जाना ।
मैं विले पार्ले में हुई छेड़छाड़ की एक घटना की रिपोर्ट करना चाहता हूं। सोमवार दोपहर जब मैं पैदल जा रही थी तो बस स्टॉप पर एक आदमी ने मुझ पर अश्लील टिप्पणी की। उन्होंने सीटियां भी बजाईं और मेरे और मेरे दोस्त की ओर अनुचित इशारे भी किए। जब मैंने उन्हें नज़रअंदाज कर दूर जाने की कोशिश की तो उन्होंने कुछ दूर तक पीछा किया। इस तरह के व्यवहार से मुझे अकेले यात्रा करते समय असुरक्षित महसूस होने लगा है। क्षेत्र की अन्य महिलाओं को भी उसी स्थान पर इसी तरह के उत्पीड़न का सामना करना पड़ा है। मैं ऐसी घटनाओं को रोकने के लिए इस क्षेत्र में पुलिस गश्त बढ़ाने का अनुरोध करता हूं। यदि लाइन-अप या सीसीटीवी समीक्षा की व्यवस्था की जाती है तो मैं व्यक्तियों की पहचान करने के लिए तैयार हूं।,ईव टीज़िंग,विले पार्ले होना छेडछाड घटना रिपोर्ट चाहना । सोमवार दोपहर जब पैदल जाना रहना बस स्टॉप आदमी ने अश्लील टिप्पणी । सीटी बजाना दोस्त ओर अनुचित इशारा । जब नजरअंदाज दूर जाना कोशिश कुछ दूर पीछा । तरह व्यवहार अकेला यात्रा समय असुरक्षित महसूस होना लगाना । क्षेत्र अन्य महिला स्थान तरह उत्पीडन सामना पड़ना । ऐसा घटना रोकना क्षेत्र पुलिस गश्त बढ़ाना अनुरोध । यदि लाइन अप सीसीटीवी समीक्षा व्यवस्था जाना व्यक्ति पहचान तैयार ।
"मैं खराड़ी में देखी गई एक संदिग्ध गतिविधि की रिपोर्ट करना चाहता हूं। इस महीने की 3 तारीख से, अज्ञात व्यक्ति अजीब समय पर परित्यक्त इमारत के पास इकट्ठा हो रहे हैं। निवासियों को संदेह है कि रात में वहां कुछ अवैध गतिविधि हो सकती है। उस स्थान से तेज़ आवाज़ें और कभी-कभार बहसें सुनाई देती रही हैं। इससे आसपास रहने वाले परिवारों में सुरक्षा संबंधी चिंताएं बढ़ गई हैं। स्थानीय वार्ड कार्यालय को सूचित करने के बावजूद कोई आधिकारिक कार्रवाई नहीं की गई है। मैं अधिकारियों से इस मामले की जांच करने और निवासियों की सुरक्षा सुनिश्चित करने का अनुरोध करता हूं। यदि आवश्यक हुआ तो मैं अधिक विवरण प्रदान करने या अधिकारियों के साथ जाने को तैयार हूं।",अन्य,खराड़ी देखना जाना संदिग्ध गतिविधि रिपोर्ट चाहना । महीना तारीख अज्ञात व्यक्ति अजीब समय परित्यक्त इमारत पास इकट्ठा होना रहना । निवासी संदेह कि रात वहाँ कुछ अवैध गतिविधि होना सकना । स्थान तेज आवाज कभी कभार बहस सुनाना देना रहना । आसपास रहना वाला परिवार सुरक्षा संबंधी चिंता बढ़ना जाना । स्थानीय वार्ड कार्यालय सूचित बावजूद कोई आधिकारिक कार्रवाई नहीं जाना । अधिकारी मामला जांच निवासी सुरक्षा सुनिश्चित अनुरोध । यदि आवश्यक होना अधिक विवरण प्रदान अधिकारी साथ जाना तैयार ।
"मेरे पड़ोसी द्वारा मुझे ब्लैकमेल किया जा रहा है जो मेरे बारे में निजी जानकारी उजागर करने की धमकी दे रहा है। ब्लैकमेल की कोशिशें 22 जून को स्नैपचैट पर संदेशों के जरिए शुरू हुईं। वे रुपये मांग रहे हैं. 35,000 न देने पर वे मुझे सार्वजनिक रूप से बदनाम करने की धमकी देते हैं। मैंने अब तक उनकी कोई भी मांग नहीं मानी है।' लगातार मिल रही इन धमकियों से मानसिक दबाव असहनीय होता जा रहा है। मैंने इस मामले से जुड़े सभी मैसेज और कॉल का रिकॉर्ड रखा है.' मैं इस ब्लैकमेल को रोकने और मेरी गोपनीयता की रक्षा के लिए तत्काल कार्रवाई का अनुरोध करता हूं। कृपया सलाह दें कि मैं इस व्यक्ति के खिलाफ क्या कानूनी कदम उठा सकता हूं।",ब्लैकमेल,पड़ोसी ब्लैकमेल जाना रहना जो बारे निजी जानकारी उजागर धमकी देना रहना । ब्लैकमेल कोशिश जून स्नैपचैट संदेश जरिये शुरू होना । रुपया मांगना रहना न देना सार्वजनिक रूप बदनाम धमकी देना । अब कोई मांग नहीं मानना । लगातार मिलना रहना धमकी मानसिक दबाव असहनीय होना जाना रहना । मामला जुडना सभी मैसेज कॉल रिकॉर्ड रखना ब्लैकमेल रोकना गोपनीयता रक्षा तत्काल कार्रवाई अनुरोध । कृपया सलाह देना कि व्यक्ति खिलाफ क्या कानूनी कदम उठाना सकना ।
"मैं कल्याण में लड़कों के एक समूह द्वारा पीछा किए जाने के संबंध में शिकायत दर्ज करना चाहती हूं। 22 जून से यह शख्स लगभग हर दिन मेरा पीछा कर रहा है. जब मैं काम से लौट रहा था, मैंने देखा कि वही व्यक्ति फिर से मेरे घर के बाहर इंतज़ार कर रहा था। वे भी मेरे पीछे-पीछे मेरे कार्यस्थल तक आते हैं और गेट के पास इंतजार करते हैं। मैंने देखा है कि एक ही वाहन कई बार मेरे ऑटो-रिक्शा का पीछा कर रहा है। इस निरंतर अनुसरण ने मुझे अपनी सुरक्षा के लिए अत्यधिक चिंतित और भयभीत कर दिया है। मैं पुलिस से जांच करने और इस व्यक्ति को मेरा पीछा करने से रोकने का अनुरोध करता हूं। मैं उस व्यक्ति की पहचान करने और जरूरत पड़ने पर और विवरण प्रदान करने को तैयार हूं।",स्टॉकिंग,कल्याण लड़का समूह पीछा जाना संबंध शिकायत दर्ज चाहना । जून शख्स लगभग हर दिन पीछा रहना जब काम लौटना रहना देखना कि व्यक्ति फिर घर बाहर इंतजार रहना । पीछे पीछे कार्यस्थल आना गेट पास इंतजार । देखना कि ही वाहन कई बार ऑटो रिक्शा पीछा रहना । निरन्तर अनुसरण ने अपना सुरक्षा अत्यधिक चिंतित भयभीत देना । पुलिस जांच व्यक्ति पीछा रोकना अनुरोध । व्यक्ति पहचान जरूरत पड़ना विवरण प्रदान तैयार ।
"मैं सदर बाजार में एक अज्ञात व्यक्ति द्वारा लगातार मेरे साथ हो रहे उत्पीड़न की रिपोर्ट करना चाहती हूं। यह 18 तारीख को शुरू हुआ और तब से बंद नहीं हुआ है। एक अज्ञात व्यक्ति दूसरों के सामने मेरे बारे में अपमानजनक टिप्पणियाँ करता रहता है। कल शाम को इस व्यक्ति ने मेरे घर के पास फिर मेरे साथ गलत हरकत की. मैंने उनसे विनम्रतापूर्वक रुकने के लिए कहा, लेकिन वे मुझे परेशान करते रहे। इससे मेरी मानसिक शांति प्रभावित हो रही है और मुझे अकेले बाहर निकलने में डर लगता है।' मैं पुलिस से जिम्मेदार व्यक्ति के खिलाफ सख्त कार्रवाई करने का अनुरोध करता हूं।' मैं जांच के लिए आवश्यक कोई भी अतिरिक्त विवरण प्रदान करने के लिए तैयार हूं।",उत्पीड़न,सदर बाजार अज्ञात व्यक्ति लगातार साथ होना रहना उत्पीडन रिपोर्ट चाहना । तारीख शुरू होना तब बंद नहीं होना । अज्ञात व्यक्ति दूसरा सामने बारे अपमानजनक टिप्पणी रहना । कल शाम व्यक्ति ने घर पास फिर साथ गलत हरकत विनम्रतापूर्वक रुकना कहना लेकिन परेशान रहना । मानसिक शान्ति प्रभावित होना रहना अकेला बाहर निकलना डर लगना । पुलिस जिम्मेदार व्यक्ति खिलाफ सख्त कार्रवाई अनुरोध । जांच आवश्यक कोई अतिरिक्त विवरण प्रदान तैयार ।
"मैं वाकड में अपने आवास पर अपने पति द्वारा झेली जा रही घरेलू हिंसा की रिपोर्ट करना चाहती हूं। शारीरिक और मानसिक शोषण पिछले महीने की 10 तारीख से जारी है। छोटी-छोटी घरेलू बातों पर अक्सर मुझे पीटा जाता है और गाली-गलौज की जाती है। उन्होंने मुझे बिना किसी सहारे के घर से बाहर निकाल देने की धमकी भी दी है. मेरे बच्चों ने ये घटनाएं देखी हैं, जिसका उन पर बुरा असर पड़ा है.' मैंने इसे शांतिपूर्ण तरीके से सुलझाने की कोशिश की है, लेकिन दुर्व्यवहार बढ़ता ही जा रहा है। मैं इस दुरुपयोग के लिए जिम्मेदार लोगों के खिलाफ सुरक्षा और कानूनी कार्रवाई का अनुरोध करता हूं। यदि आवश्यक हुआ तो मैं मेडिकल रिकॉर्ड और गवाहों के बयान उपलब्ध कराने के लिए तैयार हूं।",घरेलू हिंसा,वाकड अपना आवास अपना पति झेलना जाना रहना घरेलू हिंसा रिपोर्ट चाहना । शारीरिक मानसिक शोषण पिछला महीना तारीख जारी । छोटा छोटा घरेलू बात अक्सर पीटना जाना गाली गलौज जाना । बिना कोई सहारा घर बाहर निकालना देना धमकी देना बच्चा ने घटना देखना जो बुरा असर पड़ना शांतिपूर्ण तरीका सुलझाना कोशिश लेकिन दुर्व्यवहार बढना ही जाना रहना । दुरुपयोग जिम्मेदार लोग खिलाफ सुरक्षा कानूनी कार्रवाई अनुरोध । यदि आवश्यक होना मेडिकल रिकॉर्ड गवाह बयान उपलब्ध कराना तैयार ।
"मैं कैंप क्षेत्र में अपने आवास पर अपने पति और उनके परिवार द्वारा झेली जा रही घरेलू हिंसा की रिपोर्ट करना चाहती हूं। शारीरिक और मानसिक शोषण 18 तारीख़ से भी जारी है। छोटी-छोटी घरेलू बातों पर अक्सर मुझे पीटा जाता है और गाली-गलौज की जाती है। उन्होंने मुझे बिना किसी सहारे के घर से बाहर निकाल देने की धमकी भी दी है. मेरे बच्चों ने ये घटनाएं देखी हैं, जिसका उन पर बुरा असर पड़ा है.' मैंने इसे शांतिपूर्ण तरीके से सुलझाने की कोशिश की है, लेकिन दुर्व्यवहार बढ़ता ही जा रहा है। मैं इस दुरुपयोग के लिए जिम्मेदार लोगों के खिलाफ सुरक्षा और कानूनी कार्रवाई का अनुरोध करता हूं। यदि आवश्यक हुआ तो मैं मेडिकल रिकॉर्ड और गवाहों के बयान उपलब्ध कराने के लिए तैयार हूं।",घरेलू हिंसा,कैंप क्षेत्र अपना आवास अपना पति परिवार झेलना जाना रहना घरेलू हिंसा रिपोर्ट चाहना । शारीरिक मानसिक शोषण तारीख़ जारी । छोटा छोटा घरेलू बात अक्सर पीटना जाना गाली गलौज जाना । बिना कोई सहारा घर बाहर निकालना देना धमकी देना बच्चा ने घटना देखना जो बुरा असर पड़ना शांतिपूर्ण तरीका सुलझाना कोशिश लेकिन दुर्व्यवहार बढना ही जाना रहना । दुरुपयोग जिम्मेदार लोग खिलाफ सुरक्षा कानूनी कार्रवाई अनुरोध । यदि आवश्यक होना मेडिकल रिकॉर्ड गवाह बयान उपलब्ध कराना तैयार ।
मैं कल्याण में एक अज्ञात व्यक्ति द्वारा पीछा किए जाने के संबंध में शिकायत दर्ज करना चाहती हूं। पिछले दो सप्ताह से यह व्यक्ति लगभग हर दिन मेरा पीछा कर रहा है। जब मैं बाज़ार से वापस आ रहा था तो मैंने देखा कि वही व्यक्ति फिर से मेरे घर के बाहर इंतज़ार कर रहा था। वे भी मेरे पीछे-पीछे मेरे कार्यस्थल तक आते हैं और गेट के पास इंतजार करते हैं। मैंने देखा है कि एक ही वाहन कई बार मेरे ऑटो-रिक्शा का पीछा कर रहा है। इस निरंतर अनुसरण ने मुझे अपनी सुरक्षा के लिए अत्यधिक चिंतित और भयभीत कर दिया है। मैं पुलिस से जांच करने और इस व्यक्ति को मेरा पीछा करने से रोकने का अनुरोध करता हूं। मैं उस व्यक्ति की पहचान करने और जरूरत पड़ने पर और विवरण प्रदान करने को तैयार हूं।,स्टॉकिंग,कल्याण अज्ञात व्यक्ति पीछा जाना संबंध शिकायत दर्ज चाहना । पिछला दो सप्ताह व्यक्ति लगभग हर दिन पीछा रहना । जब बाजार वापस आना रहना देखना कि व्यक्ति फिर घर बाहर इंतजार रहना । पीछे पीछे कार्यस्थल आना गेट पास इंतजार । देखना कि ही वाहन कई बार ऑटो रिक्शा पीछा रहना । निरन्तर अनुसरण ने अपना सुरक्षा अत्यधिक चिंतित भयभीत देना । पुलिस जांच व्यक्ति पीछा रोकना अनुरोध । व्यक्ति पहचान जरूरत पड़ना विवरण प्रदान तैयार ।
"मैं दादर में टूटी हुई स्ट्रीट लाइट और क्षतिग्रस्त फुटपाथ की रिपोर्ट करना चाहता हूं जिससे सुरक्षा संबंधी समस्याएं पैदा हो रही हैं। यह समस्या 18 तारीख तक बिना किसी मरम्मत कार्य के बनी रही। इस इलाके में बुजुर्गों और बच्चों को सुरक्षित चलने में काफी दिक्कत होती है। बारिश के दौरान इलाके में पानी भर जाता है, जिससे गिरने का खतरा बढ़ जाता है। यहां लोगों के फिसलने और घायल होने की कुछ घटनाएं हो चुकी हैं। मैं अन्य निवासियों के साथ इस सार्वजनिक बुनियादी ढांचे की तत्काल मरम्मत का अनुरोध करता हूं। इससे रोजाना गुजरने वाले राहगीरों और वाहनों को लगातार खतरा बना हुआ है। मैं इस मामले को सुलझाने के लिए नगर निगम अधिकारियों से त्वरित कार्रवाई का अनुरोध करता हूं।",सार्वजनिक सुरक्षा,दादर टूटी होना स्ट्रीट लाइट क्षतिग्रस्त फुटपाथ रिपोर्ट चाहना जो सुरक्षा संबंधी समस्या पैदा होना रहना । समस्या तारीख बिना कोई मरम्मत कार्य बनना रहना इलाका बुजुर्ग बच्चा सुरक्षित चलना काफी दिक्कत होना । बारिश दौरान इलाका पानी भरना जाना जो गिरना खतरा बढ़ना जाना । यहाँ लोग फिसलना घायल होना कुछ घटना होना चुकना । अन्य निवासी साथ सार्वजनिक बुनियादी ढांचा तत्काल मरम्मत अनुरोध । रोजाना गुजरना वाला राहगीर वाहन लगातार खतरा बनना होना । मामला सुलझाना नगर निगम अधिकारी त्वरित कार्रवाई अनुरोध ।
"मैं नासिक रोड में शोर और उपद्रव के संबंध में एक सामान्य सुरक्षा शिकायत दर्ज करना चाहता हूं। 22 जून से, पास का एक प्रतिष्ठान अनुमत समय से अधिक जोर-शोर से काम कर रहा है। इससे आस-पड़ोस की शांति भंग हो गई है, विशेषकर बुजुर्ग निवासियों और बच्चों के लिए। मालिकों से शोर कम करने के बार-बार अनुरोध को नजरअंदाज कर दिया गया है। सप्ताहांत पर स्थिति और भी गंभीर हो जाती है जब अशांति देर रात तक जारी रहती है। इस मुद्दे को स्थानीय अधिकारियों के सामने उठाने के लिए कई पड़ोसी एकजुट हुए हैं। मैं यह सुनिश्चित करने के लिए आवश्यक कार्रवाई का अनुरोध करता हूं कि शोर के स्तर को नियंत्रण में लाया जाए। कृपया निवासियों की भलाई के लिए इस मामले पर जल्द से जल्द ध्यान दें।",अन्य,नासिक रोड शोर उपद्रव संबंध सामान्य सुरक्षा शिकायत दर्ज चाहना । जून पास प्रतिष्ठान अनुमत समय अधिक जोर शोर काम रहना । आस पडोस शान्ति भंग होना जाना विशेषकर बुजुर्ग निवासी बच्चा । मालिक शोर कम बार बार अनुरोध नजरअंदाज देना जाना । सप्ताहांत स्थिति गंभीर होना जाना जब अशान्ति देर रात जारी रहना । मुद्दा स्थानीय अधिकारी सामने उठाना कई पड़ोसी एकजुट होना । सुनिश्चित आवश्यक कार्रवाई अनुरोध कि शोर स्तर नियंत्रण लाना जाना । कृपया निवासी भलाई मामला जल्द जल्द ध्यान देना ।
"मैं वाशी में हुई अपनी सोने की चेन की चोरी की रिपोर्ट करना चाहता हूं। यह घटना तब हुई जब मैं बाजार से वापस आ रहा था, मुख्य बाजार क्षेत्र के पास। जब मुझे एहसास हुआ कि यह गायब है, तो मैंने तुरंत आसपास की जाँच की लेकिन कुछ नहीं मिला। मुझे संदेह है कि इसे किसी ऐसे व्यक्ति ने चुराया है जो कुछ समय से मेरा पीछा कर रहा था। चोरी गए सामान की अनुमानित कीमत करीब तीन लाख रुपये है। 20,000. मैंने स्थानीय दुकानदारों को पहले ही सूचित कर दिया है कि उन्हें कुछ भी असामान्य दिखे। मैं पुलिस से मामले की जांच करने और मेरा सामान बरामद करने में मदद करने का अनुरोध करता हूं। यदि उपलब्ध हो तो मैं कोई भी अतिरिक्त विवरण या सीसीटीवी फुटेज स्थान प्रदान करने के लिए तैयार हूं।",चोरी,वाशी होना अपना सोना चेन चोरी रिपोर्ट चाहना । घटना तब होना जब बाजार वापस आना रहना मुख्य बाजार क्षेत्र पास। जब एहसास होना कि गायब तुरंत आसपास जाँच लेकिन कुछ नहीं मिलना । संदेह कि कोई ऐसा व्यक्ति ने चुराना जो कुछ समय पीछा रहना । चोरी जाना सामान अनुमानित कीमत करीब तीन लाख रुपया । स्थानीय दुकानदार पहले ही सूचित देना कि कुछ असामान्य दिखना । पुलिस मामला जांच सामान बरामद मदद अनुरोध । यदि उपलब्ध होना कोई अतिरिक्त विवरण सीसीटीवी फुटेज स्थान प्रदान तैयार ।
"मैं रिपोर्ट करना चाहता हूं कि मुझे कल्याण में मेरे मकान मालिक से गंभीर धमकियां मिली हैं। पिछले महीने की 10 तारीख से यह व्यक्ति मुझे और मेरे परिवार को नुकसान पहुंचाने की धमकी दे रहा है. अगर मैंने उनकी मांगें नहीं मानी तो उन्होंने मुझे गंभीर परिणाम भुगतने की चेतावनी दी है। धमकियाँ व्यक्तिगत रूप से और फोन कॉल दोनों पर दी गई हैं। मैं इन धमकियों के कारण अपने परिवार की सुरक्षा को लेकर बेहद चिंतित हूं।' मैंने उनकी किसी भी मांग का जवाब नहीं दिया, जिससे उनका गुस्सा और बढ़ गया है.' मैं पुलिस सुरक्षा और मुझे धमकी देने वाले व्यक्ति के खिलाफ तत्काल कार्रवाई का अनुरोध करता हूं। मैं इस शिकायत के समर्थन में कॉल रिकॉर्डिंग और गवाह विवरण प्रदान कर सकता हूं।",धमकी,रिपोर्ट चाहना कि कल्याण मकान मालिक गंभीर धमकी मिलना । पिछला महीना तारीख व्यक्ति परिवार नुकसान पहुंचाना धमकी देना रहना अगर मांगें नहीं मानना गंभीर परिणाम भुगतना चेतावनी देना । धमकी व्यक्तिगत रूप फोन कॉल दो देना जाना । धमकी कारण अपना परिवार सुरक्षा लेना बेहद चिंतित । कोई मांग जवाब नहीं देना जो गुस्सा बढ़ना जाना पुलिस सुरक्षा धमकी देना वाला व्यक्ति खिलाफ तत्काल कार्रवाई अनुरोध । शिकायत समर्थन कॉल रिकॉर्डिंग गवाह विवरण प्रदान सकना ।
"मैं ठाणे में देखी गई एक संदिग्ध गतिविधि की रिपोर्ट करना चाहता हूं। पिछले महीने की 10 तारीख से, अज्ञात व्यक्ति अजीब समय पर परित्यक्त इमारत के पास इकट्ठा हो रहे हैं। निवासियों को संदेह है कि रात में वहां कुछ अवैध गतिविधि हो सकती है। उस स्थान से तेज़ आवाज़ें और कभी-कभार बहसें सुनाई देती रही हैं। इससे आसपास रहने वाले परिवारों में सुरक्षा संबंधी चिंताएं बढ़ गई हैं। स्थानीय वार्ड कार्यालय को सूचित करने के बावजूद कोई आधिकारिक कार्रवाई नहीं की गई है। मैं अधिकारियों से इस मामले की जांच करने और निवासियों की सुरक्षा सुनिश्चित करने का अनुरोध करता हूं। यदि आवश्यक हुआ तो मैं अधिक विवरण प्रदान करने या अधिकारियों के साथ जाने को तैयार हूं।",अन्य,ठाणे देखना जाना संदिग्ध गतिविधि रिपोर्ट चाहना । पिछला महीना तारीख अज्ञात व्यक्ति अजीब समय परित्यक्त इमारत पास इकट्ठा होना रहना । निवासी संदेह कि रात वहाँ कुछ अवैध गतिविधि होना सकना । स्थान तेज आवाज कभी कभार बहस सुनाना देना रहना । आसपास रहना वाला परिवार सुरक्षा संबंधी चिंता बढ़ना जाना । स्थानीय वार्ड कार्यालय सूचित बावजूद कोई आधिकारिक कार्रवाई नहीं जाना । अधिकारी मामला जांच निवासी सुरक्षा सुनिश्चित अनुरोध । यदि आवश्यक होना अधिक विवरण प्रदान अधिकारी साथ जाना तैयार ।
"मैं पिंपरी में अपने कार्यस्थल पर एक वरिष्ठ द्वारा लगातार किए जा रहे उत्पीड़न की रिपोर्ट करना चाहती हूं। यह पिछले शुक्रवार को शुरू हुआ और तब से रुका नहीं है। मेरे कार्यस्थल पर एक वरिष्ठ दूसरों के सामने मेरे बारे में अपमानजनक टिप्पणियाँ करता रहता है। कल शाम को इस व्यक्ति ने मेरे घर के पास फिर मेरे साथ गलत हरकत की. मैंने उनसे विनम्रतापूर्वक रुकने के लिए कहा, लेकिन वे मुझे परेशान करते रहे। इससे मेरी मानसिक शांति प्रभावित हो रही है और मुझे अकेले बाहर निकलने में डर लगता है।' मैं पुलिस से जिम्मेदार व्यक्ति के खिलाफ सख्त कार्रवाई करने का अनुरोध करता हूं।' मैं जांच के लिए आवश्यक कोई भी अतिरिक्त विवरण प्रदान करने के लिए तैयार हूं।",उत्पीड़न,पिंपरी अपना कार्यस्थल वरिष्ठ लगातार जाना रहना उत्पीडन रिपोर्ट चाहना । पिछला शुक्रवार शुरू होना तब रुकना नहीं । कार्यस्थल वरिष्ठ दूसरा सामने बारे अपमानजनक टिप्पणी रहना । कल शाम व्यक्ति ने घर पास फिर साथ गलत हरकत विनम्रतापूर्वक रुकना कहना लेकिन परेशान रहना । मानसिक शान्ति प्रभावित होना रहना अकेला बाहर निकलना डर लगना । पुलिस जिम्मेदार व्यक्ति खिलाफ सख्त कार्रवाई अनुरोध । जांच आवश्यक कोई अतिरिक्त विवरण प्रदान तैयार ।
मुझे और मेरे परिवार को वाशी में रहने वाले एक अजनबी द्वारा परेशान किया जा रहा है। पिछले एक महीने से उत्पीड़न जारी है। जब भी वे मुझे देखते हैं तो भद्दे कमेंट करते हैं और परेशानी पैदा करने की कोशिश करते हैं। आधी रात के आसपास स्थिति तब और खराब हो गई जब वे मुझसे सीधे भिड़ गए। इस लगातार उत्पीड़न के कारण मैं काम पर जाने में असुरक्षित महसूस करती हूं। मेरे परिवार के सदस्यों ने भी कई मौकों पर इस व्यवहार को देखा है। मैं तत्काल हस्तक्षेप का अनुरोध करता हूं ताकि यह उत्पीड़न स्थायी रूप से बंद हो जाए। कृपया मेरी शिकायत दर्ज कर आवश्यक कानूनी कार्रवाई करें।,उत्पीड़न,परिवार वाशी रहना वाला अजनबी परेशान जाना रहना । पिछला महीना उत्पीडन जारी । जब देखना भद्दा कमेंट परेशानी पैदा कोशिश । आधा रात आसपास स्थिति तब खराब होना जाना जब सीधे भिडना जाना । लगातार उत्पीडन कारण काम जाना असुरक्षित महसूस । परिवार सदस्य ने कई मौका व्यवहार देखना । तत्काल हस्तक्षेप अनुरोध ताकि उत्पीडन स्थायी रूप बंद होना जाना । कृपया शिकायत दर्ज आवश्यक कानूनी कार्रवाई ।
"मैं कोथरुड में रहने वाले एक अजनबी द्वारा मुझे दी गई धमकियों के संबंध में शिकायत दर्ज कर रहा हूं। पिछले एक महीने से हमारे बीच मामूली विवाद के बाद धमकियां मिलने लगीं। उन्होंने मुझे बोलने पर हमला करने और मेरी संपत्ति को नुकसान पहुंचाने की धमकी दी है। इससे मेरे और मेरे परिवार के सदस्यों में काफी डर और चिंता पैदा हो गई है। मैंने किसी भी टकराव से परहेज किया है, लेकिन धमकियां इसकी परवाह किए बिना जारी हैं। इलाके के पड़ोसियों को भी तनाव की जानकारी है और वे इसकी पुष्टि कर सकते हैं. मेरा अनुरोध है कि मेरी सुरक्षा सुनिश्चित करने के लिए उचित कानूनी कार्रवाई की जाए। धमकियों की गंभीर प्रकृति को देखते हुए कृपया इस मामले पर तत्परता से विचार करें।",धमकी,कोथरुड रहना वाला अजनबी देना जाना धमकी संबंध शिकायत दर्ज रहना । पिछला महीना बीच मामूली विवाद बाद धमकी मिलना लगना । बोलना हमला संपत्ति नुकसान पहुंचाना धमकी देना । परिवार सदस्य काफी डर चिंता पैदा होना जाना । कोई टकराव परहेज लेकिन धमकी परवाह बिना जारी । इलाका पड़ोसी तनाव जानकारी पुष्टि सकना अनुरोध कि सुरक्षा सुनिश्चित उचित कानूनी कार्रवाई जाना धमकी गंभीर प्रकृति देखना होना कृपया मामला तत्परता विचार ।
"मैं रिपोर्ट करना चाहता हूं कि मुझे खराडी में एक अज्ञात व्यक्ति से गंभीर धमकियां मिली हैं। पिछले दो सप्ताह से यह व्यक्ति मुझे और मेरे परिवार को नुकसान पहुंचाने की धमकी दे रहा है। अगर मैंने उनकी मांगें नहीं मानी तो उन्होंने मुझे गंभीर परिणाम भुगतने की चेतावनी दी है। धमकियाँ व्यक्तिगत रूप से और फोन कॉल दोनों पर दी गई हैं। मैं इन धमकियों के कारण अपने परिवार की सुरक्षा को लेकर बेहद चिंतित हूं।' मैंने उनकी किसी भी मांग का जवाब नहीं दिया, जिससे उनका गुस्सा और बढ़ गया है.' मैं पुलिस सुरक्षा और मुझे धमकी देने वाले व्यक्ति के खिलाफ तत्काल कार्रवाई का अनुरोध करता हूं। मैं इस शिकायत के समर्थन में कॉल रिकॉर्डिंग और गवाह विवरण प्रदान कर सकता हूं।",धमकी,रिपोर्ट चाहना कि खराडी अज्ञात व्यक्ति गंभीर धमकी मिलना । पिछला दो सप्ताह व्यक्ति परिवार नुकसान पहुंचाना धमकी देना रहना । अगर मांगें नहीं मानना गंभीर परिणाम भुगतना चेतावनी देना । धमकी व्यक्तिगत रूप फोन कॉल दो देना जाना । धमकी कारण अपना परिवार सुरक्षा लेना बेहद चिंतित । कोई मांग जवाब नहीं देना जो गुस्सा बढ़ना जाना पुलिस सुरक्षा धमकी देना वाला व्यक्ति खिलाफ तत्काल कार्रवाई अनुरोध । शिकायत समर्थन कॉल रिकॉर्डिंग गवाह विवरण प्रदान सकना ।
"मैं चिंचवड़ बस स्टॉप के पास हुई एक छेड़छाड़ की घटना की रिपोर्ट कर रहा हूं। जब मैं काम से लौट रही थी तो कुछ युवकों ने मुझे छेड़ना शुरू कर दिया और भद्दे कमेंट करने लगे। उन्होंने मेरी अनुमति के बिना मेरी तस्वीरें खींचने की भी कोशिश की. मैंने उनका विरोध किया, लेकिन उन्होंने इसे हंसी में उड़ा दिया और अपना व्यवहार जारी रखा। यह पहली बार नहीं है जब इस स्थान पर ऐसी घटनाएं हुई हैं। इसी ग्रुप के बारे में कई अन्य लड़कियों ने अनौपचारिक रूप से शिकायत की है. मैं महिलाओं की सुरक्षा सुनिश्चित करने के लिए सख्त कार्रवाई और नियमित पुलिस उपस्थिति का अनुरोध करता हूं। यदि व्यक्तियों का पता लगाया जाता है तो मैं पहचान में सहायता करने को तैयार हूं।",ईव टीज़िंग,चिंचवड बस स्टॉप पास होना छेडछाड घटना रिपोर्ट रहना । जब काम लौटना रहना कुछ युवक ने छेड़ना शुरू देना भद्दा कमेंट लगना । अनुमति बिना तस्वीर खींचना कोशिश विरोध लेकिन हँसी उड़ाना देना अपना व्यवहार जारी रखना । पहला बार नहीं जब स्थान ऐसा घटना होना । ग्रुप बारे कई अन्य लड़की ने अनौपचारिक रूप शिकायत महिला सुरक्षा सुनिश्चित सख्त कार्रवाई नियमित पुलिस उपस्थिति अनुरोध । यदि व्यक्ति पता लगाना जाना पहचान सहायता तैयार ।
"मैं औंध में देखी गई एक संदिग्ध गतिविधि की रिपोर्ट करना चाहता हूं। 2 अगस्त से, अज्ञात व्यक्ति अजीब समय पर परित्यक्त इमारत के पास इकट्ठा हो रहे हैं। निवासियों को संदेह है कि रात में वहां कुछ अवैध गतिविधि हो सकती है। उस स्थान से तेज़ आवाज़ें और कभी-कभार बहसें सुनाई देती रही हैं। इससे आसपास रहने वाले परिवारों में सुरक्षा संबंधी चिंताएं बढ़ गई हैं। स्थानीय वार्ड कार्यालय को सूचित करने के बावजूद कोई आधिकारिक कार्रवाई नहीं की गई है। मैं अधिकारियों से इस मामले की जांच करने और निवासियों की सुरक्षा सुनिश्चित करने का अनुरोध करता हूं। यदि आवश्यक हुआ तो मैं अधिक विवरण प्रदान करने या अधिकारियों के साथ जाने को तैयार हूं।",अन्य,औंध देखना जाना संदिग्ध गतिविधि रिपोर्ट चाहना । अगस्त अज्ञात व्यक्ति अजीब समय परित्यक्त इमारत पास इकट्ठा होना रहना । निवासी संदेह कि रात वहाँ कुछ अवैध गतिविधि होना सकना । स्थान तेज आवाज कभी कभार बहस सुनाना देना रहना । आसपास रहना वाला परिवार सुरक्षा संबंधी चिंता बढ़ना जाना । स्थानीय वार्ड कार्यालय सूचित बावजूद कोई आधिकारिक कार्रवाई नहीं जाना । अधिकारी मामला जांच निवासी सुरक्षा सुनिश्चित अनुरोध । यदि आवश्यक होना अधिक विवरण प्रदान अधिकारी साथ जाना तैयार ।
मैं शिवाजी नगर में अपने जीजा द्वारा पीछा करने के संबंध में शिकायत दर्ज कराना चाहती हूं। पिछले दो सप्ताह से यह व्यक्ति लगभग हर दिन मेरा पीछा कर रहा है। कॉलेज जाते समय मैंने देखा कि वही व्यक्ति फिर से मेरे घर के बाहर इंतज़ार कर रहा था। वे भी मेरे पीछे-पीछे मेरे कार्यस्थल तक आते हैं और गेट के पास इंतजार करते हैं। मैंने देखा है कि एक ही वाहन कई बार मेरे ऑटो-रिक्शा का पीछा कर रहा है। इस निरंतर अनुसरण ने मुझे अपनी सुरक्षा के लिए अत्यधिक चिंतित और भयभीत कर दिया है। मैं पुलिस से जांच करने और इस व्यक्ति को मेरा पीछा करने से रोकने का अनुरोध करता हूं। मैं उस व्यक्ति की पहचान करने और जरूरत पड़ने पर और विवरण प्रदान करने को तैयार हूं।,स्टॉकिंग,शिवाजी नगर अपना जीजा पीछा संबंध शिकायत दर्ज कराना चाहना । पिछला दो सप्ताह व्यक्ति लगभग हर दिन पीछा रहना । कॉलेज जाना समय देखना कि व्यक्ति फिर घर बाहर इंतजार रहना । पीछे पीछे कार्यस्थल आना गेट पास इंतजार । देखना कि ही वाहन कई बार ऑटो रिक्शा पीछा रहना । निरन्तर अनुसरण ने अपना सुरक्षा अत्यधिक चिंतित भयभीत देना । पुलिस जांच व्यक्ति पीछा रोकना अनुरोध । व्यक्ति पहचान जरूरत पड़ना विवरण प्रदान तैयार ।
"मैं दादर में एक अज्ञात व्यक्ति द्वारा लगातार किए जा रहे उत्पीड़न की रिपोर्ट करना चाहती हूं। यह पिछले एक महीने से शुरू हुआ और तब से बंद नहीं हुआ है. कोई अनजान व्यक्ति दूसरों के सामने मेरे बारे में अपमानजनक टिप्पणियाँ करता रहता है। दो दिन पहले इस व्यक्ति ने मेरे घर के पास फिर मेरे साथ गलत हरकत की. मैंने उनसे विनम्रतापूर्वक रुकने के लिए कहा, लेकिन वे मुझे परेशान करते रहे। इससे मेरी मानसिक शांति प्रभावित हो रही है और मुझे अकेले बाहर निकलने में डर लगता है।' मैं पुलिस से जिम्मेदार व्यक्ति के खिलाफ सख्त कार्रवाई करने का अनुरोध करता हूं।' मैं जांच के लिए आवश्यक कोई भी अतिरिक्त विवरण प्रदान करने के लिए तैयार हूं।",उत्पीड़न,दादर अज्ञात व्यक्ति लगातार जाना रहना उत्पीडन रिपोर्ट चाहना । पिछला महीना शुरू होना तब बंद नहीं होना कोई अनजान व्यक्ति दूसरा सामने बारे अपमानजनक टिप्पणी रहना । दो दिन पहले व्यक्ति ने घर पास फिर साथ गलत हरकत विनम्रतापूर्वक रुकना कहना लेकिन परेशान रहना । मानसिक शान्ति प्रभावित होना रहना अकेला बाहर निकलना डर लगना । पुलिस जिम्मेदार व्यक्ति खिलाफ सख्त कार्रवाई अनुरोध । जांच आवश्यक कोई अतिरिक्त विवरण प्रदान तैयार ।
"डेटिंग ऐप पर कोई मुझे बार-बार अनुचित संदेश और टिप्पणियाँ भेज रहा है। यह उत्पीड़न पिछले शुक्रवार को शुरू हुआ और हाल ही में इसकी आवृत्ति में वृद्धि हुई है। उस व्यक्ति ने मेरे सार्वजनिक पोस्ट पर भी अश्लील टिप्पणी की है.' मैंने उन्हें समझाने की कोशिश की, लेकिन उन्होंने और भी अश्लील संदेश जारी रखे। उन्होंने मेरे दोस्तों और परिवार को भी शर्मनाक और झूठे पोस्ट में टैग किया। मैं बेहद परेशान हूं और अब शांति से सोशल मीडिया का इस्तेमाल नहीं कर पा रहा हूं।' मेरा अनुरोध है कि खाते का पता लगाया जाए और उचित कार्रवाई की जाए। मैं अपनी शिकायत के समर्थन में आवश्यक स्क्रीनशॉट संलग्न कर रहा हूं।",साइबर उत्पीड़न,डेटिंग ऐप कोई बार बार अनुचित संदेश टिप्पणी भेजना रहना । उत्पीडन पिछला शुक्रवार शुरू होना हाल ही आवृत्ति वृद्धि होना । व्यक्ति ने सार्वजनिक पोस्ट अश्लील टिप्पणी समझाना कोशिश लेकिन अश्लील संदेश जारी रखना । दोस्त परिवार शर्मनाक झूठा पोस्ट टैग । बेहद परेशान अब शान्ति सोशल मीडिया इस्तेमाल नहीं पाना रहना । अनुरोध कि खाता पता लगाना जाना उचित कार्रवाई जाना । अपना शिकायत समर्थन आवश्यक स्क्रीनशॉट संलग्न रहना ।
"मैं खरादी में हुई अपने लैपटॉप बैग की चोरी की रिपोर्ट करना चाहता हूं। घटना दो दिन पहले मुख्य बाजार इलाके के पास हुई. जब मुझे एहसास हुआ कि यह गायब है, तो मैंने तुरंत आसपास की जाँच की लेकिन कुछ नहीं मिला। मुझे संदेह है कि इसे किसी ऐसे व्यक्ति ने चुराया है जो कुछ समय से मेरा पीछा कर रहा था। चोरी गए सामान की अनुमानित कीमत करीब तीन लाख रुपये है। 12,000. मैंने स्थानीय दुकानदारों को पहले ही सूचित कर दिया है कि उन्हें कुछ भी असामान्य दिखे। मैं पुलिस से मामले की जांच करने और मेरा सामान बरामद करने में मदद करने का अनुरोध करता हूं। यदि उपलब्ध हो तो मैं कोई भी अतिरिक्त विवरण या सीसीटीवी फुटेज स्थान प्रदान करने के लिए तैयार हूं।",चोरी,खरादी होना अपना लैपटॉप बैग चोरी रिपोर्ट चाहना । घटना दो दिन पहले मुख्य बाजार इलाका पास होना जब एहसास होना कि गायब तुरंत आसपास जाँच लेकिन कुछ नहीं मिलना । संदेह कि कोई ऐसा व्यक्ति ने चुराना जो कुछ समय पीछा रहना । चोरी जाना सामान अनुमानित कीमत करीब तीन लाख रुपया । स्थानीय दुकानदार पहले ही सूचित देना कि कुछ असामान्य दिखना । पुलिस मामला जांच सामान बरामद मदद अनुरोध । यदि उपलब्ध होना कोई अतिरिक्त विवरण सीसीटीवी फुटेज स्थान प्रदान तैयार ।
बाणेर में रहने वाले मेरे सहकर्मी द्वारा मुझे और मेरे परिवार को परेशान किया जा रहा है। 18 तारीख से अब तक उत्पीड़न जारी है। जब भी वे मुझे देखते हैं तो भद्दे कमेंट करते हैं और परेशानी पैदा करने की कोशिश करते हैं। कल शाम को स्थिति तब और खराब हो गई जब वे सीधे मुझसे भिड़ गए। इस लगातार उत्पीड़न के कारण मैं काम पर जाने में असुरक्षित महसूस करती हूं। मेरे परिवार के सदस्यों ने भी कई मौकों पर इस व्यवहार को देखा है। मैं तत्काल हस्तक्षेप का अनुरोध करता हूं ताकि यह उत्पीड़न स्थायी रूप से बंद हो जाए। कृपया मेरी शिकायत दर्ज कर आवश्यक कानूनी कार्रवाई करें।,उत्पीड़न,बाणेर रहना वाला सहकर्मी परिवार परेशान जाना रहना । तारीख अब उत्पीडन जारी । जब देखना भद्दा कमेंट परेशानी पैदा कोशिश । कल शाम स्थिति तब खराब होना जाना जब सीधे भिडना जाना । लगातार उत्पीडन कारण काम जाना असुरक्षित महसूस । परिवार सदस्य ने कई मौका व्यवहार देखना । तत्काल हस्तक्षेप अनुरोध ताकि उत्पीडन स्थायी रूप बंद होना जाना । कृपया शिकायत दर्ज आवश्यक कानूनी कार्रवाई ।
"मैं कल्याण में अपने आवास पर अपनी सास द्वारा झेली जा रही घरेलू हिंसा की रिपोर्ट करना चाहती हूं। पिछले कुछ दिनों से लगातार शारीरिक और मानसिक शोषण जारी है. छोटी-छोटी घरेलू बातों पर अक्सर मुझे पीटा जाता है और गाली-गलौज की जाती है। उन्होंने मुझे बिना किसी सहारे के घर से बाहर निकाल देने की धमकी भी दी है. मेरे बच्चों ने ये घटनाएं देखी हैं, जिसका उन पर बुरा असर पड़ा है.' मैंने इसे शांतिपूर्ण तरीके से सुलझाने की कोशिश की है, लेकिन दुर्व्यवहार बढ़ता ही जा रहा है। मैं इस दुरुपयोग के लिए जिम्मेदार लोगों के खिलाफ सुरक्षा और कानूनी कार्रवाई का अनुरोध करता हूं। यदि आवश्यक हुआ तो मैं मेडिकल रिकॉर्ड और गवाहों के बयान उपलब्ध कराने के लिए तैयार हूं।",घरेलू हिंसा,कल्याण अपना आवास अपना सास झेलना जाना रहना घरेलू हिंसा रिपोर्ट चाहना । पिछला कुछ दिन लगातार शारीरिक मानसिक शोषण जारी छोटा छोटा घरेलू बात अक्सर पीटना जाना गाली गलौज जाना । बिना कोई सहारा घर बाहर निकालना देना धमकी देना बच्चा ने घटना देखना जो बुरा असर पड़ना शांतिपूर्ण तरीका सुलझाना कोशिश लेकिन दुर्व्यवहार बढना ही जाना रहना । दुरुपयोग जिम्मेदार लोग खिलाफ सुरक्षा कानूनी कार्रवाई अनुरोध । यदि आवश्यक होना मेडिकल रिकॉर्ड गवाह बयान उपलब्ध कराना तैयार ।
"मैं कोथरुड में सड़कों की स्थिति के संबंध में सार्वजनिक सुरक्षा चिंता उठाना चाहता हूं। मुख्य सड़क के पास एक खुला मैनहोल है जिसे 18 तारीख से खुला रखा गया है। इस स्थान पर पहले भी कई दोपहिया वाहन चालक छोटी-मोटी दुर्घटना का शिकार हो चुके हैं। खतरनाक क्षेत्र के आसपास कोई चेतावनी संकेत या बैरिकेड्स नहीं लगाए गए हैं। रात के समय खराब स्ट्रीट लाइट के कारण हादसों का खतरा और भी बढ़ जाता है। स्थानीय निवासी पहले भी यह मुद्दा उठा चुके हैं, लेकिन कोई कार्रवाई नहीं हुई। मैं संबंधित अधिकारियों से मैनहोल की मरम्मत करने और उचित रोशनी सुनिश्चित करने का अनुरोध करता हूं। यह एक गंभीर सार्वजनिक सुरक्षा ख़तरा है जिस पर तत्काल ध्यान देने की आवश्यकता है।",सार्वजनिक सुरक्षा,कोथरुड सड़क स्थिति संबंध सार्वजनिक सुरक्षा चिंता उठाना चाहना । मुख्य सड़क पास खुला मैनहोल जो तारीख खुलना रखना जाना । स्थान पहले कई दोपहिया वाहन चालक छोटा मोटा दुर्घटना शिकार होना चुकना । खतरनाक क्षेत्र आसपास कोई चेतावनी संकेत बैरिकेड्स नहीं लगाना जाना । रात समय खराब स्ट्रीट लाइट कारण हादसा खतरा बढ़ना जाना । स्थानीय निवासी पहले मुद्दा उठाना चुकना लेकिन कोई कार्रवाई नहीं होना । संबंधित अधिकारी मैनहोल मरम्मत उचित रोशनी सुनिश्चित अनुरोध । गंभीर सार्वजनिक सुरक्षा खतरा जो तत्काल ध्यान देना आवश्यकता ।
मुझे और मेरे परिवार को कोथरुड में रहने वाले मेरे पड़ोसी द्वारा परेशान किया जा रहा है। 22 जून से उत्पीड़न जारी है। जब भी वे मुझे देखते हैं तो भद्दे कमेंट करते हैं और परेशानी पैदा करने की कोशिश करते हैं। दो दिन पहले स्थिति तब और खराब हो गई जब वे मुझसे सीधे भिड़ गए। इस लगातार उत्पीड़न के कारण मैं काम पर जाने में असुरक्षित महसूस करती हूं। मेरे परिवार के सदस्यों ने भी कई मौकों पर इस व्यवहार को देखा है। मैं तत्काल हस्तक्षेप का अनुरोध करता हूं ताकि यह उत्पीड़न स्थायी रूप से बंद हो जाए। कृपया मेरी शिकायत दर्ज कर आवश्यक कानूनी कार्रवाई करें।,उत्पीड़न,परिवार कोथरुड रहना वाला पड़ोसी परेशान जाना रहना । जून उत्पीडन जारी । जब देखना भद्दा कमेंट परेशानी पैदा कोशिश । दो दिन पहले स्थिति तब खराब होना जाना जब सीधे भिडना जाना । लगातार उत्पीडन कारण काम जाना असुरक्षित महसूस । परिवार सदस्य ने कई मौका व्यवहार देखना । तत्काल हस्तक्षेप अनुरोध ताकि उत्पीडन स्थायी रूप बंद होना जाना । कृपया शिकायत दर्ज आवश्यक कानूनी कार्रवाई ।
"मैं कैंप क्षेत्र में रहने वाले एक अज्ञात व्यक्ति द्वारा मुझे दी गई धमकियों के संबंध में शिकायत दर्ज करा रहा हूं। पिछले एक महीने से हमारे बीच मामूली विवाद के बाद धमकियां मिलने लगीं। उन्होंने मुझे बोलने पर हमला करने और मेरी संपत्ति को नुकसान पहुंचाने की धमकी दी है। इससे मेरे और मेरे परिवार के सदस्यों में काफी डर और चिंता पैदा हो गई है। मैंने किसी भी टकराव से परहेज किया है, लेकिन धमकियां इसकी परवाह किए बिना जारी हैं। इलाके के पड़ोसियों को भी तनाव की जानकारी है और वे इसकी पुष्टि कर सकते हैं. मेरा अनुरोध है कि मेरी सुरक्षा सुनिश्चित करने के लिए उचित कानूनी कार्रवाई की जाए। धमकियों की गंभीर प्रकृति को देखते हुए कृपया इस मामले पर तत्परता से विचार करें।",धमकी,कैंप क्षेत्र रहना वाला अज्ञात व्यक्ति देना जाना धमकी संबंध शिकायत दर्ज रहना । पिछला महीना बीच मामूली विवाद बाद धमकी मिलना लगना । बोलना हमला संपत्ति नुकसान पहुंचाना धमकी देना । परिवार सदस्य काफी डर चिंता पैदा होना जाना । कोई टकराव परहेज लेकिन धमकी परवाह बिना जारी । इलाका पड़ोसी तनाव जानकारी पुष्टि सकना अनुरोध कि सुरक्षा सुनिश्चित उचित कानूनी कार्रवाई जाना धमकी गंभीर प्रकृति देखना होना कृपया मामला तत्परता विचार ।
"मैं वाशी में अपने आवास पर अपने पति द्वारा झेली जा रही घरेलू हिंसा की रिपोर्ट करना चाहती हूं। पिछले दो सप्ताह से शारीरिक और मानसिक शोषण जारी है। छोटी-छोटी घरेलू बातों पर अक्सर मुझे पीटा जाता है और गाली-गलौज की जाती है। उन्होंने मुझे बिना किसी सहारे के घर से बाहर निकाल देने की धमकी भी दी है. मेरे बच्चों ने ये घटनाएं देखी हैं, जिसका उन पर बुरा असर पड़ा है.' मैंने इसे शांतिपूर्ण तरीके से सुलझाने की कोशिश की है, लेकिन दुर्व्यवहार बढ़ता ही जा रहा है। मैं इस दुरुपयोग के लिए जिम्मेदार लोगों के खिलाफ सुरक्षा और कानूनी कार्रवाई का अनुरोध करता हूं। यदि आवश्यक हुआ तो मैं मेडिकल रिकॉर्ड और गवाहों के बयान उपलब्ध कराने के लिए तैयार हूं।",घरेलू हिंसा,वाशी अपना आवास अपना पति झेलना जाना रहना घरेलू हिंसा रिपोर्ट चाहना । पिछला दो सप्ताह शारीरिक मानसिक शोषण जारी । छोटा छोटा घरेलू बात अक्सर पीटना जाना गाली गलौज जाना । बिना कोई सहारा घर बाहर निकालना देना धमकी देना बच्चा ने घटना देखना जो बुरा असर पड़ना शांतिपूर्ण तरीका सुलझाना कोशिश लेकिन दुर्व्यवहार बढना ही जाना रहना । दुरुपयोग जिम्मेदार लोग खिलाफ सुरक्षा कानूनी कार्रवाई अनुरोध । यदि आवश्यक होना मेडिकल रिकॉर्ड गवाह बयान उपलब्ध कराना तैयार ।
"एक व्यक्ति, जिसकी पहचान मेरे पूर्व-साथी के रूप में की गई है, 18 तारीख से मेरा पीछा कर रहा है। सोमवार दोपहर को वे मेरे कॉलेज के गेट के पास खड़े होकर मुझे देखते दिखे। मेरे कई बार मना करने के बाद भी वे बार-बार मुझसे बात करने की कोशिश करते हैं। मेरे दोस्तों ने भी देखा है कि यह व्यक्ति अलग-अलग दिनों में मेरा पीछा कर रहा है। ऐसा लगता है कि यह व्यक्ति मेरी दिनचर्या जानता है, जो बहुत चिंताजनक है। मुझे डर है कि अगर इसे नहीं रोका गया तो यह और भी खतरनाक रूप ले सकता है। मेरा अनुरोध है कि इस व्यक्ति के खिलाफ तुरंत सख्त कार्रवाई की जाए।' कृपया मेरी सुरक्षा सुनिश्चित करने के लिए अगले कदमों पर मेरा मार्गदर्शन करें।",स्टॉकिंग,व्यक्ति जो पहचान पूर्व साथी रूप जाना तारीख पीछा रहना । सोमवार दोपहर कॉलेज गेट पास खड़ा होना देखना दिखे।ना कई बार मना बाद बार बार बात कोशिश । दोस्त ने देखना कि व्यक्ति अलग अलग दिन पीछा रहना । ऐसा लगना कि व्यक्ति दिनचर्या जानना जो बहुत चिंताजनक । डर कि अगर नहीं रोकना जाना खतरनाक रूप लेना सकना । अनुरोध कि व्यक्ति खिलाफ तुरंत सख्त कार्रवाई जाना । कृपया सुरक्षा सुनिश्चित अगला कदम मार्गदर्शन ।
"एक व्यक्ति, जिसकी पहचान मेरे समाज के एक व्यक्ति के रूप में की गई है, 18 तारीख से मेरा पीछा कर रहा है। दो दिन पहले वे मेरे कॉलेज के गेट के पास खड़े होकर मुझे देखते दिखे। मेरे कई बार मना करने के बाद भी वे बार-बार मुझसे बात करने की कोशिश करते हैं। मेरे दोस्तों ने भी देखा है कि यह व्यक्ति अलग-अलग दिनों में मेरा पीछा कर रहा है। ऐसा लगता है कि यह व्यक्ति मेरी दिनचर्या जानता है, जो बहुत चिंताजनक है। मुझे डर है कि अगर इसे नहीं रोका गया तो यह और भी खतरनाक रूप ले सकता है। मेरा अनुरोध है कि इस व्यक्ति के खिलाफ तुरंत सख्त कार्रवाई की जाए।' कृपया मेरी सुरक्षा सुनिश्चित करने के लिए अगले कदमों पर मेरा मार्गदर्शन करें।",स्टॉकिंग,व्यक्ति जो पहचान समाज व्यक्ति रूप जाना तारीख पीछा रहना । दो दिन पहले कॉलेज गेट पास खड़ा होना देखना दिखे।ना कई बार मना बाद बार बार बात कोशिश । दोस्त ने देखना कि व्यक्ति अलग अलग दिन पीछा रहना । ऐसा लगना कि व्यक्ति दिनचर्या जानना जो बहुत चिंताजनक । डर कि अगर नहीं रोकना जाना खतरनाक रूप लेना सकना । अनुरोध कि व्यक्ति खिलाफ तुरंत सख्त कार्रवाई जाना । कृपया सुरक्षा सुनिश्चित अगला कदम मार्गदर्शन ।
"एक व्यक्ति, जिसकी पहचान मेरे पूर्व-साथी के रूप में की गई है, पिछले एक महीने से मेरा पीछा कर रहा है। लगभग आधी रात को वे मेरे कॉलेज के गेट के पास खड़े होकर मुझे देखते दिखे। मेरे कई बार मना करने के बाद भी वे बार-बार मुझसे बात करने की कोशिश करते हैं। मेरे दोस्तों ने भी देखा है कि यह व्यक्ति अलग-अलग दिनों में मेरा पीछा कर रहा है। ऐसा लगता है कि यह व्यक्ति मेरी दिनचर्या जानता है, जो बहुत चिंताजनक है। मुझे डर है कि अगर इसे नहीं रोका गया तो यह और भी खतरनाक रूप ले सकता है। मेरा अनुरोध है कि इस व्यक्ति के खिलाफ तुरंत सख्त कार्रवाई की जाए।' कृपया मेरी सुरक्षा सुनिश्चित करने के लिए अगले कदमों पर मेरा मार्गदर्शन करें।",स्टॉकिंग,व्यक्ति जो पहचान पूर्व साथी रूप जाना पिछला महीना पीछा रहना । लगभग आधा रात कॉलेज गेट पास खड़ा होना देखना दिखे।ना कई बार मना बाद बार बार बात कोशिश । दोस्त ने देखना कि व्यक्ति अलग अलग दिन पीछा रहना । ऐसा लगना कि व्यक्ति दिनचर्या जानना जो बहुत चिंताजनक । डर कि अगर नहीं रोकना जाना खतरनाक रूप लेना सकना । अनुरोध कि व्यक्ति खिलाफ तुरंत सख्त कार्रवाई जाना । कृपया सुरक्षा सुनिश्चित अगला कदम मार्गदर्शन ।
"मैं नासिक रोड स्थित अपने आवास पर अपने ससुराल वालों द्वारा झेली जा रही घरेलू हिंसा की रिपोर्ट करना चाहती हूं। 15 जुलाई से लगातार शारीरिक और मानसिक शोषण जारी है। छोटी-छोटी घरेलू बातों पर अक्सर मुझे पीटा जाता है और गाली-गलौज की जाती है। उन्होंने मुझे बिना किसी सहारे के घर से बाहर निकाल देने की धमकी भी दी है. मेरे बच्चों ने ये घटनाएं देखी हैं, जिसका उन पर बुरा असर पड़ा है.' मैंने इसे शांतिपूर्ण तरीके से सुलझाने की कोशिश की है, लेकिन दुर्व्यवहार बढ़ता ही जा रहा है। मैं इस दुरुपयोग के लिए जिम्मेदार लोगों के खिलाफ सुरक्षा और कानूनी कार्रवाई का अनुरोध करता हूं। यदि आवश्यक हुआ तो मैं मेडिकल रिकॉर्ड और गवाहों के बयान उपलब्ध कराने के लिए तैयार हूं।",घरेलू हिंसा,नासिक रोड स्थित अपना आवास अपना ससुराल वाला झेलना जाना रहना घरेलू हिंसा रिपोर्ट चाहना । जुलाई लगातार शारीरिक मानसिक शोषण जारी । छोटा छोटा घरेलू बात अक्सर पीटना जाना गाली गलौज जाना । बिना कोई सहारा घर बाहर निकालना देना धमकी देना बच्चा ने घटना देखना जो बुरा असर पड़ना शांतिपूर्ण तरीका सुलझाना कोशिश लेकिन दुर्व्यवहार बढना ही जाना रहना । दुरुपयोग जिम्मेदार लोग खिलाफ सुरक्षा कानूनी कार्रवाई अनुरोध । यदि आवश्यक होना मेडिकल रिकॉर्ड गवाह बयान उपलब्ध कराना तैयार ।
"मैं शिवाजी नगर में शोर और उपद्रव के संबंध में एक सामान्य सुरक्षा शिकायत दर्ज करना चाहता हूं। पिछले शुक्रवार से, पास का एक प्रतिष्ठान अनुमत समय से अधिक जोर-शोर से काम कर रहा है। इससे आस-पड़ोस की शांति भंग हो गई है, विशेषकर बुजुर्ग निवासियों और बच्चों के लिए। मालिकों से शोर कम करने के बार-बार अनुरोध को नजरअंदाज कर दिया गया है। सप्ताहांत पर स्थिति और भी गंभीर हो जाती है जब अशांति देर रात तक जारी रहती है। इस मुद्दे को स्थानीय अधिकारियों के सामने उठाने के लिए कई पड़ोसी एकजुट हुए हैं। मैं यह सुनिश्चित करने के लिए आवश्यक कार्रवाई का अनुरोध करता हूं कि शोर के स्तर को नियंत्रण में लाया जाए। कृपया निवासियों की भलाई के लिए इस मामले पर जल्द से जल्द ध्यान दें।",अन्य,शिवाजी नगर शोर उपद्रव संबंध सामान्य सुरक्षा शिकायत दर्ज चाहना । पिछला शुक्रवार पास प्रतिष्ठान अनुमत समय अधिक जोर शोर काम रहना । आस पडोस शान्ति भंग होना जाना विशेषकर बुजुर्ग निवासी बच्चा । मालिक शोर कम बार बार अनुरोध नजरअंदाज देना जाना । सप्ताहांत स्थिति गंभीर होना जाना जब अशान्ति देर रात जारी रहना । मुद्दा स्थानीय अधिकारी सामने उठाना कई पड़ोसी एकजुट होना । सुनिश्चित आवश्यक कार्रवाई अनुरोध कि शोर स्तर नियंत्रण लाना जाना । कृपया निवासी भलाई मामला जल्द जल्द ध्यान देना ।
"मैं बानेर में हुई अपने लैपटॉप बैग की चोरी की रिपोर्ट करना चाहता हूं। घटना सोमवार दोपहर मुख्य बाजार इलाके के पास हुई. जब मुझे एहसास हुआ कि यह गायब है, तो मैंने तुरंत आसपास की जाँच की लेकिन कुछ नहीं मिला। मुझे संदेह है कि इसे किसी ऐसे व्यक्ति ने चुराया है जो कुछ समय से मेरा पीछा कर रहा था। चोरी गए सामान की अनुमानित कीमत करीब तीन लाख रुपये है। 2,50,000. मैंने स्थानीय दुकानदारों को पहले ही सूचित कर दिया है कि उन्हें कुछ भी असामान्य दिखे। मैं पुलिस से मामले की जांच करने और मेरा सामान बरामद करने में मदद करने का अनुरोध करता हूं। यदि उपलब्ध हो तो मैं कोई भी अतिरिक्त विवरण या सीसीटीवी फुटेज स्थान प्रदान करने के लिए तैयार हूं।",चोरी,बानेर होना अपना लैपटॉप बैग चोरी रिपोर्ट चाहना । घटना सोमवार दोपहर मुख्य बाजार इलाका पास होना जब एहसास होना कि गायब तुरंत आसपास जाँच लेकिन कुछ नहीं मिलना । संदेह कि कोई ऐसा व्यक्ति ने चुराना जो कुछ समय पीछा रहना । चोरी जाना सामान अनुमानित कीमत करीब तीन लाख रुपया । स्थानीय दुकानदार पहले ही सूचित देना कि कुछ असामान्य दिखना । पुलिस मामला जांच सामान बरामद मदद अनुरोध । यदि उपलब्ध होना कोई अतिरिक्त विवरण सीसीटीवी फुटेज स्थान प्रदान तैयार ।
"मैं दादर बस स्टॉप के पास हुई एक छेड़छाड़ की घटना की रिपोर्ट कर रहा हूं। सोमवार दोपहर को लड़कों के एक समूह ने मुझे छेड़ना शुरू कर दिया और भद्दे कमेंट करने लगे। उन्होंने मेरी अनुमति के बिना मेरी तस्वीरें खींचने की भी कोशिश की. मैंने उनका विरोध किया, लेकिन उन्होंने इसे हंसी में उड़ा दिया और अपना व्यवहार जारी रखा। यह पहली बार नहीं है जब इस स्थान पर ऐसी घटनाएं हुई हैं। इसी ग्रुप के बारे में कई अन्य लड़कियों ने अनौपचारिक रूप से शिकायत की है. मैं महिलाओं की सुरक्षा सुनिश्चित करने के लिए सख्त कार्रवाई और नियमित पुलिस उपस्थिति का अनुरोध करता हूं। यदि व्यक्तियों का पता लगाया जाता है तो मैं पहचान में सहायता करने को तैयार हूं।",ईव टीज़िंग,दादर बस स्टॉप पास होना छेडछाड घटना रिपोर्ट रहना । सोमवार दोपहर लड़का समूह ने छेड़ना शुरू देना भद्दा कमेंट लगना । अनुमति बिना तस्वीर खींचना कोशिश विरोध लेकिन हँसी उड़ाना देना अपना व्यवहार जारी रखना । पहला बार नहीं जब स्थान ऐसा घटना होना । ग्रुप बारे कई अन्य लड़की ने अनौपचारिक रूप शिकायत महिला सुरक्षा सुनिश्चित सख्त कार्रवाई नियमित पुलिस उपस्थिति अनुरोध । यदि व्यक्ति पता लगाना जाना पहचान सहायता तैयार ।
"मुझे मेरा पूर्व-प्रेमी ब्लैकमेल कर रहा है जो मेरे बारे में निजी जानकारी उजागर करने की धमकी दे रहा है। इस महीने की 3 तारीख को फेसबुक पर संदेशों के जरिए ब्लैकमेल की कोशिशें शुरू हुईं। वे रुपये मांग रहे हैं. 35,000 न देने पर वे मुझे सार्वजनिक रूप से बदनाम करने की धमकी देते हैं। मैंने अब तक उनकी कोई भी मांग नहीं मानी है।' लगातार मिल रही इन धमकियों से मानसिक दबाव असहनीय होता जा रहा है। मैंने इस मामले से जुड़े सभी मैसेज और कॉल का रिकॉर्ड रखा है.' मैं इस ब्लैकमेल को रोकने और मेरी गोपनीयता की रक्षा के लिए तत्काल कार्रवाई का अनुरोध करता हूं। कृपया सलाह दें कि मैं इस व्यक्ति के खिलाफ क्या कानूनी कदम उठा सकता हूं।",ब्लैकमेल,पूर्व प्रेमी ब्लैकमेल रहना जो बारे निजी जानकारी उजागर धमकी देना रहना । महीना तारीख फेसबुक संदेश जरिये ब्लैकमेल कोशिश शुरू होना । रुपया मांगना रहना न देना सार्वजनिक रूप बदनाम धमकी देना । अब कोई मांग नहीं मानना । लगातार मिलना रहना धमकी मानसिक दबाव असहनीय होना जाना रहना । मामला जुडना सभी मैसेज कॉल रिकॉर्ड रखना ब्लैकमेल रोकना गोपनीयता रक्षा तत्काल कार्रवाई अनुरोध । कृपया सलाह देना कि व्यक्ति खिलाफ क्या कानूनी कदम उठाना सकना ।
मैं नासिक रोड पर हुई छेड़छाड़ की एक घटना की रिपोर्ट करना चाहता हूं। जब मैं काम से लौट रही थी तो कुछ युवकों ने चलते समय मुझ पर अश्लील कमेंट किए। उन्होंने सीटियां भी बजाईं और मेरे और मेरे दोस्त की ओर अनुचित इशारे भी किए। जब मैंने उन्हें नज़रअंदाज कर दूर जाने की कोशिश की तो उन्होंने कुछ दूर तक पीछा किया। इस तरह के व्यवहार से मुझे अकेले यात्रा करते समय असुरक्षित महसूस होने लगा है। क्षेत्र की अन्य महिलाओं को भी उसी स्थान पर इसी तरह के उत्पीड़न का सामना करना पड़ा है। मैं ऐसी घटनाओं को रोकने के लिए इस क्षेत्र में पुलिस गश्त बढ़ाने का अनुरोध करता हूं। यदि लाइन-अप या सीसीटीवी समीक्षा की व्यवस्था की जाती है तो मैं व्यक्तियों की पहचान करने के लिए तैयार हूं।,ईव टीज़िंग,नासिक रोड होना छेडछाड घटना रिपोर्ट चाहना । जब काम लौटना रहना कुछ युवक ने चलना समय अश्लील कमेंट । सीटी बजाना दोस्त ओर अनुचित इशारा । जब नजरअंदाज दूर जाना कोशिश कुछ दूर पीछा । तरह व्यवहार अकेला यात्रा समय असुरक्षित महसूस होना लगाना । क्षेत्र अन्य महिला स्थान तरह उत्पीडन सामना पड़ना । ऐसा घटना रोकना क्षेत्र पुलिस गश्त बढ़ाना अनुरोध । यदि लाइन अप सीसीटीवी समीक्षा व्यवस्था जाना व्यक्ति पहचान तैयार ।
"यह नासिक रोड इलाके में मेरी सोने की चेन से जुड़ी चोरी की घटना की रिपोर्ट करने के लिए है। यह दो दिन पहले हुआ था, जब मैं थोड़ी देर के लिए घटनास्थल से हट गया था। वापस लौटने पर मुझे पता चला कि मेरा सामान कोई अज्ञात व्यक्ति ले गया है। अनुमानित नुकसान लगभग रु. 1,00,000, जो मेरे लिए एक महत्वपूर्ण राशि है। आसपास कुछ लोग भी थे, लेकिन किसी को चोरी होने का पता नहीं चला। मैंने आस-पास की दुकानों और निवासियों से जांच की है, लेकिन अभी तक कोई सुराग नहीं मिला है। मेरा अनुरोध है कि जल्द से जल्द मामला दर्ज किया जाए और जांच की जाए।' मैं जांच प्रक्रिया में पूरा सहयोग करने को तैयार हूं।'",चोरी,नासिक रोड इलाका सोना चेन जुड़ना चोरी घटना रिपोर्ट । दो दिन पहले होना जब थोड़ा देर घटनास्थल हटना जाना । वापस लौटना पता चलना कि सामान कोई अज्ञात व्यक्ति लेना जाना । अनुमानित नुकसान लगभग रु जो महत्वपूर्ण राशि । आसपास कुछ लोग लेकिन कोई चोरी होना पता नहीं चलना । आस पास दुकान निवासी जांच लेकिन अभी कोई सुराग नहीं मिलना । अनुरोध कि जल्द जल्द मामला दर्ज जाना जांच जाना । जांच प्रक्रिया पूरा सहयोग तैयार ।
नासिक रोड पर रहने वाले मेरे समाज के एक व्यक्ति द्वारा मुझे और मेरे परिवार को परेशान किया जा रहा है। 2 अगस्त से लगातार उत्पीड़न जारी है। जब भी वे मुझे देखते हैं तो भद्दे कमेंट करते हैं और परेशानी पैदा करने की कोशिश करते हैं। आधी रात के आसपास स्थिति तब और खराब हो गई जब वे मुझसे सीधे भिड़ गए। इस लगातार उत्पीड़न के कारण मैं काम पर जाने में असुरक्षित महसूस करती हूं। मेरे परिवार के सदस्यों ने भी कई मौकों पर इस व्यवहार को देखा है। मैं तत्काल हस्तक्षेप का अनुरोध करता हूं ताकि यह उत्पीड़न स्थायी रूप से बंद हो जाए। कृपया मेरी शिकायत दर्ज कर आवश्यक कानूनी कार्रवाई करें।,उत्पीड़न,नासिक रोड रहना वाला समाज व्यक्ति परिवार परेशान जाना रहना । अगस्त लगातार उत्पीडन जारी । जब देखना भद्दा कमेंट परेशानी पैदा कोशिश । आधा रात आसपास स्थिति तब खराब होना जाना जब सीधे भिडना जाना । लगातार उत्पीडन कारण काम जाना असुरक्षित महसूस । परिवार सदस्य ने कई मौका व्यवहार देखना । तत्काल हस्तक्षेप अनुरोध ताकि उत्पीडन स्थायी रूप बंद होना जाना । कृपया शिकायत दर्ज आवश्यक कानूनी कार्रवाई ।
"मैं नागपुर शहर में देखी गई एक संदिग्ध गतिविधि की रिपोर्ट करना चाहता हूं। 18 तारीख के बाद से, अज्ञात व्यक्ति अजीब समय पर परित्यक्त इमारत के पास इकट्ठा हो रहे हैं। निवासियों को संदेह है कि रात में वहां कुछ अवैध गतिविधि हो सकती है। उस स्थान से तेज़ आवाज़ें और कभी-कभार बहसें सुनाई देती रही हैं। इससे आसपास रहने वाले परिवारों में सुरक्षा संबंधी चिंताएं बढ़ गई हैं। स्थानीय वार्ड कार्यालय को सूचित करने के बावजूद कोई आधिकारिक कार्रवाई नहीं की गई है। मैं अधिकारियों से इस मामले की जांच करने और निवासियों की सुरक्षा सुनिश्चित करने का अनुरोध करता हूं। यदि आवश्यक हुआ तो मैं अधिक विवरण प्रदान करने या अधिकारियों के साथ जाने को तैयार हूं।",अन्य,नागपुर शहर देखना जाना संदिग्ध गतिविधि रिपोर्ट चाहना । तारीख बाद अज्ञात व्यक्ति अजीब समय परित्यक्त इमारत पास इकट्ठा होना रहना । निवासी संदेह कि रात वहाँ कुछ अवैध गतिविधि होना सकना । स्थान तेज आवाज कभी कभार बहस सुनाना देना रहना । आसपास रहना वाला परिवार सुरक्षा संबंधी चिंता बढ़ना जाना । स्थानीय वार्ड कार्यालय सूचित बावजूद कोई आधिकारिक कार्रवाई नहीं जाना । अधिकारी मामला जांच निवासी सुरक्षा सुनिश्चित अनुरोध । यदि आवश्यक होना अधिक विवरण प्रदान अधिकारी साथ जाना तैयार ।
"मैं औंध बस स्टॉप के पास हुई एक छेड़छाड़ की घटना की रिपोर्ट कर रहा हूं। आज सुबह करीब 8 बजे लड़कों का एक ग्रुप मुझे छेड़ने लगा और भद्दे कमेंट करने लगा. उन्होंने मेरी अनुमति के बिना मेरी तस्वीरें खींचने की भी कोशिश की. मैंने उनका विरोध किया, लेकिन उन्होंने इसे हंसी में उड़ा दिया और अपना व्यवहार जारी रखा। यह पहली बार नहीं है जब इस स्थान पर ऐसी घटनाएं हुई हैं। इसी ग्रुप के बारे में कई अन्य लड़कियों ने अनौपचारिक रूप से शिकायत की है. मैं महिलाओं की सुरक्षा सुनिश्चित करने के लिए सख्त कार्रवाई और नियमित पुलिस उपस्थिति का अनुरोध करता हूं। यदि व्यक्तियों का पता लगाया जाता है तो मैं पहचान में सहायता करने को तैयार हूं।",ईव टीज़िंग,औंध बस स्टॉप पास होना छेडछाड घटना रिपोर्ट रहना । आज सुबह करीब बजे लड़का ग्रुप छेडना लगाना भद्दा कमेंट लगाना अनुमति बिना तस्वीर खींचना कोशिश विरोध लेकिन हँसी उड़ाना देना अपना व्यवहार जारी रखना । पहला बार नहीं जब स्थान ऐसा घटना होना । ग्रुप बारे कई अन्य लड़की ने अनौपचारिक रूप शिकायत महिला सुरक्षा सुनिश्चित सख्त कार्रवाई नियमित पुलिस उपस्थिति अनुरोध । यदि व्यक्ति पता लगाना जाना पहचान सहायता तैयार ।
"मुझे मेरे जीजा द्वारा ब्लैकमेल किया जा रहा है जो मेरे बारे में निजी जानकारी उजागर करने की धमकी दे रहा है। इस महीने की 3 तारीख को एक फर्जी ईमेल आईडी पर संदेशों के जरिए ब्लैकमेल की कोशिशें शुरू हुईं। वे रुपये मांग रहे हैं. 2,50,000 न देने पर वे मुझे सार्वजनिक रूप से बदनाम करने की धमकी देते हैं। मैंने अब तक उनकी कोई भी मांग नहीं मानी है।' लगातार मिल रही इन धमकियों से मानसिक दबाव असहनीय होता जा रहा है। मैंने इस मामले से जुड़े सभी मैसेज और कॉल का रिकॉर्ड रखा है.' मैं इस ब्लैकमेल को रोकने और मेरी गोपनीयता की रक्षा के लिए तत्काल कार्रवाई का अनुरोध करता हूं। कृपया सलाह दें कि मैं इस व्यक्ति के खिलाफ क्या कानूनी कदम उठा सकता हूं।",ब्लैकमेल,जीजा ब्लैकमेल जाना रहना जो बारे निजी जानकारी उजागर धमकी देना रहना । महीना तारीख फर्जी ईमेल आईडी संदेश जरिये ब्लैकमेल कोशिश शुरू होना । रुपया मांगना रहना न देना सार्वजनिक रूप बदनाम धमकी देना । अब कोई मांग नहीं मानना । लगातार मिलना रहना धमकी मानसिक दबाव असहनीय होना जाना रहना । मामला जुडना सभी मैसेज कॉल रिकॉर्ड रखना ब्लैकमेल रोकना गोपनीयता रक्षा तत्काल कार्रवाई अनुरोध । कृपया सलाह देना कि व्यक्ति खिलाफ क्या कानूनी कदम उठाना सकना ।
"मैं रिपोर्ट करना चाहता हूं कि पास का एक दुकानदार व्हाट्सएप का उपयोग करके मुझे ब्लैकमेल कर रहा है। 22 जून से इस शख्स ने मेरी निजी तस्वीरें और जानकारी लीक करने की धमकी दी है. वे रुपये की मांग कर रहे हैं. सामग्री को सार्वजनिक न करने के बदले में 2,50,000 रु. मैंने पैसे देने से इनकार कर दिया है, जिसके बाद धमकियां और भी बढ़ गई हैं. इस ब्लैकमेल से मुझे गंभीर मानसिक तनाव और सामाजिक शर्मिंदगी का डर सता रहा है। मैंने सभी चैट वार्तालाप और स्क्रीनशॉट को साक्ष्य के रूप में सहेजा है। मैं साइबर अपराध विभाग से जांच करने और सख्त कार्रवाई करने का अनुरोध करता हूं।' मैं यह सुनिश्चित करने के लिए पूरा सहयोग करने को तैयार हूं कि इस व्यक्ति को जवाबदेह ठहराया जाए।",ब्लैकमेल,रिपोर्ट चाहना कि पास दुकानदार व्हाट्सएप उपयोग ब्लैकमेल रहना । जून शख्स ने निजी तस्वीर जानकारी लीक धमकी देना रुपया मांग रहना सामग्री सार्वजनिक न बदले रु पैसा देना इनकार देना जो बाद धमकी बढ़ना जाना ब्लैकमेल गंभीर मानसिक तनाव सामाजिक शर्मिंदगी डर सताना रहना । सभी चैट वार्तालाप स्क्रीनशॉट साक्ष्य रूप सहेजना । साइबर अपराध विभाग जांच सख्त कार्रवाई अनुरोध । सुनिश्चित पूरा सहयोग तैयार कि व्यक्ति जवाबदेह ठहराना जाना ।
"मैं नागपुर शहर में एक अज्ञात व्यक्ति द्वारा पीछा किए जाने के संबंध में शिकायत दर्ज करना चाहती हूं। 22 जून से यह शख्स लगभग हर दिन मेरा पीछा कर रहा है. पिछले हफ्ते, मैंने उसी व्यक्ति को अपने घर के बाहर फिर से इंतज़ार करते हुए देखा। वे भी मेरे पीछे-पीछे मेरे कार्यस्थल तक आते हैं और गेट के पास इंतजार करते हैं। मैंने देखा है कि एक ही वाहन कई बार मेरे ऑटो-रिक्शा का पीछा कर रहा है। इस निरंतर अनुसरण ने मुझे अपनी सुरक्षा के लिए अत्यधिक चिंतित और भयभीत कर दिया है। मैं पुलिस से जांच करने और इस व्यक्ति को मेरा पीछा करने से रोकने का अनुरोध करता हूं। मैं उस व्यक्ति की पहचान करने और जरूरत पड़ने पर और विवरण प्रदान करने को तैयार हूं।",स्टॉकिंग,नागपुर शहर अज्ञात व्यक्ति पीछा जाना संबंध शिकायत दर्ज चाहना । जून शख्स लगभग हर दिन पीछा रहना पिछला हफ्ता व्यक्ति अपना घर बाहर फिर इंतजार होना देखाना पीछे पीछे कार्यस्थल आना गेट पास इंतजार । देखना कि ही वाहन कई बार ऑटो रिक्शा पीछा रहना । निरन्तर अनुसरण ने अपना सुरक्षा अत्यधिक चिंतित भयभीत देना । पुलिस जांच व्यक्ति पीछा रोकना अनुरोध । व्यक्ति पहचान जरूरत पड़ना विवरण प्रदान तैयार ।
"मैं औंध में देखी गई एक संदिग्ध गतिविधि की रिपोर्ट करना चाहता हूं। 22 जून से, अज्ञात व्यक्ति अजीब समय पर परित्यक्त इमारत के पास इकट्ठा हो रहे हैं। निवासियों को संदेह है कि रात में वहां कुछ अवैध गतिविधि हो सकती है। उस स्थान से तेज़ आवाज़ें और कभी-कभार बहसें सुनाई देती रही हैं। इससे आसपास रहने वाले परिवारों में सुरक्षा संबंधी चिंताएं बढ़ गई हैं। स्थानीय वार्ड कार्यालय को सूचित करने के बावजूद कोई आधिकारिक कार्रवाई नहीं की गई है। मैं अधिकारियों से इस मामले की जांच करने और निवासियों की सुरक्षा सुनिश्चित करने का अनुरोध करता हूं। यदि आवश्यक हुआ तो मैं अधिक विवरण प्रदान करने या अधिकारियों के साथ जाने को तैयार हूं।",अन्य,औंध देखना जाना संदिग्ध गतिविधि रिपोर्ट चाहना । जून अज्ञात व्यक्ति अजीब समय परित्यक्त इमारत पास इकट्ठा होना रहना । निवासी संदेह कि रात वहाँ कुछ अवैध गतिविधि होना सकना । स्थान तेज आवाज कभी कभार बहस सुनाना देना रहना । आसपास रहना वाला परिवार सुरक्षा संबंधी चिंता बढ़ना जाना । स्थानीय वार्ड कार्यालय सूचित बावजूद कोई आधिकारिक कार्रवाई नहीं जाना । अधिकारी मामला जांच निवासी सुरक्षा सुनिश्चित अनुरोध । यदि आवश्यक होना अधिक विवरण प्रदान अधिकारी साथ जाना तैयार ।
"मैं हडपसर में टूटी हुई स्ट्रीट लाइट और क्षतिग्रस्त फुटपाथ की रिपोर्ट करना चाहता हूं जिससे सुरक्षा संबंधी समस्याएं पैदा हो रही हैं। यह समस्या कुछ दिनों से बिना किसी मरम्मत कार्य के बनी हुई है। इस इलाके में बुजुर्गों और बच्चों को सुरक्षित चलने में काफी दिक्कत होती है। बारिश के दौरान इलाके में पानी भर जाता है, जिससे गिरने का खतरा बढ़ जाता है। यहां लोगों के फिसलने और घायल होने की कुछ घटनाएं हो चुकी हैं। मैं अन्य निवासियों के साथ इस सार्वजनिक बुनियादी ढांचे की तत्काल मरम्मत का अनुरोध करता हूं। इससे रोजाना गुजरने वाले राहगीरों और वाहनों को लगातार खतरा बना हुआ है। मैं इस मामले को सुलझाने के लिए नगर निगम अधिकारियों से त्वरित कार्रवाई का अनुरोध करता हूं।",सार्वजनिक सुरक्षा,हडपसर टूटी होना स्ट्रीट लाइट क्षतिग्रस्त फुटपाथ रिपोर्ट चाहना जो सुरक्षा संबंधी समस्या पैदा होना रहना । समस्या कुछ दिन बिना कोई मरम्मत कार्य बनना होना । इलाका बुजुर्ग बच्चा सुरक्षित चलना काफी दिक्कत होना । बारिश दौरान इलाका पानी भरना जाना जो गिरना खतरा बढ़ना जाना । यहाँ लोग फिसलना घायल होना कुछ घटना होना चुकना । अन्य निवासी साथ सार्वजनिक बुनियादी ढांचा तत्काल मरम्मत अनुरोध । रोजाना गुजरना वाला राहगीर वाहन लगातार खतरा बनना होना । मामला सुलझाना नगर निगम अधिकारी त्वरित कार्रवाई अनुरोध ।
"मैं बानेर में शोर और उपद्रव के संबंध में एक सामान्य सुरक्षा शिकायत दर्ज करना चाहता हूं। इस महीने की 3 तारीख से, पास का एक प्रतिष्ठान अनुमत घंटों से अधिक जोर-शोर से काम कर रहा है। इससे आस-पड़ोस की शांति भंग हो गई है, विशेषकर बुजुर्ग निवासियों और बच्चों के लिए। मालिकों से शोर कम करने के बार-बार अनुरोध को नजरअंदाज कर दिया गया है। सप्ताहांत पर स्थिति और भी गंभीर हो जाती है जब अशांति देर रात तक जारी रहती है। इस मुद्दे को स्थानीय अधिकारियों के सामने उठाने के लिए कई पड़ोसी एकजुट हुए हैं। मैं यह सुनिश्चित करने के लिए आवश्यक कार्रवाई का अनुरोध करता हूं कि शोर के स्तर को नियंत्रण में लाया जाए। कृपया निवासियों की भलाई के लिए इस मामले पर जल्द से जल्द ध्यान दें।",अन्य,बानेर शोर उपद्रव संबंध सामान्य सुरक्षा शिकायत दर्ज चाहना । महीना तारीख पास प्रतिष्ठान अनुमत घंटा अधिक जोर शोर काम रहना । आस पडोस शान्ति भंग होना जाना विशेषकर बुजुर्ग निवासी बच्चा । मालिक शोर कम बार बार अनुरोध नजरअंदाज देना जाना । सप्ताहांत स्थिति गंभीर होना जाना जब अशान्ति देर रात जारी रहना । मुद्दा स्थानीय अधिकारी सामने उठाना कई पड़ोसी एकजुट होना । सुनिश्चित आवश्यक कार्रवाई अनुरोध कि शोर स्तर नियंत्रण लाना जाना । कृपया निवासी भलाई मामला जल्द जल्द ध्यान देना ।
"डेटिंग ऐप पर कोई मुझे बार-बार अनुचित संदेश और टिप्पणियाँ भेज रहा है। यह उत्पीड़न 22 जून को शुरू हुआ और हाल ही में इसकी आवृत्ति में वृद्धि हुई है। उस व्यक्ति ने मेरे सार्वजनिक पोस्ट पर भी अश्लील टिप्पणी की है.' मैंने उन्हें समझाने की कोशिश की, लेकिन उन्होंने और भी अश्लील संदेश जारी रखे। उन्होंने मेरे दोस्तों और परिवार को भी शर्मनाक और झूठे पोस्ट में टैग किया। मैं बेहद परेशान हूं और अब शांति से सोशल मीडिया का इस्तेमाल नहीं कर पा रहा हूं।' मेरा अनुरोध है कि खाते का पता लगाया जाए और उचित कार्रवाई की जाए। मैं अपनी शिकायत के समर्थन में आवश्यक स्क्रीनशॉट संलग्न कर रहा हूं।",साइबर उत्पीड़न,डेटिंग ऐप कोई बार बार अनुचित संदेश टिप्पणी भेजना रहना । उत्पीडन जून शुरू होना हाल ही आवृत्ति वृद्धि होना । व्यक्ति ने सार्वजनिक पोस्ट अश्लील टिप्पणी समझाना कोशिश लेकिन अश्लील संदेश जारी रखना । दोस्त परिवार शर्मनाक झूठा पोस्ट टैग । बेहद परेशान अब शान्ति सोशल मीडिया इस्तेमाल नहीं पाना रहना । अनुरोध कि खाता पता लगाना जाना उचित कार्रवाई जाना । अपना शिकायत समर्थन आवश्यक स्क्रीनशॉट संलग्न रहना ।
"मैं नागपुर शहर में देखी गई एक संदिग्ध गतिविधि की रिपोर्ट करना चाहता हूं। 15 जुलाई के बाद से, अज्ञात व्यक्ति अजीब समय पर परित्यक्त इमारत के पास इकट्ठा हो रहे हैं। निवासियों को संदेह है कि रात में वहां कुछ अवैध गतिविधि हो सकती है। उस स्थान से तेज़ आवाज़ें और कभी-कभार बहसें सुनाई देती रही हैं। इससे आसपास रहने वाले परिवारों में सुरक्षा संबंधी चिंताएं बढ़ गई हैं। स्थानीय वार्ड कार्यालय को सूचित करने के बावजूद कोई आधिकारिक कार्रवाई नहीं की गई है। मैं अधिकारियों से इस मामले की जांच करने और निवासियों की सुरक्षा सुनिश्चित करने का अनुरोध करता हूं। यदि आवश्यक हुआ तो मैं अधिक विवरण प्रदान करने या अधिकारियों के साथ जाने को तैयार हूं।",अन्य,नागपुर शहर देखना जाना संदिग्ध गतिविधि रिपोर्ट चाहना । जुलाई बाद अज्ञात व्यक्ति अजीब समय परित्यक्त इमारत पास इकट्ठा होना रहना । निवासी संदेह कि रात वहाँ कुछ अवैध गतिविधि होना सकना । स्थान तेज आवाज कभी कभार बहस सुनाना देना रहना । आसपास रहना वाला परिवार सुरक्षा संबंधी चिंता बढ़ना जाना । स्थानीय वार्ड कार्यालय सूचित बावजूद कोई आधिकारिक कार्रवाई नहीं जाना । अधिकारी मामला जांच निवासी सुरक्षा सुनिश्चित अनुरोध । यदि आवश्यक होना अधिक विवरण प्रदान अधिकारी साथ जाना तैयार ।
"मैं ठाणे बस स्टॉप के पास हुई एक छेड़छाड़ की घटना की रिपोर्ट कर रहा हूं। जब मैं काम से लौट रही थी तो एक अनजान आदमी ने मुझे छेड़ना शुरू कर दिया और भद्दे कमेंट करने लगा। उन्होंने मेरी अनुमति के बिना मेरी तस्वीरें खींचने की भी कोशिश की. मैंने उनका विरोध किया, लेकिन उन्होंने इसे हंसी में उड़ा दिया और अपना व्यवहार जारी रखा। यह पहली बार नहीं है जब इस स्थान पर ऐसी घटनाएं हुई हैं। इसी ग्रुप के बारे में कई अन्य लड़कियों ने अनौपचारिक रूप से शिकायत की है. मैं महिलाओं की सुरक्षा सुनिश्चित करने के लिए सख्त कार्रवाई और नियमित पुलिस उपस्थिति का अनुरोध करता हूं। यदि व्यक्तियों का पता लगाया जाता है तो मैं पहचान में सहायता करने को तैयार हूं।",ईव टीज़िंग,ठाणे बस स्टॉप पास होना छेडछाड घटना रिपोर्ट रहना । जब काम लौटना रहना अनजान आदमी ने छेड़ना शुरू देना भद्दा कमेंट लगाना । अनुमति बिना तस्वीर खींचना कोशिश विरोध लेकिन हँसी उड़ाना देना अपना व्यवहार जारी रखना । पहला बार नहीं जब स्थान ऐसा घटना होना । ग्रुप बारे कई अन्य लड़की ने अनौपचारिक रूप शिकायत महिला सुरक्षा सुनिश्चित सख्त कार्रवाई नियमित पुलिस उपस्थिति अनुरोध । यदि व्यक्ति पता लगाना जाना पहचान सहायता तैयार ।
"टेलीग्राम पर कोई मुझे बार-बार अनुचित संदेश और टिप्पणियाँ भेज रहा है। यह उत्पीड़न 2 अगस्त को शुरू हुआ और हाल ही में इसकी आवृत्ति में वृद्धि हुई है। उस व्यक्ति ने मेरे सार्वजनिक पोस्ट पर भी अश्लील टिप्पणी की है.' मैंने उन्हें समझाने की कोशिश की, लेकिन उन्होंने और भी अश्लील संदेश जारी रखे। उन्होंने मेरे दोस्तों और परिवार को भी शर्मनाक और झूठे पोस्ट में टैग किया। मैं बेहद परेशान हूं और अब शांति से सोशल मीडिया का इस्तेमाल नहीं कर पा रहा हूं।' मेरा अनुरोध है कि खाते का पता लगाया जाए और उचित कार्रवाई की जाए। मैं अपनी शिकायत के समर्थन में आवश्यक स्क्रीनशॉट संलग्न कर रहा हूं।",साइबर उत्पीड़न,टेलीग्राम कोई बार बार अनुचित संदेश टिप्पणी भेजना रहना । उत्पीडन अगस्त शुरू होना हाल ही आवृत्ति वृद्धि होना । व्यक्ति ने सार्वजनिक पोस्ट अश्लील टिप्पणी समझाना कोशिश लेकिन अश्लील संदेश जारी रखना । दोस्त परिवार शर्मनाक झूठा पोस्ट टैग । बेहद परेशान अब शान्ति सोशल मीडिया इस्तेमाल नहीं पाना रहना । अनुरोध कि खाता पता लगाना जाना उचित कार्रवाई जाना । अपना शिकायत समर्थन आवश्यक स्क्रीनशॉट संलग्न रहना ।
"मैं खराड़ी में टूटी हुई स्ट्रीट लाइट और क्षतिग्रस्त फुटपाथ की रिपोर्ट करना चाहता हूं जिससे सुरक्षा संबंधी समस्याएं पैदा हो रही हैं। यह समस्या बिना किसी मरम्मत कार्य के पिछले महीने की 10 तारीख से बनी हुई है। इस इलाके में बुजुर्गों और बच्चों को सुरक्षित चलने में काफी दिक्कत होती है। बारिश के दौरान इलाके में पानी भर जाता है, जिससे गिरने का खतरा बढ़ जाता है। यहां लोगों के फिसलने और घायल होने की कुछ घटनाएं हो चुकी हैं। मैं अन्य निवासियों के साथ इस सार्वजनिक बुनियादी ढांचे की तत्काल मरम्मत का अनुरोध करता हूं। इससे रोजाना गुजरने वाले राहगीरों और वाहनों को लगातार खतरा बना हुआ है। मैं इस मामले को सुलझाने के लिए नगर निगम अधिकारियों से त्वरित कार्रवाई का अनुरोध करता हूं।",सार्वजनिक सुरक्षा,खराड़ी टूटी होना स्ट्रीट लाइट क्षतिग्रस्त फुटपाथ रिपोर्ट चाहना जो सुरक्षा संबंधी समस्या पैदा होना रहना । समस्या बिना कोई मरम्मत कार्य पिछला महीना तारीख बनना होना । इलाका बुजुर्ग बच्चा सुरक्षित चलना काफी दिक्कत होना । बारिश दौरान इलाका पानी भरना जाना जो गिरना खतरा बढ़ना जाना । यहाँ लोग फिसलना घायल होना कुछ घटना होना चुकना । अन्य निवासी साथ सार्वजनिक बुनियादी ढांचा तत्काल मरम्मत अनुरोध । रोजाना गुजरना वाला राहगीर वाहन लगातार खतरा बनना होना । मामला सुलझाना नगर निगम अधिकारी त्वरित कार्रवाई अनुरोध ।
"मैं खराड़ी में टूटी हुई स्ट्रीट लाइट और क्षतिग्रस्त फुटपाथ की रिपोर्ट करना चाहता हूं जिससे सुरक्षा संबंधी समस्याएं पैदा हो रही हैं। बिना किसी मरम्मत कार्य के यह समस्या 2 अगस्त से बनी हुई है। इस इलाके में बुजुर्गों और बच्चों को सुरक्षित चलने में काफी दिक्कत होती है। बारिश के दौरान इलाके में पानी भर जाता है, जिससे गिरने का खतरा बढ़ जाता है। यहां लोगों के फिसलने और घायल होने की कुछ घटनाएं हो चुकी हैं। मैं अन्य निवासियों के साथ इस सार्वजनिक बुनियादी ढांचे की तत्काल मरम्मत का अनुरोध करता हूं। इससे रोजाना गुजरने वाले राहगीरों और वाहनों को लगातार खतरा बना हुआ है। मैं इस मामले को सुलझाने के लिए नगर निगम अधिकारियों से त्वरित कार्रवाई का अनुरोध करता हूं।",सार्वजनिक सुरक्षा,खराड़ी टूटी होना स्ट्रीट लाइट क्षतिग्रस्त फुटपाथ रिपोर्ट चाहना जो सुरक्षा संबंधी समस्या पैदा होना रहना । बिना कोई मरम्मत कार्य समस्या अगस्त बनना होना । इलाका बुजुर्ग बच्चा सुरक्षित चलना काफी दिक्कत होना । बारिश दौरान इलाका पानी भरना जाना जो गिरना खतरा बढ़ना जाना । यहाँ लोग फिसलना घायल होना कुछ घटना होना चुकना । अन्य निवासी साथ सार्वजनिक बुनियादी ढांचा तत्काल मरम्मत अनुरोध । रोजाना गुजरना वाला राहगीर वाहन लगातार खतरा बनना होना । मामला सुलझाना नगर निगम अधिकारी त्वरित कार्रवाई अनुरोध ।
"मुझे मेरे मकान मालिक द्वारा ब्लैकमेल किया जा रहा है जो मेरे बारे में निजी जानकारी उजागर करने की धमकी दे रहा है। ब्लैकमेल का प्रयास 22 जून को एक अज्ञात फोन नंबर पर संदेशों के माध्यम से शुरू हुआ। वे रुपये मांग रहे हैं. 20,000 न देने पर वे मुझे सार्वजनिक रूप से बदनाम करने की धमकी देते हैं। मैंने अब तक उनकी कोई भी मांग नहीं मानी है।' लगातार मिल रही इन धमकियों से मानसिक दबाव असहनीय होता जा रहा है। मैंने इस मामले से जुड़े सभी मैसेज और कॉल का रिकॉर्ड रखा है.' मैं इस ब्लैकमेल को रोकने और मेरी गोपनीयता की रक्षा के लिए तत्काल कार्रवाई का अनुरोध करता हूं। कृपया सलाह दें कि मैं इस व्यक्ति के खिलाफ क्या कानूनी कदम उठा सकता हूं।",ब्लैकमेल,मकान मालिक ब्लैकमेल जाना रहना जो बारे निजी जानकारी उजागर धमकी देना रहना । ब्लैकमेल प्रयास जून अज्ञात फोन नंबर संदेश माध्यम शुरू होना । रुपया मांगना रहना न देना सार्वजनिक रूप बदनाम धमकी देना । अब कोई मांग नहीं मानना । लगातार मिलना रहना धमकी मानसिक दबाव असहनीय होना जाना रहना । मामला जुडना सभी मैसेज कॉल रिकॉर्ड रखना ब्लैकमेल रोकना गोपनीयता रक्षा तत्काल कार्रवाई अनुरोध । कृपया सलाह देना कि व्यक्ति खिलाफ क्या कानूनी कदम उठाना सकना ।
"मैं चिंचवड़ में हुई छेड़छाड़ की एक घटना की रिपोर्ट करना चाहता हूं। लगभग आधी रात को, जब मैं पैदल जा रही थी तो बस स्टॉप पर एक आदमी ने मुझ पर अश्लील टिप्पणियाँ कीं। उन्होंने सीटियां भी बजाईं और मेरे और मेरे दोस्त की ओर अनुचित इशारे भी किए। जब मैंने उन्हें नज़रअंदाज कर दूर जाने की कोशिश की तो उन्होंने कुछ दूर तक पीछा किया। इस तरह के व्यवहार से मुझे अकेले यात्रा करते समय असुरक्षित महसूस होने लगा है। क्षेत्र की अन्य महिलाओं को भी उसी स्थान पर इसी तरह के उत्पीड़न का सामना करना पड़ा है। मैं ऐसी घटनाओं को रोकने के लिए इस क्षेत्र में पुलिस गश्त बढ़ाने का अनुरोध करता हूं। यदि लाइन-अप या सीसीटीवी समीक्षा की व्यवस्था की जाती है तो मैं व्यक्तियों की पहचान करने के लिए तैयार हूं।",ईव टीज़िंग,चिंचवड़ होना छेडछाड घटना रिपोर्ट चाहना । लगभग आधा रात जब पैदल जाना रहना बस स्टॉप आदमी ने अश्लील टिप्पणी कीं।ना सीटी बजाना दोस्त ओर अनुचित इशारा । जब नजरअंदाज दूर जाना कोशिश कुछ दूर पीछा । तरह व्यवहार अकेला यात्रा समय असुरक्षित महसूस होना लगाना । क्षेत्र अन्य महिला स्थान तरह उत्पीडन सामना पड़ना । ऐसा घटना रोकना क्षेत्र पुलिस गश्त बढ़ाना अनुरोध । यदि लाइन अप सीसीटीवी समीक्षा व्यवस्था जाना व्यक्ति पहचान तैयार ।
"मैं औंध में हुई नकदी और कार्ड वाले अपने पर्स की चोरी की रिपोर्ट करना चाहता हूं। यह घटना कल शाम मुख्य बाजार क्षेत्र के पास हुई। जब मुझे एहसास हुआ कि यह गायब है, तो मैंने तुरंत आसपास की जाँच की लेकिन कुछ नहीं मिला। मुझे संदेह है कि इसे किसी ऐसे व्यक्ति ने चुराया है जो कुछ समय से मेरा पीछा कर रहा था। चोरी गए सामान की अनुमानित कीमत करीब तीन लाख रुपये है। 2,50,000. मैंने स्थानीय दुकानदारों को पहले ही सूचित कर दिया है कि उन्हें कुछ भी असामान्य दिखे। मैं पुलिस से मामले की जांच करने और मेरा सामान बरामद करने में मदद करने का अनुरोध करता हूं। यदि उपलब्ध हो तो मैं कोई भी अतिरिक्त विवरण या सीसीटीवी फुटेज स्थान प्रदान करने के लिए तैयार हूं।",चोरी,औंध होना नकदी कार्ड वाला अपना पर्स चोरी रिपोर्ट चाहना । घटना कल शाम मुख्य बाजार क्षेत्र पास होना । जब एहसास होना कि गायब तुरंत आसपास जाँच लेकिन कुछ नहीं मिलना । संदेह कि कोई ऐसा व्यक्ति ने चुराना जो कुछ समय पीछा रहना । चोरी जाना सामान अनुमानित कीमत करीब तीन लाख रुपया । स्थानीय दुकानदार पहले ही सूचित देना कि कुछ असामान्य दिखना । पुलिस मामला जांच सामान बरामद मदद अनुरोध । यदि उपलब्ध होना कोई अतिरिक्त विवरण सीसीटीवी फुटेज स्थान प्रदान तैयार ।
"मैं दादर स्थित अपने आवास पर अपने पति और उनके परिवार द्वारा झेली जा रही घरेलू हिंसा की रिपोर्ट करना चाहती हूं। पिछले एक महीने से शारीरिक और मानसिक शोषण जारी है। छोटी-छोटी घरेलू बातों पर अक्सर मुझे पीटा जाता है और गाली-गलौज की जाती है। उन्होंने मुझे बिना किसी सहारे के घर से बाहर निकाल देने की धमकी भी दी है. मेरे बच्चों ने ये घटनाएं देखी हैं, जिसका उन पर बुरा असर पड़ा है.' मैंने इसे शांतिपूर्ण तरीके से सुलझाने की कोशिश की है, लेकिन दुर्व्यवहार बढ़ता ही जा रहा है। मैं इस दुरुपयोग के लिए जिम्मेदार लोगों के खिलाफ सुरक्षा और कानूनी कार्रवाई का अनुरोध करता हूं। यदि आवश्यक हुआ तो मैं मेडिकल रिकॉर्ड और गवाहों के बयान उपलब्ध कराने के लिए तैयार हूं।",घरेलू हिंसा,दादर स्थित अपना आवास अपना पति परिवार झेलना जाना रहना घरेलू हिंसा रिपोर्ट चाहना । पिछला महीना शारीरिक मानसिक शोषण जारी । छोटा छोटा घरेलू बात अक्सर पीटना जाना गाली गलौज जाना । बिना कोई सहारा घर बाहर निकालना देना धमकी देना बच्चा ने घटना देखना जो बुरा असर पड़ना शांतिपूर्ण तरीका सुलझाना कोशिश लेकिन दुर्व्यवहार बढना ही जाना रहना । दुरुपयोग जिम्मेदार लोग खिलाफ सुरक्षा कानूनी कार्रवाई अनुरोध । यदि आवश्यक होना मेडिकल रिकॉर्ड गवाह बयान उपलब्ध कराना तैयार ।
"मैं रिपोर्ट करना चाहता हूं कि मुझे अंधेरी में एक अज्ञात व्यक्ति से गंभीर धमकियां मिली हैं। 2 अगस्त से यह व्यक्ति मुझे और मेरे परिवार को नुकसान पहुंचाने की धमकी दे रहा है। अगर मैंने उनकी मांगें नहीं मानी तो उन्होंने मुझे गंभीर परिणाम भुगतने की चेतावनी दी है। धमकियाँ व्यक्तिगत रूप से और फोन कॉल दोनों पर दी गई हैं। मैं इन धमकियों के कारण अपने परिवार की सुरक्षा को लेकर बेहद चिंतित हूं।' मैंने उनकी किसी भी मांग का जवाब नहीं दिया, जिससे उनका गुस्सा और बढ़ गया है.' मैं पुलिस सुरक्षा और मुझे धमकी देने वाले व्यक्ति के खिलाफ तत्काल कार्रवाई का अनुरोध करता हूं। मैं इस शिकायत के समर्थन में कॉल रिकॉर्डिंग और गवाह विवरण प्रदान कर सकता हूं।",धमकी,रिपोर्ट चाहना कि अंधेरी अज्ञात व्यक्ति गंभीर धमकी मिलना । अगस्त व्यक्ति परिवार नुकसान पहुंचाना धमकी देना रहना । अगर मांगें नहीं मानना गंभीर परिणाम भुगतना चेतावनी देना । धमकी व्यक्तिगत रूप फोन कॉल दो देना जाना । धमकी कारण अपना परिवार सुरक्षा लेना बेहद चिंतित । कोई मांग जवाब नहीं देना जो गुस्सा बढ़ना जाना पुलिस सुरक्षा धमकी देना वाला व्यक्ति खिलाफ तत्काल कार्रवाई अनुरोध । शिकायत समर्थन कॉल रिकॉर्डिंग गवाह विवरण प्रदान सकना ।
"मैं रिपोर्ट करना चाहती हूं कि मुझे ठाणे में मेरे पूर्व-प्रेमी से गंभीर धमकियां मिली हैं। 22 जून से यह व्यक्ति मुझे और मेरे परिवार को नुकसान पहुंचाने की धमकी दे रहा है। अगर मैंने उनकी मांगें नहीं मानी तो उन्होंने मुझे गंभीर परिणाम भुगतने की चेतावनी दी है। धमकियाँ व्यक्तिगत रूप से और फोन कॉल दोनों पर दी गई हैं। मैं इन धमकियों के कारण अपने परिवार की सुरक्षा को लेकर बेहद चिंतित हूं।' मैंने उनकी किसी भी मांग का जवाब नहीं दिया, जिससे उनका गुस्सा और बढ़ गया है.' मैं पुलिस सुरक्षा और मुझे धमकी देने वाले व्यक्ति के खिलाफ तत्काल कार्रवाई का अनुरोध करता हूं। मैं इस शिकायत के समर्थन में कॉल रिकॉर्डिंग और गवाह विवरण प्रदान कर सकता हूं।",धमकी,रिपोर्ट चाहना कि ठाणे पूर्व प्रेमी गंभीर धमकी मिलना । जून व्यक्ति परिवार नुकसान पहुंचाना धमकी देना रहना । अगर मांगें नहीं मानना गंभीर परिणाम भुगतना चेतावनी देना । धमकी व्यक्तिगत रूप फोन कॉल दो देना जाना । धमकी कारण अपना परिवार सुरक्षा लेना बेहद चिंतित । कोई मांग जवाब नहीं देना जो गुस्सा बढ़ना जाना पुलिस सुरक्षा धमकी देना वाला व्यक्ति खिलाफ तत्काल कार्रवाई अनुरोध । शिकायत समर्थन कॉल रिकॉर्डिंग गवाह विवरण प्रदान सकना ।
"मैं औंध में अपने आवास पर अपने पति और उनके परिवार द्वारा झेली जा रही घरेलू हिंसा की रिपोर्ट करना चाहती हूं। शारीरिक और मानसिक शोषण इस महीने की 3 तारीख से भी जारी है। छोटी-छोटी घरेलू बातों पर अक्सर मुझे पीटा जाता है और गाली-गलौज की जाती है। उन्होंने मुझे बिना किसी सहारे के घर से बाहर निकाल देने की धमकी भी दी है. मेरे बच्चों ने ये घटनाएं देखी हैं, जिसका उन पर बुरा असर पड़ा है.' मैंने इसे शांतिपूर्ण तरीके से सुलझाने की कोशिश की है, लेकिन दुर्व्यवहार बढ़ता ही जा रहा है। मैं इस दुरुपयोग के लिए जिम्मेदार लोगों के खिलाफ सुरक्षा और कानूनी कार्रवाई का अनुरोध करता हूं। यदि आवश्यक हुआ तो मैं मेडिकल रिकॉर्ड और गवाहों के बयान उपलब्ध कराने के लिए तैयार हूं।",घरेलू हिंसा,औंध अपना आवास अपना पति परिवार झेलना जाना रहना घरेलू हिंसा रिपोर्ट चाहना । शारीरिक मानसिक शोषण महीना तारीख जारी । छोटा छोटा घरेलू बात अक्सर पीटना जाना गाली गलौज जाना । बिना कोई सहारा घर बाहर निकालना देना धमकी देना बच्चा ने घटना देखना जो बुरा असर पड़ना शांतिपूर्ण तरीका सुलझाना कोशिश लेकिन दुर्व्यवहार बढना ही जाना रहना । दुरुपयोग जिम्मेदार लोग खिलाफ सुरक्षा कानूनी कार्रवाई अनुरोध । यदि आवश्यक होना मेडिकल रिकॉर्ड गवाह बयान उपलब्ध कराना तैयार ।
"मैं सदर बाजार बस स्टॉप के पास हुई एक छेड़छाड़ की घटना की रिपोर्ट कर रहा हूं। पिछले हफ्ते कुछ युवक मुझे छेड़ने लगे और भद्दे कमेंट करने लगे। उन्होंने मेरी अनुमति के बिना मेरी तस्वीरें खींचने की भी कोशिश की. मैंने उनका विरोध किया, लेकिन उन्होंने इसे हंसी में उड़ा दिया और अपना व्यवहार जारी रखा। यह पहली बार नहीं है जब इस स्थान पर ऐसी घटनाएं हुई हैं। इसी ग्रुप के बारे में कई अन्य लड़कियों ने अनौपचारिक रूप से शिकायत की है. मैं महिलाओं की सुरक्षा सुनिश्चित करने के लिए सख्त कार्रवाई और नियमित पुलिस उपस्थिति का अनुरोध करता हूं। यदि व्यक्तियों का पता लगाया जाता है तो मैं पहचान में सहायता करने को तैयार हूं।",ईव टीज़िंग,सदर बाजार बस स्टॉप पास होना छेडछाड घटना रिपोर्ट रहना । पिछला हफ्ता कुछ युवक छेडना लगना भद्दा कमेंट लगना । अनुमति बिना तस्वीर खींचना कोशिश विरोध लेकिन हँसी उड़ाना देना अपना व्यवहार जारी रखना । पहला बार नहीं जब स्थान ऐसा घटना होना । ग्रुप बारे कई अन्य लड़की ने अनौपचारिक रूप शिकायत महिला सुरक्षा सुनिश्चित सख्त कार्रवाई नियमित पुलिस उपस्थिति अनुरोध । यदि व्यक्ति पता लगाना जाना पहचान सहायता तैयार ।
"यह अंधेरी इलाके में मेरे नकदी और कार्ड वाले पर्स की चोरी की घटना की रिपोर्ट करने के लिए है। यह आज सुबह लगभग 8 बजे हुआ, जब मैं थोड़ी देर के लिए घटनास्थल से हट गया था। वापस लौटने पर मुझे पता चला कि मेरा सामान कोई अज्ञात व्यक्ति ले गया है। अनुमानित नुकसान लगभग रु. 20,000, जो मेरे लिए एक महत्वपूर्ण राशि है। आसपास कुछ लोग भी थे, लेकिन किसी को चोरी होने का पता नहीं चला। मैंने आस-पास की दुकानों और निवासियों से जांच की है, लेकिन अभी तक कोई सुराग नहीं मिला है। मेरा अनुरोध है कि जल्द से जल्द मामला दर्ज किया जाए और जांच की जाए।' मैं जांच प्रक्रिया में पूरा सहयोग करने को तैयार हूं।'",चोरी,अंधेरी इलाका नकदी कार्ड वाला पर्स चोरी घटना रिपोर्ट । आज सुबह लगभग बजे होना जब थोड़ा देर घटनास्थल हटना जाना । वापस लौटना पता चलना कि सामान कोई अज्ञात व्यक्ति लेना जाना । अनुमानित नुकसान लगभग रु जो महत्वपूर्ण राशि । आसपास कुछ लोग लेकिन कोई चोरी होना पता नहीं चलना । आस पास दुकान निवासी जांच लेकिन अभी कोई सुराग नहीं मिलना । अनुरोध कि जल्द जल्द मामला दर्ज जाना जांच जाना । जांच प्रक्रिया पूरा सहयोग तैयार ।
"मैं शिवाजी नगर में हुई मेरी बाहर खड़ी साइकिल की चोरी की रिपोर्ट दर्ज कराना चाहता हूँ। यह घटना पिछले सप्ताह मुख्य बाजार क्षेत्र के पास हुई थी। जब मुझे एहसास हुआ कि यह गायब है, तो मैंने तुरंत आसपास की जाँच की लेकिन कुछ नहीं मिला। मुझे संदेह है कि इसे किसी ऐसे व्यक्ति ने चुराया है जो कुछ समय से मेरा पीछा कर रहा था। चोरी गए सामान की अनुमानित कीमत करीब तीन लाख रुपये है। 12,000. मैंने स्थानीय दुकानदारों को पहले ही सूचित कर दिया है कि उन्हें कुछ भी असामान्य दिखे। मैं पुलिस से मामले की जांच करने और मेरा सामान बरामद करने में मदद करने का अनुरोध करता हूं। यदि उपलब्ध हो तो मैं कोई भी अतिरिक्त विवरण या सीसीटीवी फुटेज स्थान प्रदान करने के लिए तैयार हूं।",चोरी,शिवाजी नगर होना बाहर खड़ा साइकिल चोरी रिपोर्ट दर्ज कराना चाहना । घटना पिछला सप्ताह मुख्य बाजार क्षेत्र पास होना । जब एहसास होना कि गायब तुरंत आसपास जाँच लेकिन कुछ नहीं मिलना । संदेह कि कोई ऐसा व्यक्ति ने चुराना जो कुछ समय पीछा रहना । चोरी जाना सामान अनुमानित कीमत करीब तीन लाख रुपया । स्थानीय दुकानदार पहले ही सूचित देना कि कुछ असामान्य दिखना । पुलिस मामला जांच सामान बरामद मदद अनुरोध । यदि उपलब्ध होना कोई अतिरिक्त विवरण सीसीटीवी फुटेज स्थान प्रदान तैयार ।
"मैं वकाड में टूटी हुई स्ट्रीट लाइट और क्षतिग्रस्त फुटपाथ की रिपोर्ट करना चाहता हूं जिससे सुरक्षा संबंधी समस्याएं पैदा हो रही हैं। बिना किसी मरम्मत कार्य के यह समस्या पिछले शुक्रवार से बनी हुई है। इस इलाके में बुजुर्गों और बच्चों को सुरक्षित चलने में काफी दिक्कत होती है। बारिश के दौरान इलाके में पानी भर जाता है, जिससे गिरने का खतरा बढ़ जाता है। यहां लोगों के फिसलने और घायल होने की कुछ घटनाएं हो चुकी हैं। मैं अन्य निवासियों के साथ इस सार्वजनिक बुनियादी ढांचे की तत्काल मरम्मत का अनुरोध करता हूं। इससे रोजाना गुजरने वाले राहगीरों और वाहनों को लगातार खतरा बना हुआ है। मैं इस मामले को सुलझाने के लिए नगर निगम अधिकारियों से त्वरित कार्रवाई का अनुरोध करता हूं।",सार्वजनिक सुरक्षा,वकाड टूटी होना स्ट्रीट लाइट क्षतिग्रस्त फुटपाथ रिपोर्ट चाहना जो सुरक्षा संबंधी समस्या पैदा होना रहना । बिना कोई मरम्मत कार्य समस्या पिछला शुक्रवार बनना होना । इलाका बुजुर्ग बच्चा सुरक्षित चलना काफी दिक्कत होना । बारिश दौरान इलाका पानी भरना जाना जो गिरना खतरा बढ़ना जाना । यहाँ लोग फिसलना घायल होना कुछ घटना होना चुकना । अन्य निवासी साथ सार्वजनिक बुनियादी ढांचा तत्काल मरम्मत अनुरोध । रोजाना गुजरना वाला राहगीर वाहन लगातार खतरा बनना होना । मामला सुलझाना नगर निगम अधिकारी त्वरित कार्रवाई अनुरोध ।
"मैं रिपोर्ट करना चाहता हूं कि मुझे नागपुर शहर में मेरे पड़ोसी से गंभीर धमकियां मिली हैं। पिछले शुक्रवार से यह व्यक्ति मुझे और मेरे परिवार को नुकसान पहुंचाने की धमकी दे रहा है। अगर मैंने उनकी मांगें नहीं मानी तो उन्होंने मुझे गंभीर परिणाम भुगतने की चेतावनी दी है। धमकियाँ व्यक्तिगत रूप से और फोन कॉल दोनों पर दी गई हैं। मैं इन धमकियों के कारण अपने परिवार की सुरक्षा को लेकर बेहद चिंतित हूं।' मैंने उनकी किसी भी मांग का जवाब नहीं दिया, जिससे उनका गुस्सा और बढ़ गया है.' मैं पुलिस सुरक्षा और मुझे धमकी देने वाले व्यक्ति के खिलाफ तत्काल कार्रवाई का अनुरोध करता हूं। मैं इस शिकायत के समर्थन में कॉल रिकॉर्डिंग और गवाह विवरण प्रदान कर सकता हूं।",धमकी,रिपोर्ट चाहना कि नागपुर शहर पड़ोसी गंभीर धमकी मिलना । पिछला शुक्रवार व्यक्ति परिवार नुकसान पहुंचाना धमकी देना रहना । अगर मांगें नहीं मानना गंभीर परिणाम भुगतना चेतावनी देना । धमकी व्यक्तिगत रूप फोन कॉल दो देना जाना । धमकी कारण अपना परिवार सुरक्षा लेना बेहद चिंतित । कोई मांग जवाब नहीं देना जो गुस्सा बढ़ना जाना पुलिस सुरक्षा धमकी देना वाला व्यक्ति खिलाफ तत्काल कार्रवाई अनुरोध । शिकायत समर्थन कॉल रिकॉर्डिंग गवाह विवरण प्रदान सकना ।
"मैं रिपोर्ट करना चाहती हूं कि मुझे नासिक रोड में मेरे पति से गंभीर धमकियां मिली हैं। 18 तारीख से यह व्यक्ति मुझे और मेरे परिवार को नुकसान पहुंचाने की धमकी दे रहा है। अगर मैंने उनकी मांगें नहीं मानी तो उन्होंने मुझे गंभीर परिणाम भुगतने की चेतावनी दी है। धमकियाँ व्यक्तिगत रूप से और फोन कॉल दोनों पर दी गई हैं। मैं इन धमकियों के कारण अपने परिवार की सुरक्षा को लेकर बेहद चिंतित हूं।' मैंने उनकी किसी भी मांग का जवाब नहीं दिया, जिससे उनका गुस्सा और बढ़ गया है.' मैं पुलिस सुरक्षा और मुझे धमकी देने वाले व्यक्ति के खिलाफ तत्काल कार्रवाई का अनुरोध करता हूं। मैं इस शिकायत के समर्थन में कॉल रिकॉर्डिंग और गवाह विवरण प्रदान कर सकता हूं।",धमकी,रिपोर्ट चाहना कि नासिक रोड पति गंभीर धमकी मिलना । तारीख व्यक्ति परिवार नुकसान पहुंचाना धमकी देना रहना । अगर मांगें नहीं मानना गंभीर परिणाम भुगतना चेतावनी देना । धमकी व्यक्तिगत रूप फोन कॉल दो देना जाना । धमकी कारण अपना परिवार सुरक्षा लेना बेहद चिंतित । कोई मांग जवाब नहीं देना जो गुस्सा बढ़ना जाना पुलिस सुरक्षा धमकी देना वाला व्यक्ति खिलाफ तत्काल कार्रवाई अनुरोध । शिकायत समर्थन कॉल रिकॉर्डिंग गवाह विवरण प्रदान सकना ।
"इंस्टाग्राम पर कोई मुझे बार-बार अनुचित संदेश और टिप्पणियां भेज रहा है। यह उत्पीड़न पिछले शुक्रवार को शुरू हुआ और हाल ही में इसकी आवृत्ति में वृद्धि हुई है। उस व्यक्ति ने मेरे सार्वजनिक पोस्ट पर भी अश्लील टिप्पणी की है.' मैंने उन्हें समझाने की कोशिश की, लेकिन उन्होंने और भी अश्लील संदेश जारी रखे। उन्होंने मेरे दोस्तों और परिवार को भी शर्मनाक और झूठे पोस्ट में टैग किया। मैं बेहद परेशान हूं और अब शांति से सोशल मीडिया का इस्तेमाल नहीं कर पा रहा हूं।' मेरा अनुरोध है कि खाते का पता लगाया जाए और उचित कार्रवाई की जाए। मैं अपनी शिकायत के समर्थन में आवश्यक स्क्रीनशॉट संलग्न कर रहा हूं।",साइबर उत्पीड़न,इंस्टाग्राम कोई बार बार अनुचित संदेश टिप्पणी भेजना रहना । उत्पीडन पिछला शुक्रवार शुरू होना हाल ही आवृत्ति वृद्धि होना । व्यक्ति ने सार्वजनिक पोस्ट अश्लील टिप्पणी समझाना कोशिश लेकिन अश्लील संदेश जारी रखना । दोस्त परिवार शर्मनाक झूठा पोस्ट टैग । बेहद परेशान अब शान्ति सोशल मीडिया इस्तेमाल नहीं पाना रहना । अनुरोध कि खाता पता लगाना जाना उचित कार्रवाई जाना । अपना शिकायत समर्थन आवश्यक स्क्रीनशॉट संलग्न रहना ।
"मुझे मेरे कार्यस्थल पर एक वरिष्ठ द्वारा ब्लैकमेल किया जा रहा है जो मेरे बारे में व्यक्तिगत जानकारी उजागर करने की धमकी दे रहा है। पिछले महीने की 10 तारीख को फेसबुक पर संदेशों के जरिए ब्लैकमेल की कोशिशें शुरू हुईं। वे रुपये मांग रहे हैं. 35,000 न देने पर वे मुझे सार्वजनिक रूप से बदनाम करने की धमकी देते हैं। मैंने अब तक उनकी कोई भी मांग नहीं मानी है।' लगातार मिल रही इन धमकियों से मानसिक दबाव असहनीय होता जा रहा है। मैंने इस मामले से जुड़े सभी मैसेज और कॉल का रिकॉर्ड रखा है.' मैं इस ब्लैकमेल को रोकने और मेरी गोपनीयता की रक्षा के लिए तत्काल कार्रवाई का अनुरोध करता हूं। कृपया सलाह दें कि मैं इस व्यक्ति के खिलाफ क्या कानूनी कदम उठा सकता हूं।",ब्लैकमेल,कार्यस्थल वरिष्ठ ब्लैकमेल जाना रहना जो बारे व्यक्तिगत जानकारी उजागर धमकी देना रहना । पिछला महीना तारीख फेसबुक संदेश जरिये ब्लैकमेल कोशिश शुरू होना । रुपया मांगना रहना न देना सार्वजनिक रूप बदनाम धमकी देना । अब कोई मांग नहीं मानना । लगातार मिलना रहना धमकी मानसिक दबाव असहनीय होना जाना रहना । मामला जुडना सभी मैसेज कॉल रिकॉर्ड रखना ब्लैकमेल रोकना गोपनीयता रक्षा तत्काल कार्रवाई अनुरोध । कृपया सलाह देना कि व्यक्ति खिलाफ क्या कानूनी कदम उठाना सकना ।
"मैं विले पार्ले में रहने वाले अपने पूर्व पति द्वारा मुझे दी गई धमकियों के संबंध में शिकायत दर्ज करा रही हूं। धमकियां कुछ दिन पहले हमारे बीच मामूली विवाद के बाद शुरू हुईं। उन्होंने मुझे बोलने पर हमला करने और मेरी संपत्ति को नुकसान पहुंचाने की धमकी दी है। इससे मेरे और मेरे परिवार के सदस्यों में काफी डर और चिंता पैदा हो गई है। मैंने किसी भी टकराव से परहेज किया है, लेकिन धमकियां इसकी परवाह किए बिना जारी हैं। इलाके के पड़ोसियों को भी तनाव की जानकारी है और वे इसकी पुष्टि कर सकते हैं. मेरा अनुरोध है कि मेरी सुरक्षा सुनिश्चित करने के लिए उचित कानूनी कार्रवाई की जाए। धमकियों की गंभीर प्रकृति को देखते हुए कृपया इस मामले पर तत्परता से विचार करें।",धमकी,विले पार्ले रहना वाला अपना पूर्व पति देना जाना धमकी संबंध शिकायत दर्ज रहना । धमकी कुछ दिन पहले बीच मामूली विवाद बाद शुरू होना । बोलना हमला संपत्ति नुकसान पहुंचाना धमकी देना । परिवार सदस्य काफी डर चिंता पैदा होना जाना । कोई टकराव परहेज लेकिन धमकी परवाह बिना जारी । इलाका पड़ोसी तनाव जानकारी पुष्टि सकना अनुरोध कि सुरक्षा सुनिश्चित उचित कानूनी कार्रवाई जाना धमकी गंभीर प्रकृति देखना होना कृपया मामला तत्परता विचार ।
"मैं खरादी में हुई अपने लैपटॉप बैग की चोरी की रिपोर्ट करना चाहता हूं। यह घटना तब हुई जब मैं काम से लौट रहा था, मुख्य बाजार क्षेत्र के पास। जब मुझे एहसास हुआ कि यह गायब है, तो मैंने तुरंत आसपास की जाँच की लेकिन कुछ नहीं मिला। मुझे संदेह है कि इसे किसी ऐसे व्यक्ति ने चुराया है जो कुछ समय से मेरा पीछा कर रहा था। चोरी गए सामान की अनुमानित कीमत करीब तीन लाख रुपये है। 35,000. मैंने स्थानीय दुकानदारों को पहले ही सूचित कर दिया है कि उन्हें कुछ भी असामान्य दिखे। मैं पुलिस से मामले की जांच करने और मेरा सामान बरामद करने में मदद करने का अनुरोध करता हूं। यदि उपलब्ध हो तो मैं कोई भी अतिरिक्त विवरण या सीसीटीवी फुटेज स्थान प्रदान करने के लिए तैयार हूं।",चोरी,खरादी होना अपना लैपटॉप बैग चोरी रिपोर्ट चाहना । घटना तब होना जब काम लौटना रहना मुख्य बाजार क्षेत्र पास। जब एहसास होना कि गायब तुरंत आसपास जाँच लेकिन कुछ नहीं मिलना । संदेह कि कोई ऐसा व्यक्ति ने चुराना जो कुछ समय पीछा रहना । चोरी जाना सामान अनुमानित कीमत करीब तीन लाख रुपया । स्थानीय दुकानदार पहले ही सूचित देना कि कुछ असामान्य दिखना । पुलिस मामला जांच सामान बरामद मदद अनुरोध । यदि उपलब्ध होना कोई अतिरिक्त विवरण सीसीटीवी फुटेज स्थान प्रदान तैयार ।
"मैं खराड़ी में अपने पड़ोसी से लगातार हो रहे उत्पीड़न की रिपोर्ट करना चाहती हूं। यह पिछले शुक्रवार को शुरू हुआ और तब से रुका नहीं है। मेरा पड़ोसी दूसरों के सामने मेरे बारे में अपमानजनक टिप्पणियाँ करता रहता है। शाम की सैर के दौरान मेरे घर के पास इस शख्स ने फिर मेरे साथ बदसलूकी की. मैंने उनसे विनम्रतापूर्वक रुकने के लिए कहा, लेकिन वे मुझे परेशान करते रहे। इससे मेरी मानसिक शांति प्रभावित हो रही है और मुझे अकेले बाहर निकलने में डर लगता है।' मैं पुलिस से जिम्मेदार व्यक्ति के खिलाफ सख्त कार्रवाई करने का अनुरोध करता हूं।' मैं जांच के लिए आवश्यक कोई भी अतिरिक्त विवरण प्रदान करने के लिए तैयार हूं।",उत्पीड़न,खराड़ी अपना पड़ोसी लगातार होना रहना उत्पीडन रिपोर्ट चाहना । पिछला शुक्रवार शुरू होना तब रुकना नहीं । पड़ोसी दूसरा सामने बारे अपमानजनक टिप्पणी रहना । शाम सैर दौरान घर पास शख्स ने फिर साथ बदसलूकी विनम्रतापूर्वक रुकना कहना लेकिन परेशान रहना । मानसिक शान्ति प्रभावित होना रहना अकेला बाहर निकलना डर लगना । पुलिस जिम्मेदार व्यक्ति खिलाफ सख्त कार्रवाई अनुरोध । जांच आवश्यक कोई अतिरिक्त विवरण प्रदान तैयार ।
मैं ठाणे में अपने पति द्वारा पीछा किए जाने के संबंध में शिकायत दर्ज कराना चाहती हूं। 15 जुलाई से यह शख्स लगभग हर दिन मेरा पीछा कर रहा है. सोमवार दोपहर को मैंने देखा कि वही व्यक्ति फिर से मेरे घर के बाहर इंतज़ार कर रहा है। वे भी मेरे पीछे-पीछे मेरे कार्यस्थल तक आते हैं और गेट के पास इंतजार करते हैं। मैंने देखा है कि एक ही वाहन कई बार मेरे ऑटो-रिक्शा का पीछा कर रहा है। इस निरंतर अनुसरण ने मुझे अपनी सुरक्षा के लिए अत्यधिक चिंतित और भयभीत कर दिया है। मैं पुलिस से जांच करने और इस व्यक्ति को मेरा पीछा करने से रोकने का अनुरोध करता हूं। मैं उस व्यक्ति की पहचान करने और जरूरत पड़ने पर और विवरण प्रदान करने को तैयार हूं।,स्टॉकिंग,ठाणे अपना पति पीछा जाना संबंध शिकायत दर्ज कराना चाहना । जुलाई शख्स लगभग हर दिन पीछा रहना सोमवार दोपहर देखना कि व्यक्ति फिर घर बाहर इंतजार रहना । पीछे पीछे कार्यस्थल आना गेट पास इंतजार । देखना कि ही वाहन कई बार ऑटो रिक्शा पीछा रहना । निरन्तर अनुसरण ने अपना सुरक्षा अत्यधिक चिंतित भयभीत देना । पुलिस जांच व्यक्ति पीछा रोकना अनुरोध । व्यक्ति पहचान जरूरत पड़ना विवरण प्रदान तैयार ।
"मैं विले पार्ले में अपने आवास पर अपने पति और उनके परिवार द्वारा झेली जा रही घरेलू हिंसा की रिपोर्ट करना चाहती हूं। शारीरिक और मानसिक शोषण पिछले महीने की 10 तारीख से जारी है। छोटी-छोटी घरेलू बातों पर अक्सर मुझे पीटा जाता है और गाली-गलौज की जाती है। उन्होंने मुझे बिना किसी सहारे के घर से बाहर निकाल देने की धमकी भी दी है. मेरे बच्चों ने ये घटनाएं देखी हैं, जिसका उन पर बुरा असर पड़ा है.' मैंने इसे शांतिपूर्ण तरीके से सुलझाने की कोशिश की है, लेकिन दुर्व्यवहार बढ़ता ही जा रहा है। मैं इस दुरुपयोग के लिए जिम्मेदार लोगों के खिलाफ सुरक्षा और कानूनी कार्रवाई का अनुरोध करता हूं। यदि आवश्यक हुआ तो मैं मेडिकल रिकॉर्ड और गवाहों के बयान उपलब्ध कराने के लिए तैयार हूं।",घरेलू हिंसा,विले पार्ले अपना आवास अपना पति परिवार झेलना जाना रहना घरेलू हिंसा रिपोर्ट चाहना । शारीरिक मानसिक शोषण पिछला महीना तारीख जारी । छोटा छोटा घरेलू बात अक्सर पीटना जाना गाली गलौज जाना । बिना कोई सहारा घर बाहर निकालना देना धमकी देना बच्चा ने घटना देखना जो बुरा असर पड़ना शांतिपूर्ण तरीका सुलझाना कोशिश लेकिन दुर्व्यवहार बढना ही जाना रहना । दुरुपयोग जिम्मेदार लोग खिलाफ सुरक्षा कानूनी कार्रवाई अनुरोध । यदि आवश्यक होना मेडिकल रिकॉर्ड गवाह बयान उपलब्ध कराना तैयार ।
"मैं हडपसर में टूटी हुई स्ट्रीट लाइट और क्षतिग्रस्त फुटपाथ की रिपोर्ट करना चाहता हूं जिससे सुरक्षा संबंधी समस्याएं पैदा हो रही हैं। यह समस्या 18 तारीख तक बिना किसी मरम्मत कार्य के बनी रही। इस इलाके में बुजुर्गों और बच्चों को सुरक्षित चलने में काफी दिक्कत होती है। बारिश के दौरान इलाके में पानी भर जाता है, जिससे गिरने का खतरा बढ़ जाता है। यहां लोगों के फिसलने और घायल होने की कुछ घटनाएं हो चुकी हैं। मैं अन्य निवासियों के साथ इस सार्वजनिक बुनियादी ढांचे की तत्काल मरम्मत का अनुरोध करता हूं। इससे रोजाना गुजरने वाले राहगीरों और वाहनों को लगातार खतरा बना हुआ है। मैं इस मामले को सुलझाने के लिए नगर निगम अधिकारियों से त्वरित कार्रवाई का अनुरोध करता हूं।",सार्वजनिक सुरक्षा,हडपसर टूटी होना स्ट्रीट लाइट क्षतिग्रस्त फुटपाथ रिपोर्ट चाहना जो सुरक्षा संबंधी समस्या पैदा होना रहना । समस्या तारीख बिना कोई मरम्मत कार्य बनना रहना इलाका बुजुर्ग बच्चा सुरक्षित चलना काफी दिक्कत होना । बारिश दौरान इलाका पानी भरना जाना जो गिरना खतरा बढ़ना जाना । यहाँ लोग फिसलना घायल होना कुछ घटना होना चुकना । अन्य निवासी साथ सार्वजनिक बुनियादी ढांचा तत्काल मरम्मत अनुरोध । रोजाना गुजरना वाला राहगीर वाहन लगातार खतरा बनना होना । मामला सुलझाना नगर निगम अधिकारी त्वरित कार्रवाई अनुरोध ।
मैं वाकाड में अपने पड़ोसी द्वारा पीछा किए जाने के संबंध में शिकायत दर्ज करना चाहती हूं। 15 जुलाई से यह शख्स लगभग हर दिन मेरा पीछा कर रहा है. दो दिन पहले मैंने देखा कि वही व्यक्ति मेरे घर के बाहर फिर इंतज़ार कर रहा है। वे भी मेरे पीछे-पीछे मेरे कार्यस्थल तक आते हैं और गेट के पास इंतजार करते हैं। मैंने देखा है कि एक ही वाहन कई बार मेरे ऑटो-रिक्शा का पीछा कर रहा है। इस निरंतर अनुसरण ने मुझे अपनी सुरक्षा के लिए अत्यधिक चिंतित और भयभीत कर दिया है। मैं पुलिस से जांच करने और इस व्यक्ति को मेरा पीछा करने से रोकने का अनुरोध करता हूं। मैं उस व्यक्ति की पहचान करने और जरूरत पड़ने पर और विवरण प्रदान करने को तैयार हूं।,स्टॉकिंग,वाकाड अपना पड़ोसी पीछा जाना संबंध शिकायत दर्ज चाहना । जुलाई शख्स लगभग हर दिन पीछा रहना दो दिन पहले देखना कि व्यक्ति घर बाहर फिर इंतजार रहना । पीछे पीछे कार्यस्थल आना गेट पास इंतजार । देखना कि ही वाहन कई बार ऑटो रिक्शा पीछा रहना । निरन्तर अनुसरण ने अपना सुरक्षा अत्यधिक चिंतित भयभीत देना । पुलिस जांच व्यक्ति पीछा रोकना अनुरोध । व्यक्ति पहचान जरूरत पड़ना विवरण प्रदान तैयार ।
"यह पिंपरी इलाके में मेरी पत्नी के हैंडबैग से जुड़ी चोरी की घटना की रिपोर्ट करने के लिए है। यह आज सुबह-सुबह हुआ, जब मैं थोड़ी देर के लिए घटनास्थल से हट गया था। वापस लौटने पर मुझे पता चला कि मेरा सामान कोई अज्ञात व्यक्ति ले गया है। अनुमानित नुकसान लगभग रु. 35,000, जो मेरे लिए एक महत्वपूर्ण राशि है। आसपास कुछ लोग भी थे, लेकिन किसी को चोरी होने का पता नहीं चला। मैंने आस-पास की दुकानों और निवासियों से जांच की है, लेकिन अभी तक कोई सुराग नहीं मिला है। मेरा अनुरोध है कि जल्द से जल्द मामला दर्ज किया जाए और जांच की जाए।' मैं जांच प्रक्रिया में पूरा सहयोग करने को तैयार हूं।'",चोरी,पिंपरी इलाका पत्नी हैंडबैग जुड़ना चोरी घटना रिपोर्ट । आज सुबह सुबह होना जब थोड़ा देर घटनास्थल हटना जाना । वापस लौटना पता चलना कि सामान कोई अज्ञात व्यक्ति लेना जाना । अनुमानित नुकसान लगभग रु जो महत्वपूर्ण राशि । आसपास कुछ लोग लेकिन कोई चोरी होना पता नहीं चलना । आस पास दुकान निवासी जांच लेकिन अभी कोई सुराग नहीं मिलना । अनुरोध कि जल्द जल्द मामला दर्ज जाना जांच जाना । जांच प्रक्रिया पूरा सहयोग तैयार ।
"मैं अंधेरी में देखी गई एक संदिग्ध गतिविधि की रिपोर्ट करना चाहता हूं। पिछले दो सप्ताह से, अज्ञात व्यक्ति अजीब समय पर परित्यक्त इमारत के पास इकट्ठा हो रहे हैं। निवासियों को संदेह है कि रात में वहां कुछ अवैध गतिविधि हो सकती है। उस स्थान से तेज़ आवाज़ें और कभी-कभार बहसें सुनाई देती रही हैं। इससे आसपास रहने वाले परिवारों में सुरक्षा संबंधी चिंताएं बढ़ गई हैं। स्थानीय वार्ड कार्यालय को सूचित करने के बावजूद कोई आधिकारिक कार्रवाई नहीं की गई है। मैं अधिकारियों से इस मामले की जांच करने और निवासियों की सुरक्षा सुनिश्चित करने का अनुरोध करता हूं। यदि आवश्यक हुआ तो मैं अधिक विवरण प्रदान करने या अधिकारियों के साथ जाने को तैयार हूं।",अन्य,अंधेरी देखना जाना संदिग्ध गतिविधि रिपोर्ट चाहना । पिछला दो सप्ताह अज्ञात व्यक्ति अजीब समय परित्यक्त इमारत पास इकट्ठा होना रहना । निवासी संदेह कि रात वहाँ कुछ अवैध गतिविधि होना सकना । स्थान तेज आवाज कभी कभार बहस सुनाना देना रहना । आसपास रहना वाला परिवार सुरक्षा संबंधी चिंता बढ़ना जाना । स्थानीय वार्ड कार्यालय सूचित बावजूद कोई आधिकारिक कार्रवाई नहीं जाना । अधिकारी मामला जांच निवासी सुरक्षा सुनिश्चित अनुरोध । यदि आवश्यक होना अधिक विवरण प्रदान अधिकारी साथ जाना तैयार ।
"टेलीग्राम पर कोई मुझे बार-बार अनुचित संदेश और टिप्पणियाँ भेज रहा है। यह उत्पीड़न पिछले दो सप्ताह से शुरू हुआ और हाल ही में इसकी आवृत्ति में वृद्धि हुई है। उस व्यक्ति ने मेरे सार्वजनिक पोस्ट पर भी अश्लील टिप्पणी की है.' मैंने उन्हें समझाने की कोशिश की, लेकिन उन्होंने और भी अश्लील संदेश जारी रखे। उन्होंने मेरे दोस्तों और परिवार को भी शर्मनाक और झूठे पोस्ट में टैग किया। मैं बेहद परेशान हूं और अब शांति से सोशल मीडिया का इस्तेमाल नहीं कर पा रहा हूं।' मेरा अनुरोध है कि खाते का पता लगाया जाए और उचित कार्रवाई की जाए। मैं अपनी शिकायत के समर्थन में आवश्यक स्क्रीनशॉट संलग्न कर रहा हूं।",साइबर उत्पीड़न,टेलीग्राम कोई बार बार अनुचित संदेश टिप्पणी भेजना रहना । उत्पीडन पिछला दो सप्ताह शुरू होना हाल ही आवृत्ति वृद्धि होना । व्यक्ति ने सार्वजनिक पोस्ट अश्लील टिप्पणी समझाना कोशिश लेकिन अश्लील संदेश जारी रखना । दोस्त परिवार शर्मनाक झूठा पोस्ट टैग । बेहद परेशान अब शान्ति सोशल मीडिया इस्तेमाल नहीं पाना रहना । अनुरोध कि खाता पता लगाना जाना उचित कार्रवाई जाना । अपना शिकायत समर्थन आवश्यक स्क्रीनशॉट संलग्न रहना ।
मैं घर में लगातार घरेलू दुर्व्यवहार के लिए अपने ससुराल वालों के खिलाफ यह शिकायत दर्ज करा रही हूं। पिछले महीने की 10 तारीख से मुझे शारीरिक उत्पीड़न और उत्पीड़न का शिकार होना पड़ रहा है। मुझे बुनियादी ज़रूरतों से भी वंचित कर दिया जाता है और बिना कारण घर तक सीमित कर दिया जाता है। जब भी मैं बोलने की कोशिश करता हूं तो बार-बार हिंसा की धमकियां मिलती रहती हैं। मेरे रिश्तेदार स्थिति से अवगत हैं और दुर्व्यवहार की गवाही दे सकते हैं। मुझे अपनी सुरक्षा और मेरे साथ रहने वाले मेरे बच्चों की सुरक्षा का डर है। मैं कानून के तहत तत्काल सुरक्षा और उचित कानूनी कार्रवाई का अनुरोध करता हूं। कृपया मेरी स्थिति के लिए उपलब्ध आश्रय और कानूनी सहायता के संबंध में मेरा मार्गदर्शन करें।,घरेलू हिंसा,घर लगातार घरेलू दुर्व्यवहार अपना ससुराल वाला खिलाफ शिकायत दर्ज रहना । पिछला महीना तारीख शारीरिक उत्पीडन उत्पीडन शिकार होना पड़ना रहना । बुनियादी ज़रूरत वंचित देना जाना बिना कारण घर सीमित देना जाना । जब बोलना कोशिश बार बार हिंसा धमकी मिलना रहना । रिश्तेदार स्थिति अवगत दुर्व्यवहार गवाही देना सकना । अपना सुरक्षा साथ रहना वाला बच्चा सुरक्षा डर । कानून तहत तत्काल सुरक्षा उचित कानूनी कार्रवाई अनुरोध । कृपया स्थिति उपलब्ध आश्रय कानूनी सहायता संबंध मार्गदर्शन ।
"मैं अंधेरी में अपने जीजा द्वारा पीछा किए जाने के संबंध में शिकायत दर्ज कराना चाहती हूं। कुछ दिन पहले से यह व्यक्ति लगभग हर दिन मेरा पीछा कर रहा है। आधी रात के आसपास, मैंने देखा कि वही व्यक्ति फिर से मेरे घर के बाहर इंतज़ार कर रहा था। वे भी मेरे पीछे-पीछे मेरे कार्यस्थल तक आते हैं और गेट के पास इंतजार करते हैं। मैंने देखा है कि एक ही वाहन कई बार मेरे ऑटो-रिक्शा का पीछा कर रहा है। इस निरंतर अनुसरण ने मुझे अपनी सुरक्षा के लिए अत्यधिक चिंतित और भयभीत कर दिया है। मैं पुलिस से जांच करने और इस व्यक्ति को मेरा पीछा करने से रोकने का अनुरोध करता हूं। मैं उस व्यक्ति की पहचान करने और जरूरत पड़ने पर और विवरण प्रदान करने को तैयार हूं।",स्टॉकिंग,अंधेरी अपना जीजा पीछा जाना संबंध शिकायत दर्ज कराना चाहना । कुछ दिन पहले व्यक्ति लगभग हर दिन पीछा रहना । आधा रात आसपास देखना कि व्यक्ति फिर घर बाहर इंतजार रहना । पीछे पीछे कार्यस्थल आना गेट पास इंतजार । देखना कि ही वाहन कई बार ऑटो रिक्शा पीछा रहना । निरन्तर अनुसरण ने अपना सुरक्षा अत्यधिक चिंतित भयभीत देना । पुलिस जांच व्यक्ति पीछा रोकना अनुरोध । व्यक्ति पहचान जरूरत पड़ना विवरण प्रदान तैयार ।
"मैं खराड़ी स्थित अपने आवास पर अपने ससुर द्वारा झेली जा रही घरेलू हिंसा की रिपोर्ट करना चाहती हूं। 15 जुलाई से लगातार शारीरिक और मानसिक शोषण जारी है। छोटी-छोटी घरेलू बातों पर अक्सर मुझे पीटा जाता है और गाली-गलौज की जाती है। उन्होंने मुझे बिना किसी सहारे के घर से बाहर निकाल देने की धमकी भी दी है. मेरे बच्चों ने ये घटनाएं देखी हैं, जिसका उन पर बुरा असर पड़ा है.' मैंने इसे शांतिपूर्ण तरीके से सुलझाने की कोशिश की है, लेकिन दुर्व्यवहार बढ़ता ही जा रहा है। मैं इस दुरुपयोग के लिए जिम्मेदार लोगों के खिलाफ सुरक्षा और कानूनी कार्रवाई का अनुरोध करता हूं। यदि आवश्यक हुआ तो मैं मेडिकल रिकॉर्ड और गवाहों के बयान उपलब्ध कराने के लिए तैयार हूं।",घरेलू हिंसा,खराड़ी स्थित अपना आवास अपना ससुर झेलना जाना रहना घरेलू हिंसा रिपोर्ट चाहना । जुलाई लगातार शारीरिक मानसिक शोषण जारी । छोटा छोटा घरेलू बात अक्सर पीटना जाना गाली गलौज जाना । बिना कोई सहारा घर बाहर निकालना देना धमकी देना बच्चा ने घटना देखना जो बुरा असर पड़ना शांतिपूर्ण तरीका सुलझाना कोशिश लेकिन दुर्व्यवहार बढना ही जाना रहना । दुरुपयोग जिम्मेदार लोग खिलाफ सुरक्षा कानूनी कार्रवाई अनुरोध । यदि आवश्यक होना मेडिकल रिकॉर्ड गवाह बयान उपलब्ध कराना तैयार ।
"मैं नागपुर सिटी बस स्टॉप के पास हुई एक छेड़छाड़ की घटना की रिपोर्ट कर रहा हूं। शाम की सैर के दौरान एक अनजान आदमी ने मुझे छेड़ना शुरू कर दिया और भद्दे कमेंट करने लगा। उन्होंने मेरी अनुमति के बिना मेरी तस्वीरें खींचने की भी कोशिश की. मैंने उनका विरोध किया, लेकिन उन्होंने इसे हंसी में उड़ा दिया और अपना व्यवहार जारी रखा। यह पहली बार नहीं है जब इस स्थान पर ऐसी घटनाएं हुई हैं। इसी ग्रुप के बारे में कई अन्य लड़कियों ने अनौपचारिक रूप से शिकायत की है. मैं महिलाओं की सुरक्षा सुनिश्चित करने के लिए सख्त कार्रवाई और नियमित पुलिस उपस्थिति का अनुरोध करता हूं। यदि व्यक्तियों का पता लगाया जाता है तो मैं पहचान में सहायता करने को तैयार हूं।",ईव टीज़िंग,नागपुर सिटी बस स्टॉप पास होना छेडछाड घटना रिपोर्ट रहना । शाम सैर दौरान अनजान आदमी ने छेड़ना शुरू देना भद्दा कमेंट लगाना । अनुमति बिना तस्वीर खींचना कोशिश विरोध लेकिन हँसी उड़ाना देना अपना व्यवहार जारी रखना । पहला बार नहीं जब स्थान ऐसा घटना होना । ग्रुप बारे कई अन्य लड़की ने अनौपचारिक रूप शिकायत महिला सुरक्षा सुनिश्चित सख्त कार्रवाई नियमित पुलिस उपस्थिति अनुरोध । यदि व्यक्ति पता लगाना जाना पहचान सहायता तैयार ।
"मुझे एक अजनबी द्वारा ब्लैकमेल किया जा रहा है जो मेरे बारे में निजी जानकारी उजागर करने की धमकी दे रहा है। ब्लैकमेल की कोशिशें 22 जून को इंस्टाग्राम पर संदेशों के जरिए शुरू हुईं। वे रुपये मांग रहे हैं. 75,000 न देने पर वे मुझे सार्वजनिक रूप से बदनाम करने की धमकी देते हैं। मैंने अब तक उनकी कोई भी मांग नहीं मानी है।' लगातार मिल रही इन धमकियों से मानसिक दबाव असहनीय होता जा रहा है। मैंने इस मामले से जुड़े सभी मैसेज और कॉल का रिकॉर्ड रखा है.' मैं इस ब्लैकमेल को रोकने और मेरी गोपनीयता की रक्षा के लिए तत्काल कार्रवाई का अनुरोध करता हूं। कृपया सलाह दें कि मैं इस व्यक्ति के खिलाफ क्या कानूनी कदम उठा सकता हूं।",ब्लैकमेल,अजनबी ब्लैकमेल जाना रहना जो बारे निजी जानकारी उजागर धमकी देना रहना । ब्लैकमेल कोशिश जून इंस्टाग्राम संदेश जरिये शुरू होना । रुपया मांगना रहना न देना सार्वजनिक रूप बदनाम धमकी देना । अब कोई मांग नहीं मानना । लगातार मिलना रहना धमकी मानसिक दबाव असहनीय होना जाना रहना । मामला जुडना सभी मैसेज कॉल रिकॉर्ड रखना ब्लैकमेल रोकना गोपनीयता रक्षा तत्काल कार्रवाई अनुरोध । कृपया सलाह देना कि व्यक्ति खिलाफ क्या कानूनी कदम उठाना सकना ।
मैं नासिक रोड पर हुई छेड़छाड़ की एक घटना की रिपोर्ट करना चाहता हूं। सोमवार दोपहर जब मैं टहल रही थी तो एक अज्ञात व्यक्ति ने मुझ पर अश्लील कमेंट किए। उन्होंने सीटियां भी बजाईं और मेरे और मेरे दोस्त की ओर अनुचित इशारे भी किए। जब मैंने उन्हें नज़रअंदाज कर दूर जाने की कोशिश की तो उन्होंने कुछ दूर तक पीछा किया। इस तरह के व्यवहार से मुझे अकेले यात्रा करते समय असुरक्षित महसूस होने लगा है। क्षेत्र की अन्य महिलाओं को भी उसी स्थान पर इसी तरह के उत्पीड़न का सामना करना पड़ा है। मैं ऐसी घटनाओं को रोकने के लिए इस क्षेत्र में पुलिस गश्त बढ़ाने का अनुरोध करता हूं। यदि लाइन-अप या सीसीटीवी समीक्षा की व्यवस्था की जाती है तो मैं व्यक्तियों की पहचान करने के लिए तैयार हूं।,ईव टीज़िंग,नासिक रोड होना छेडछाड घटना रिपोर्ट चाहना । सोमवार दोपहर जब टहलना रहना अज्ञात व्यक्ति ने अश्लील कमेंट । सीटी बजाना दोस्त ओर अनुचित इशारा । जब नजरअंदाज दूर जाना कोशिश कुछ दूर पीछा । तरह व्यवहार अकेला यात्रा समय असुरक्षित महसूस होना लगाना । क्षेत्र अन्य महिला स्थान तरह उत्पीडन सामना पड़ना । ऐसा घटना रोकना क्षेत्र पुलिस गश्त बढ़ाना अनुरोध । यदि लाइन अप सीसीटीवी समीक्षा व्यवस्था जाना व्यक्ति पहचान तैयार ।
"यह औंध इलाके में मेरे नकदी और कार्ड वाले पर्स की चोरी की घटना की रिपोर्ट करने के लिए है। यह कल शाम की बात है, जब मैं थोड़ी देर के लिए घटनास्थल से हट गया था। वापस लौटने पर मुझे पता चला कि मेरा सामान कोई अज्ञात व्यक्ति ले गया है। अनुमानित नुकसान लगभग रु. 8,000, जो मेरे लिए एक महत्वपूर्ण राशि है। आसपास कुछ लोग भी थे, लेकिन किसी को चोरी होने का पता नहीं चला। मैंने आस-पास की दुकानों और निवासियों से जांच की है, लेकिन अभी तक कोई सुराग नहीं मिला है। मेरा अनुरोध है कि जल्द से जल्द मामला दर्ज किया जाए और जांच की जाए।' मैं जांच प्रक्रिया में पूरा सहयोग करने को तैयार हूं।'",चोरी,औंध इलाका नकदी कार्ड वाला पर्स चोरी घटना रिपोर्ट । कल शाम बात जब थोड़ा देर घटनास्थल हटना जाना । वापस लौटना पता चलना कि सामान कोई अज्ञात व्यक्ति लेना जाना । अनुमानित नुकसान लगभग रु जो महत्वपूर्ण राशि । आसपास कुछ लोग लेकिन कोई चोरी होना पता नहीं चलना । आस पास दुकान निवासी जांच लेकिन अभी कोई सुराग नहीं मिलना । अनुरोध कि जल्द जल्द मामला दर्ज जाना जांच जाना । जांच प्रक्रिया पूरा सहयोग तैयार ।
"मैं कोथरुड में अपने आवास पर अपने पति द्वारा झेली जा रही घरेलू हिंसा की रिपोर्ट करना चाहती हूं। शारीरिक और मानसिक शोषण पिछले शुक्रवार से जारी है। छोटी-छोटी घरेलू बातों पर अक्सर मुझे पीटा जाता है और गाली-गलौज की जाती है। उन्होंने मुझे बिना किसी सहारे के घर से बाहर निकाल देने की धमकी भी दी है. मेरे बच्चों ने ये घटनाएं देखी हैं, जिसका उन पर बुरा असर पड़ा है.' मैंने इसे शांतिपूर्ण तरीके से सुलझाने की कोशिश की है, लेकिन दुर्व्यवहार बढ़ता ही जा रहा है। मैं इस दुरुपयोग के लिए जिम्मेदार लोगों के खिलाफ सुरक्षा और कानूनी कार्रवाई का अनुरोध करता हूं। यदि आवश्यक हुआ तो मैं मेडिकल रिकॉर्ड और गवाहों के बयान उपलब्ध कराने के लिए तैयार हूं।",घरेलू हिंसा,कोथरुड अपना आवास अपना पति झेलना जाना रहना घरेलू हिंसा रिपोर्ट चाहना । शारीरिक मानसिक शोषण पिछला शुक्रवार जारी । छोटा छोटा घरेलू बात अक्सर पीटना जाना गाली गलौज जाना । बिना कोई सहारा घर बाहर निकालना देना धमकी देना बच्चा ने घटना देखना जो बुरा असर पड़ना शांतिपूर्ण तरीका सुलझाना कोशिश लेकिन दुर्व्यवहार बढना ही जाना रहना । दुरुपयोग जिम्मेदार लोग खिलाफ सुरक्षा कानूनी कार्रवाई अनुरोध । यदि आवश्यक होना मेडिकल रिकॉर्ड गवाह बयान उपलब्ध कराना तैयार ।
"यह लगभग रु. की नकदी से संबंधित चोरी की घटना की रिपोर्ट है। ठाणे इलाके में 15,000। यह तब हुआ जब मैं बाजार से वापस आ रहा था, जब मैं थोड़ी देर के लिए वहां से हट गया था। वापस लौटने पर मुझे पता चला कि मेरा सामान कोई अज्ञात व्यक्ति ले गया है। अनुमानित नुकसान लगभग रु. 75,000, जो मेरे लिए एक महत्वपूर्ण राशि है। आसपास कुछ लोग भी थे, लेकिन किसी को चोरी होने का पता नहीं चला। मैंने आस-पास की दुकानों और निवासियों से जांच की है, लेकिन अभी तक कोई सुराग नहीं मिला है। मेरा अनुरोध है कि जल्द से जल्द मामला दर्ज किया जाए और जांच की जाए।' मैं जांच प्रक्रिया में पूरा सहयोग करने को तैयार हूं।'",चोरी,लगभग रु नकदी संबंधित चोरी घटना रिपोर्ट । ठाणे इलाका । तब होना जब बाजार वापस आना रहना जब थोड़ा देर वहाँ हटना जाना । वापस लौटना पता चलना कि सामान कोई अज्ञात व्यक्ति लेना जाना । अनुमानित नुकसान लगभग रु जो महत्वपूर्ण राशि । आसपास कुछ लोग लेकिन कोई चोरी होना पता नहीं चलना । आस पास दुकान निवासी जांच लेकिन अभी कोई सुराग नहीं मिलना । अनुरोध कि जल्द जल्द मामला दर्ज जाना जांच जाना । जांच प्रक्रिया पूरा सहयोग तैयार ।
"मुझे मेरा पूर्व-प्रेमी ब्लैकमेल कर रहा है जो मेरे बारे में निजी जानकारी उजागर करने की धमकी दे रहा है। ब्लैकमेल की कोशिशें 18 तारीख को एक अज्ञात फोन नंबर पर संदेशों के जरिए शुरू हुईं। वे रुपये मांग रहे हैं. 2,50,000 न देने पर वे मुझे सार्वजनिक रूप से बदनाम करने की धमकी देते हैं। मैंने अब तक उनकी कोई भी मांग नहीं मानी है।' लगातार मिल रही इन धमकियों से मानसिक दबाव असहनीय होता जा रहा है। मैंने इस मामले से जुड़े सभी मैसेज और कॉल का रिकॉर्ड रखा है.' मैं इस ब्लैकमेल को रोकने और मेरी गोपनीयता की रक्षा के लिए तत्काल कार्रवाई का अनुरोध करता हूं। कृपया सलाह दें कि मैं इस व्यक्ति के खिलाफ क्या कानूनी कदम उठा सकता हूं।",ब्लैकमेल,पूर्व प्रेमी ब्लैकमेल रहना जो बारे निजी जानकारी उजागर धमकी देना रहना । ब्लैकमेल कोशिश तारीख अज्ञात फोन नंबर संदेश जरिये शुरू होना । रुपया मांगना रहना न देना सार्वजनिक रूप बदनाम धमकी देना । अब कोई मांग नहीं मानना । लगातार मिलना रहना धमकी मानसिक दबाव असहनीय होना जाना रहना । मामला जुडना सभी मैसेज कॉल रिकॉर्ड रखना ब्लैकमेल रोकना गोपनीयता रक्षा तत्काल कार्रवाई अनुरोध । कृपया सलाह देना कि व्यक्ति खिलाफ क्या कानूनी कदम उठाना सकना ।
"मैं दादर बस स्टॉप के पास हुई एक छेड़छाड़ की घटना की रिपोर्ट कर रहा हूं। आज सुबह करीब 8 बजे लड़कों का एक ग्रुप मुझे छेड़ने लगा और भद्दे कमेंट करने लगा. उन्होंने मेरी अनुमति के बिना मेरी तस्वीरें खींचने की भी कोशिश की. मैंने उनका विरोध किया, लेकिन उन्होंने इसे हंसी में उड़ा दिया और अपना व्यवहार जारी रखा। यह पहली बार नहीं है जब इस स्थान पर ऐसी घटनाएं हुई हैं। इसी ग्रुप के बारे में कई अन्य लड़कियों ने अनौपचारिक रूप से शिकायत की है. मैं महिलाओं की सुरक्षा सुनिश्चित करने के लिए सख्त कार्रवाई और नियमित पुलिस उपस्थिति का अनुरोध करता हूं। यदि व्यक्तियों का पता लगाया जाता है तो मैं पहचान में सहायता करने को तैयार हूं।",ईव टीज़िंग,दादर बस स्टॉप पास होना छेडछाड घटना रिपोर्ट रहना । आज सुबह करीब बजे लड़का ग्रुप छेडना लगाना भद्दा कमेंट लगाना अनुमति बिना तस्वीर खींचना कोशिश विरोध लेकिन हँसी उड़ाना देना अपना व्यवहार जारी रखना । पहला बार नहीं जब स्थान ऐसा घटना होना । ग्रुप बारे कई अन्य लड़की ने अनौपचारिक रूप शिकायत महिला सुरक्षा सुनिश्चित सख्त कार्रवाई नियमित पुलिस उपस्थिति अनुरोध । यदि व्यक्ति पता लगाना जाना पहचान सहायता तैयार ।
"मैं अंधेरी बस स्टॉप के पास हुई एक छेड़छाड़ की घटना की रिपोर्ट कर रहा हूं। जब मैं काम से लौट रही थी तो एक अनजान आदमी ने मुझे छेड़ना शुरू कर दिया और भद्दे कमेंट करने लगा। उन्होंने मेरी अनुमति के बिना मेरी तस्वीरें खींचने की भी कोशिश की. मैंने उनका विरोध किया, लेकिन उन्होंने इसे हंसी में उड़ा दिया और अपना व्यवहार जारी रखा। यह पहली बार नहीं है जब इस स्थान पर ऐसी घटनाएं हुई हैं। इसी ग्रुप के बारे में कई अन्य लड़कियों ने अनौपचारिक रूप से शिकायत की है. मैं महिलाओं की सुरक्षा सुनिश्चित करने के लिए सख्त कार्रवाई और नियमित पुलिस उपस्थिति का अनुरोध करता हूं। यदि व्यक्तियों का पता लगाया जाता है तो मैं पहचान में सहायता करने को तैयार हूं।",ईव टीज़िंग,अंधेरी बस स्टॉप पास होना छेडछाड घटना रिपोर्ट रहना । जब काम लौटना रहना अनजान आदमी ने छेड़ना शुरू देना भद्दा कमेंट लगाना । अनुमति बिना तस्वीर खींचना कोशिश विरोध लेकिन हँसी उड़ाना देना अपना व्यवहार जारी रखना । पहला बार नहीं जब स्थान ऐसा घटना होना । ग्रुप बारे कई अन्य लड़की ने अनौपचारिक रूप शिकायत महिला सुरक्षा सुनिश्चित सख्त कार्रवाई नियमित पुलिस उपस्थिति अनुरोध । यदि व्यक्ति पता लगाना जाना पहचान सहायता तैयार ।
"मेरे कार्यस्थल पर वरिष्ठ के रूप में पहचाने जाने वाला एक व्यक्ति पिछले महीने की 10 तारीख से मेरा पीछा कर रहा है। जब मैं काम से लौट रही थी तो वे मेरे कॉलेज के गेट के पास खड़े होकर मुझे देखते दिखे। मेरे कई बार मना करने के बाद भी वे बार-बार मुझसे बात करने की कोशिश करते हैं। मेरे दोस्तों ने भी देखा है कि यह व्यक्ति अलग-अलग दिनों में मेरा पीछा कर रहा है। ऐसा लगता है कि यह व्यक्ति मेरी दिनचर्या जानता है, जो बहुत चिंताजनक है। मुझे डर है कि अगर इसे नहीं रोका गया तो यह और भी खतरनाक रूप ले सकता है। मेरा अनुरोध है कि इस व्यक्ति के खिलाफ तुरंत सख्त कार्रवाई की जाए।' कृपया मेरी सुरक्षा सुनिश्चित करने के लिए अगले कदमों पर मेरा मार्गदर्शन करें।",स्टॉकिंग,कार्यस्थल वरिष्ठ रूप पहचानना जाना वाला व्यक्ति पिछला महीना तारीख पीछा रहना । जब काम लौटना रहना कॉलेज गेट पास खड़ा होना देखना दिखे।ना कई बार मना बाद बार बार बात कोशिश । दोस्त ने देखना कि व्यक्ति अलग अलग दिन पीछा रहना । ऐसा लगना कि व्यक्ति दिनचर्या जानना जो बहुत चिंताजनक । डर कि अगर नहीं रोकना जाना खतरनाक रूप लेना सकना । अनुरोध कि व्यक्ति खिलाफ तुरंत सख्त कार्रवाई जाना । कृपया सुरक्षा सुनिश्चित अगला कदम मार्गदर्शन ।
"यह चिंचवड़ इलाके में महत्वपूर्ण दस्तावेजों और मेरे बटुए से जुड़ी एक चोरी की घटना की रिपोर्ट करने के लिए है। यह दो दिन पहले हुआ था, जब मैं थोड़ी देर के लिए घटनास्थल से हट गया था। वापस लौटने पर मुझे पता चला कि मेरा सामान कोई अज्ञात व्यक्ति ले गया है। अनुमानित नुकसान लगभग रु. 20,000, जो मेरे लिए एक महत्वपूर्ण राशि है। आसपास कुछ लोग भी थे, लेकिन किसी को चोरी होने का पता नहीं चला। मैंने आस-पास की दुकानों और निवासियों से जांच की है, लेकिन अभी तक कोई सुराग नहीं मिला है। मेरा अनुरोध है कि जल्द से जल्द मामला दर्ज किया जाए और जांच की जाए।' मैं जांच प्रक्रिया में पूरा सहयोग करने को तैयार हूं।'",चोरी,चिंचवड़ इलाका महत्वपूर्ण दस्तावेज बटुया जुड़ना चोरी घटना रिपोर्ट । दो दिन पहले होना जब थोड़ा देर घटनास्थल हटना जाना । वापस लौटना पता चलना कि सामान कोई अज्ञात व्यक्ति लेना जाना । अनुमानित नुकसान लगभग रु जो महत्वपूर्ण राशि । आसपास कुछ लोग लेकिन कोई चोरी होना पता नहीं चलना । आस पास दुकान निवासी जांच लेकिन अभी कोई सुराग नहीं मिलना । अनुरोध कि जल्द जल्द मामला दर्ज जाना जांच जाना । जांच प्रक्रिया पूरा सहयोग तैयार ।
"स्नैपचैट पर कोई मुझे बार-बार अनुचित संदेश और टिप्पणियाँ भेज रहा है। यह उत्पीड़न 18 तारीख को शुरू हुआ और हाल ही में इसकी आवृत्ति में वृद्धि हुई है। उस व्यक्ति ने मेरे सार्वजनिक पोस्ट पर भी अश्लील टिप्पणी की है.' मैंने उन्हें समझाने की कोशिश की, लेकिन उन्होंने और भी अश्लील संदेश जारी रखे। उन्होंने मेरे दोस्तों और परिवार को भी शर्मनाक और झूठे पोस्ट में टैग किया। मैं बेहद परेशान हूं और अब शांति से सोशल मीडिया का इस्तेमाल नहीं कर पा रहा हूं।' मेरा अनुरोध है कि खाते का पता लगाया जाए और उचित कार्रवाई की जाए। मैं अपनी शिकायत के समर्थन में आवश्यक स्क्रीनशॉट संलग्न कर रहा हूं।",साइबर उत्पीड़न,स्नैपचैट कोई बार बार अनुचित संदेश टिप्पणी भेजना रहना । उत्पीडन तारीख शुरू होना हाल ही आवृत्ति वृद्धि होना । व्यक्ति ने सार्वजनिक पोस्ट अश्लील टिप्पणी समझाना कोशिश लेकिन अश्लील संदेश जारी रखना । दोस्त परिवार शर्मनाक झूठा पोस्ट टैग । बेहद परेशान अब शान्ति सोशल मीडिया इस्तेमाल नहीं पाना रहना । अनुरोध कि खाता पता लगाना जाना उचित कार्रवाई जाना । अपना शिकायत समर्थन आवश्यक स्क्रीनशॉट संलग्न रहना ।
"मुझे, मेरे परिवार सहित, नागपुर शहर में रहने वाले मेरे पूर्व पति द्वारा प्रताड़ित किया जा रहा है। पिछले एक महीने से उत्पीड़न जारी है। जब भी वे मुझे देखते हैं तो भद्दे कमेंट करते हैं और परेशानी पैदा करने की कोशिश करते हैं। मेरी शाम की सैर के दौरान स्थिति तब और खराब हो गई जब वे मुझसे सीधे भिड़ गए। इस लगातार उत्पीड़न के कारण मैं काम पर जाने में असुरक्षित महसूस करती हूं। मेरे परिवार के सदस्यों ने भी कई मौकों पर इस व्यवहार को देखा है। मैं तत्काल हस्तक्षेप का अनुरोध करता हूं ताकि यह उत्पीड़न स्थायी रूप से बंद हो जाए। कृपया मेरी शिकायत दर्ज कर आवश्यक कानूनी कार्रवाई करें।",उत्पीड़न,परिवार सहित नागपुर शहर रहना वाला पूर्व पति प्रताडित जाना रहना । पिछला महीना उत्पीडन जारी । जब देखना भद्दा कमेंट परेशानी पैदा कोशिश । शाम सैर दौरान स्थिति तब खराब होना जाना जब सीधे भिडना जाना । लगातार उत्पीडन कारण काम जाना असुरक्षित महसूस । परिवार सदस्य ने कई मौका व्यवहार देखना । तत्काल हस्तक्षेप अनुरोध ताकि उत्पीडन स्थायी रूप बंद होना जाना । कृपया शिकायत दर्ज आवश्यक कानूनी कार्रवाई ।
"मैं रिपोर्ट करना चाहती हूं कि मेरा जीजा एक अज्ञात फोन नंबर का इस्तेमाल कर मुझे ब्लैकमेल कर रहा है। 2 अगस्त से इस व्यक्ति ने मेरी निजी तस्वीरें और जानकारी लीक करने की धमकी दी है। वे रुपये की मांग कर रहे हैं. सामग्री को सार्वजनिक न करने के बदले में 12,000 रु. मैंने पैसे देने से इनकार कर दिया है, जिसके बाद धमकियां और भी बढ़ गई हैं. इस ब्लैकमेल से मुझे गंभीर मानसिक तनाव और सामाजिक शर्मिंदगी का डर सता रहा है। मैंने सभी चैट वार्तालाप और स्क्रीनशॉट को साक्ष्य के रूप में सहेजा है। मैं साइबर अपराध विभाग से जांच करने और सख्त कार्रवाई करने का अनुरोध करता हूं।' मैं यह सुनिश्चित करने के लिए पूरा सहयोग करने को तैयार हूं कि इस व्यक्ति को जवाबदेह ठहराया जाए।",ब्लैकमेल,रिपोर्ट चाहना कि जीजा अज्ञात फोन नंबर इस्तेमाल ब्लैकमेल रहना । अगस्त व्यक्ति ने निजी तस्वीर जानकारी लीक धमकी देना । रुपया मांग रहना सामग्री सार्वजनिक न बदले रु पैसा देना इनकार देना जो बाद धमकी बढ़ना जाना ब्लैकमेल गंभीर मानसिक तनाव सामाजिक शर्मिंदगी डर सताना रहना । सभी चैट वार्तालाप स्क्रीनशॉट साक्ष्य रूप सहेजना । साइबर अपराध विभाग जांच सख्त कार्रवाई अनुरोध । सुनिश्चित पूरा सहयोग तैयार कि व्यक्ति जवाबदेह ठहराना जाना ।
"मैं रिपोर्ट करना चाहती हूं कि मेरा पूर्व-प्रेमी व्हाट्सएप का उपयोग करके मुझे ब्लैकमेल कर रहा है। 22 जून से इस शख्स ने मेरी निजी तस्वीरें और जानकारी लीक करने की धमकी दी है. वे रुपये की मांग कर रहे हैं. सामग्री को सार्वजनिक न करने के बदले में 12,000 रु. मैंने पैसे देने से इनकार कर दिया है, जिसके बाद धमकियां और भी बढ़ गई हैं. इस ब्लैकमेल से मुझे गंभीर मानसिक तनाव और सामाजिक शर्मिंदगी का डर सता रहा है। मैंने सभी चैट वार्तालाप और स्क्रीनशॉट को साक्ष्य के रूप में सहेजा है। मैं साइबर अपराध विभाग से जांच करने और सख्त कार्रवाई करने का अनुरोध करता हूं।' मैं यह सुनिश्चित करने के लिए पूरा सहयोग करने को तैयार हूं कि इस व्यक्ति को जवाबदेह ठहराया जाए।",ब्लैकमेल,रिपोर्ट चाहना कि पूर्व प्रेमी व्हाट्सएप उपयोग ब्लैकमेल रहना । जून शख्स ने निजी तस्वीर जानकारी लीक धमकी देना रुपया मांग रहना सामग्री सार्वजनिक न बदले रु पैसा देना इनकार देना जो बाद धमकी बढ़ना जाना ब्लैकमेल गंभीर मानसिक तनाव सामाजिक शर्मिंदगी डर सताना रहना । सभी चैट वार्तालाप स्क्रीनशॉट साक्ष्य रूप सहेजना । साइबर अपराध विभाग जांच सख्त कार्रवाई अनुरोध । सुनिश्चित पूरा सहयोग तैयार कि व्यक्ति जवाबदेह ठहराना जाना ।
"मैं कोथरुड में अपने सहपाठी द्वारा पीछा किए जाने के संबंध में शिकायत दर्ज करना चाहती हूं। 15 जुलाई से यह शख्स लगभग हर दिन मेरा पीछा कर रहा है. जब मैं काम से लौट रहा था, मैंने देखा कि वही व्यक्ति फिर से मेरे घर के बाहर इंतज़ार कर रहा था। वे भी मेरे पीछे-पीछे मेरे कार्यस्थल तक आते हैं और गेट के पास इंतजार करते हैं। मैंने देखा है कि एक ही वाहन कई बार मेरे ऑटो-रिक्शा का पीछा कर रहा है। इस निरंतर अनुसरण ने मुझे अपनी सुरक्षा के लिए अत्यधिक चिंतित और भयभीत कर दिया है। मैं पुलिस से जांच करने और इस व्यक्ति को मेरा पीछा करने से रोकने का अनुरोध करता हूं। मैं उस व्यक्ति की पहचान करने और जरूरत पड़ने पर और विवरण प्रदान करने को तैयार हूं।",स्टॉकिंग,कोथरुड अपना सहपाठी पीछा जाना संबंध शिकायत दर्ज चाहना । जुलाई शख्स लगभग हर दिन पीछा रहना जब काम लौटना रहना देखना कि व्यक्ति फिर घर बाहर इंतजार रहना । पीछे पीछे कार्यस्थल आना गेट पास इंतजार । देखना कि ही वाहन कई बार ऑटो रिक्शा पीछा रहना । निरन्तर अनुसरण ने अपना सुरक्षा अत्यधिक चिंतित भयभीत देना । पुलिस जांच व्यक्ति पीछा रोकना अनुरोध । व्यक्ति पहचान जरूरत पड़ना विवरण प्रदान तैयार ।
"मैं कोथरुड में शोर और उपद्रव के संबंध में एक सामान्य सुरक्षा शिकायत दर्ज करना चाहता हूं। पिछले दो सप्ताह से, पास का एक प्रतिष्ठान अनुमत घंटों से अधिक जोर-शोर से काम कर रहा है। इससे आस-पड़ोस की शांति भंग हो गई है, विशेषकर बुजुर्ग निवासियों और बच्चों के लिए। मालिकों से शोर कम करने के बार-बार अनुरोध को नजरअंदाज कर दिया गया है। सप्ताहांत पर स्थिति और भी गंभीर हो जाती है जब अशांति देर रात तक जारी रहती है। इस मुद्दे को स्थानीय अधिकारियों के सामने उठाने के लिए कई पड़ोसी एकजुट हुए हैं। मैं यह सुनिश्चित करने के लिए आवश्यक कार्रवाई का अनुरोध करता हूं कि शोर के स्तर को नियंत्रण में लाया जाए। कृपया निवासियों की भलाई के लिए इस मामले पर जल्द से जल्द ध्यान दें।",अन्य,कोथरुड शोर उपद्रव संबंध सामान्य सुरक्षा शिकायत दर्ज चाहना । पिछला दो सप्ताह पास प्रतिष्ठान अनुमत घंटा अधिक जोर शोर काम रहना । आस पडोस शान्ति भंग होना जाना विशेषकर बुजुर्ग निवासी बच्चा । मालिक शोर कम बार बार अनुरोध नजरअंदाज देना जाना । सप्ताहांत स्थिति गंभीर होना जाना जब अशान्ति देर रात जारी रहना । मुद्दा स्थानीय अधिकारी सामने उठाना कई पड़ोसी एकजुट होना । सुनिश्चित आवश्यक कार्रवाई अनुरोध कि शोर स्तर नियंत्रण लाना जाना । कृपया निवासी भलाई मामला जल्द जल्द ध्यान देना ।
मैं बानेर में पास के एक दुकानदार द्वारा पीछा किए जाने के संबंध में शिकायत दर्ज करना चाहता हूं। चूँकि पिछले एक महीने से यह व्यक्ति लगभग हर दिन मेरा पीछा कर रहा है। कल शाम को मैंने देखा कि वही व्यक्ति फिर से मेरे घर के बाहर इंतज़ार कर रहा है। वे भी मेरे पीछे-पीछे मेरे कार्यस्थल तक आते हैं और गेट के पास इंतजार करते हैं। मैंने देखा है कि एक ही वाहन कई बार मेरे ऑटो-रिक्शा का पीछा कर रहा है। इस निरंतर अनुसरण ने मुझे अपनी सुरक्षा के लिए अत्यधिक चिंतित और भयभीत कर दिया है। मैं पुलिस से जांच करने और इस व्यक्ति को मेरा पीछा करने से रोकने का अनुरोध करता हूं। मैं उस व्यक्ति की पहचान करने और जरूरत पड़ने पर और विवरण प्रदान करने को तैयार हूं।,स्टॉकिंग,बानेर पास दुकानदार पीछा जाना संबंध शिकायत दर्ज चाहना । चूँकि पिछला महीना व्यक्ति लगभग हर दिन पीछा रहना । कल शाम देखना कि व्यक्ति फिर घर बाहर इंतजार रहना । पीछे पीछे कार्यस्थल आना गेट पास इंतजार । देखना कि ही वाहन कई बार ऑटो रिक्शा पीछा रहना । निरन्तर अनुसरण ने अपना सुरक्षा अत्यधिक चिंतित भयभीत देना । पुलिस जांच व्यक्ति पीछा रोकना अनुरोध । व्यक्ति पहचान जरूरत पड़ना विवरण प्रदान तैयार ।
"मैं कल्याण में टूटी हुई स्ट्रीट लाइट और क्षतिग्रस्त फुटपाथ की रिपोर्ट करना चाहता हूं जिससे सुरक्षा संबंधी समस्याएं पैदा हो रही हैं। यह समस्या बिना किसी मरम्मत कार्य के पिछले दो सप्ताह से बनी हुई है। इस इलाके में बुजुर्गों और बच्चों को सुरक्षित चलने में काफी दिक्कत होती है। बारिश के दौरान इलाके में पानी भर जाता है, जिससे गिरने का खतरा बढ़ जाता है। यहां लोगों के फिसलने और घायल होने की कुछ घटनाएं हो चुकी हैं। मैं अन्य निवासियों के साथ इस सार्वजनिक बुनियादी ढांचे की तत्काल मरम्मत का अनुरोध करता हूं। इससे रोजाना गुजरने वाले राहगीरों और वाहनों को लगातार खतरा बना हुआ है। मैं इस मामले को सुलझाने के लिए नगर निगम अधिकारियों से त्वरित कार्रवाई का अनुरोध करता हूं।",सार्वजनिक सुरक्षा,कल्याण टूटी होना स्ट्रीट लाइट क्षतिग्रस्त फुटपाथ रिपोर्ट चाहना जो सुरक्षा संबंधी समस्या पैदा होना रहना । समस्या बिना कोई मरम्मत कार्य पिछला दो सप्ताह बनना होना । इलाका बुजुर्ग बच्चा सुरक्षित चलना काफी दिक्कत होना । बारिश दौरान इलाका पानी भरना जाना जो गिरना खतरा बढ़ना जाना । यहाँ लोग फिसलना घायल होना कुछ घटना होना चुकना । अन्य निवासी साथ सार्वजनिक बुनियादी ढांचा तत्काल मरम्मत अनुरोध । रोजाना गुजरना वाला राहगीर वाहन लगातार खतरा बनना होना । मामला सुलझाना नगर निगम अधिकारी त्वरित कार्रवाई अनुरोध ।
"मैं कैंप क्षेत्र में टूटी हुई स्ट्रीट लाइट और क्षतिग्रस्त फुटपाथ की रिपोर्ट करना चाहता हूं, जिससे सुरक्षा संबंधी समस्याएं हो रही हैं। यह समस्या बिना किसी मरम्मत कार्य के पिछले महीने की 10 तारीख से बनी हुई है। इस इलाके में बुजुर्गों और बच्चों को सुरक्षित चलने में काफी दिक्कत होती है। बारिश के दौरान इलाके में पानी भर जाता है, जिससे गिरने का खतरा बढ़ जाता है। यहां लोगों के फिसलने और घायल होने की कुछ घटनाएं हो चुकी हैं। मैं अन्य निवासियों के साथ इस सार्वजनिक बुनियादी ढांचे की तत्काल मरम्मत का अनुरोध करता हूं। इससे रोजाना गुजरने वाले राहगीरों और वाहनों को लगातार खतरा बना हुआ है। मैं इस मामले को सुलझाने के लिए नगर निगम अधिकारियों से त्वरित कार्रवाई का अनुरोध करता हूं।",सार्वजनिक सुरक्षा,कैंप क्षेत्र टूटी होना स्ट्रीट लाइट क्षतिग्रस्त फुटपाथ रिपोर्ट चाहना जो सुरक्षा संबंधी समस्या होना रहना । समस्या बिना कोई मरम्मत कार्य पिछला महीना तारीख बनना होना । इलाका बुजुर्ग बच्चा सुरक्षित चलना काफी दिक्कत होना । बारिश दौरान इलाका पानी भरना जाना जो गिरना खतरा बढ़ना जाना । यहाँ लोग फिसलना घायल होना कुछ घटना होना चुकना । अन्य निवासी साथ सार्वजनिक बुनियादी ढांचा तत्काल मरम्मत अनुरोध । रोजाना गुजरना वाला राहगीर वाहन लगातार खतरा बनना होना । मामला सुलझाना नगर निगम अधिकारी त्वरित कार्रवाई अनुरोध ।
नासिक रोड पर रहने वाले मेरे मकान मालिक द्वारा मुझे और मेरे परिवार को परेशान किया जा रहा है। 22 जून से उत्पीड़न जारी है। जब भी वे मुझे देखते हैं तो भद्दे कमेंट करते हैं और परेशानी पैदा करने की कोशिश करते हैं। आधी रात के आसपास स्थिति तब और खराब हो गई जब वे मुझसे सीधे भिड़ गए। इस लगातार उत्पीड़न के कारण मैं काम पर जाने में असुरक्षित महसूस करती हूं। मेरे परिवार के सदस्यों ने भी कई मौकों पर इस व्यवहार को देखा है। मैं तत्काल हस्तक्षेप का अनुरोध करता हूं ताकि यह उत्पीड़न स्थायी रूप से बंद हो जाए। कृपया मेरी शिकायत दर्ज कर आवश्यक कानूनी कार्रवाई करें।,उत्पीड़न,नासिक रोड रहना वाला मकान मालिक परिवार परेशान जाना रहना । जून उत्पीडन जारी । जब देखना भद्दा कमेंट परेशानी पैदा कोशिश । आधा रात आसपास स्थिति तब खराब होना जाना जब सीधे भिडना जाना । लगातार उत्पीडन कारण काम जाना असुरक्षित महसूस । परिवार सदस्य ने कई मौका व्यवहार देखना । तत्काल हस्तक्षेप अनुरोध ताकि उत्पीडन स्थायी रूप बंद होना जाना । कृपया शिकायत दर्ज आवश्यक कानूनी कार्रवाई ।
"मुझे एक अजनबी द्वारा ब्लैकमेल किया जा रहा है जो मेरे बारे में निजी जानकारी उजागर करने की धमकी दे रहा है। ब्लैकमेल का प्रयास 2 अगस्त को एक अज्ञात फोन नंबर पर संदेशों के माध्यम से शुरू हुआ। वे रुपये मांग रहे हैं. 50,000 न देने पर वे मुझे सार्वजनिक रूप से बदनाम करने की धमकी देते हैं। मैंने अब तक उनकी कोई भी मांग नहीं मानी है।' लगातार मिल रही इन धमकियों से मानसिक दबाव असहनीय होता जा रहा है। मैंने इस मामले से जुड़े सभी मैसेज और कॉल का रिकॉर्ड रखा है.' मैं इस ब्लैकमेल को रोकने और मेरी गोपनीयता की रक्षा के लिए तत्काल कार्रवाई का अनुरोध करता हूं। कृपया सलाह दें कि मैं इस व्यक्ति के खिलाफ क्या कानूनी कदम उठा सकता हूं।",ब्लैकमेल,अजनबी ब्लैकमेल जाना रहना जो बारे निजी जानकारी उजागर धमकी देना रहना । ब्लैकमेल प्रयास अगस्त अज्ञात फोन नंबर संदेश माध्यम शुरू होना । रुपया मांगना रहना न देना सार्वजनिक रूप बदनाम धमकी देना । अब कोई मांग नहीं मानना । लगातार मिलना रहना धमकी मानसिक दबाव असहनीय होना जाना रहना । मामला जुडना सभी मैसेज कॉल रिकॉर्ड रखना ब्लैकमेल रोकना गोपनीयता रक्षा तत्काल कार्रवाई अनुरोध । कृपया सलाह देना कि व्यक्ति खिलाफ क्या कानूनी कदम उठाना सकना ।
"एक व्यक्ति, जिसकी पहचान मेरे जीजा के रूप में हुई है, पिछले महीने की 10 तारीख से मेरा पीछा कर रहा है। कल शाम को वे मेरे कॉलेज के गेट के पास खड़े होकर मुझे देखते दिखे। मेरे कई बार मना करने के बाद भी वे बार-बार मुझसे बात करने की कोशिश करते हैं। मेरे दोस्तों ने भी देखा है कि यह व्यक्ति अलग-अलग दिनों में मेरा पीछा कर रहा है। ऐसा लगता है कि यह व्यक्ति मेरी दिनचर्या जानता है, जो बहुत चिंताजनक है। मुझे डर है कि अगर इसे नहीं रोका गया तो यह और भी खतरनाक रूप ले सकता है। मेरा अनुरोध है कि इस व्यक्ति के खिलाफ तुरंत सख्त कार्रवाई की जाए।' कृपया मेरी सुरक्षा सुनिश्चित करने के लिए अगले कदमों पर मेरा मार्गदर्शन करें।",स्टॉकिंग,व्यक्ति जो पहचान जीजा रूप होना पिछला महीना तारीख पीछा रहना । कल शाम कॉलेज गेट पास खड़ा होना देखना दिखे।ना कई बार मना बाद बार बार बात कोशिश । दोस्त ने देखना कि व्यक्ति अलग अलग दिन पीछा रहना । ऐसा लगना कि व्यक्ति दिनचर्या जानना जो बहुत चिंताजनक । डर कि अगर नहीं रोकना जाना खतरनाक रूप लेना सकना । अनुरोध कि व्यक्ति खिलाफ तुरंत सख्त कार्रवाई जाना । कृपया सुरक्षा सुनिश्चित अगला कदम मार्गदर्शन ।
"मैं कल्याण में अपने समाज के एक व्यक्ति द्वारा लगातार किए जा रहे उत्पीड़न की रिपोर्ट करना चाहती हूं। यह 22 जून को शुरू हुआ और तब से बंद नहीं हुआ है। मेरे समाज का एक आदमी दूसरों के सामने मेरे बारे में अपमानजनक टिप्पणियाँ करता रहता है। पिछले हफ्ते इस शख्स ने मेरे घर के पास फिर मेरे साथ बदतमीजी की. मैंने उनसे विनम्रतापूर्वक रुकने के लिए कहा, लेकिन वे मुझे परेशान करते रहे। इससे मेरी मानसिक शांति प्रभावित हो रही है और मुझे अकेले बाहर निकलने में डर लगता है।' मैं पुलिस से जिम्मेदार व्यक्ति के खिलाफ सख्त कार्रवाई करने का अनुरोध करता हूं।' मैं जांच के लिए आवश्यक कोई भी अतिरिक्त विवरण प्रदान करने के लिए तैयार हूं।",उत्पीड़न,कल्याण अपना समाज व्यक्ति लगातार जाना रहना उत्पीडन रिपोर्ट चाहना । जून शुरू होना तब बंद नहीं होना । समाज आदमी दूसरा सामने बारे अपमानजनक टिप्पणी रहना । पिछला हफ्ता शख्स ने घर पास फिर साथ बदतमीजी विनम्रतापूर्वक रुकना कहना लेकिन परेशान रहना । मानसिक शान्ति प्रभावित होना रहना अकेला बाहर निकलना डर लगना । पुलिस जिम्मेदार व्यक्ति खिलाफ सख्त कार्रवाई अनुरोध । जांच आवश्यक कोई अतिरिक्त विवरण प्रदान तैयार ।
"मुझे पास के एक दुकानदार द्वारा ब्लैकमेल किया जा रहा है जो मेरे बारे में निजी जानकारी उजागर करने की धमकी दे रहा है। पिछले दो हफ्ते से टेलीग्राम पर मैसेज के जरिए ब्लैकमेल की कोशिशें शुरू हो गईं. वे रुपये मांग रहे हैं. 75,000 न देने पर वे मुझे सार्वजनिक रूप से बदनाम करने की धमकी देते हैं। मैंने अब तक उनकी कोई भी मांग नहीं मानी है।' लगातार मिल रही इन धमकियों से मानसिक दबाव असहनीय होता जा रहा है। मैंने इस मामले से जुड़े सभी मैसेज और कॉल का रिकॉर्ड रखा है.' मैं इस ब्लैकमेल को रोकने और मेरी गोपनीयता की रक्षा के लिए तत्काल कार्रवाई का अनुरोध करता हूं। कृपया सलाह दें कि मैं इस व्यक्ति के खिलाफ क्या कानूनी कदम उठा सकता हूं।",ब्लैकमेल,पास दुकानदार ब्लैकमेल जाना रहना जो बारे निजी जानकारी उजागर धमकी देना रहना । पिछला दो हफ्ता टेलीग्राम मैसेज जरिये ब्लैकमेल कोशिश शुरू होना जाना रुपया मांगना रहना न देना सार्वजनिक रूप बदनाम धमकी देना । अब कोई मांग नहीं मानना । लगातार मिलना रहना धमकी मानसिक दबाव असहनीय होना जाना रहना । मामला जुडना सभी मैसेज कॉल रिकॉर्ड रखना ब्लैकमेल रोकना गोपनीयता रक्षा तत्काल कार्रवाई अनुरोध । कृपया सलाह देना कि व्यक्ति खिलाफ क्या कानूनी कदम उठाना सकना ।
"मैं पिंपरी में देखी गई एक संदिग्ध गतिविधि की रिपोर्ट करना चाहता हूं। पिछले शुक्रवार से, अज्ञात व्यक्ति विषम समय में परित्यक्त इमारत के पास इकट्ठा हो रहे हैं। निवासियों को संदेह है कि रात में वहां कुछ अवैध गतिविधि हो सकती है। उस स्थान से तेज़ आवाज़ें और कभी-कभार बहसें सुनाई देती रही हैं। इससे आसपास रहने वाले परिवारों में सुरक्षा संबंधी चिंताएं बढ़ गई हैं। स्थानीय वार्ड कार्यालय को सूचित करने के बावजूद कोई आधिकारिक कार्रवाई नहीं की गई है। मैं अधिकारियों से इस मामले की जांच करने और निवासियों की सुरक्षा सुनिश्चित करने का अनुरोध करता हूं। यदि आवश्यक हुआ तो मैं अधिक विवरण प्रदान करने या अधिकारियों के साथ जाने को तैयार हूं।",अन्य,पिंपरी देखना जाना संदिग्ध गतिविधि रिपोर्ट चाहना । पिछला शुक्रवार अज्ञात व्यक्ति विषम समय परित्यक्त इमारत पास इकट्ठा होना रहना । निवासी संदेह कि रात वहाँ कुछ अवैध गतिविधि होना सकना । स्थान तेज आवाज कभी कभार बहस सुनाना देना रहना । आसपास रहना वाला परिवार सुरक्षा संबंधी चिंता बढ़ना जाना । स्थानीय वार्ड कार्यालय सूचित बावजूद कोई आधिकारिक कार्रवाई नहीं जाना । अधिकारी मामला जांच निवासी सुरक्षा सुनिश्चित अनुरोध । यदि आवश्यक होना अधिक विवरण प्रदान अधिकारी साथ जाना तैयार ।
"मैं नासिक रोड में रहने वाले एक अजनबी द्वारा मुझे दी गई धमकियों के संबंध में शिकायत दर्ज कर रही हूं। धमकियां कुछ दिन पहले हमारे बीच मामूली विवाद के बाद शुरू हुईं। उन्होंने मुझे बोलने पर हमला करने और मेरी संपत्ति को नुकसान पहुंचाने की धमकी दी है। इससे मेरे और मेरे परिवार के सदस्यों में काफी डर और चिंता पैदा हो गई है। मैंने किसी भी टकराव से परहेज किया है, लेकिन धमकियां इसकी परवाह किए बिना जारी हैं। इलाके के पड़ोसियों को भी तनाव की जानकारी है और वे इसकी पुष्टि कर सकते हैं. मेरा अनुरोध है कि मेरी सुरक्षा सुनिश्चित करने के लिए उचित कानूनी कार्रवाई की जाए। धमकियों की गंभीर प्रकृति को देखते हुए कृपया इस मामले पर तत्परता से विचार करें।",धमकी,नासिक रोड रहना वाला अजनबी देना जाना धमकी संबंध शिकायत दर्ज रहना । धमकी कुछ दिन पहले बीच मामूली विवाद बाद शुरू होना । बोलना हमला संपत्ति नुकसान पहुंचाना धमकी देना । परिवार सदस्य काफी डर चिंता पैदा होना जाना । कोई टकराव परहेज लेकिन धमकी परवाह बिना जारी । इलाका पड़ोसी तनाव जानकारी पुष्टि सकना अनुरोध कि सुरक्षा सुनिश्चित उचित कानूनी कार्रवाई जाना धमकी गंभीर प्रकृति देखना होना कृपया मामला तत्परता विचार ।
"मैं कैंप क्षेत्र में सड़कों की स्थिति के संबंध में एक सार्वजनिक सुरक्षा चिंता उठाना चाहता हूं। मुख्य सड़क के पास एक खुला मैनहोल है जिसे इस महीने की 3 तारीख से खोला गया है। इस स्थान पर पहले भी कई दोपहिया वाहन चालक छोटी-मोटी दुर्घटना का शिकार हो चुके हैं। खतरनाक क्षेत्र के आसपास कोई चेतावनी संकेत या बैरिकेड्स नहीं लगाए गए हैं। रात के समय खराब स्ट्रीट लाइट के कारण हादसों का खतरा और भी बढ़ जाता है। स्थानीय निवासी पहले भी यह मुद्दा उठा चुके हैं, लेकिन कोई कार्रवाई नहीं हुई। मैं संबंधित अधिकारियों से मैनहोल की मरम्मत करने और उचित रोशनी सुनिश्चित करने का अनुरोध करता हूं। यह एक गंभीर सार्वजनिक सुरक्षा ख़तरा है जिस पर तत्काल ध्यान देने की आवश्यकता है।",सार्वजनिक सुरक्षा,कैंप क्षेत्र सड़क स्थिति संबंध सार्वजनिक सुरक्षा चिंता उठाना चाहना । मुख्य सड़क पास खुला मैनहोल जो महीना तारीख खोलना जाना । स्थान पहले कई दोपहिया वाहन चालक छोटा मोटा दुर्घटना शिकार होना चुकना । खतरनाक क्षेत्र आसपास कोई चेतावनी संकेत बैरिकेड्स नहीं लगाना जाना । रात समय खराब स्ट्रीट लाइट कारण हादसा खतरा बढ़ना जाना । स्थानीय निवासी पहले मुद्दा उठाना चुकना लेकिन कोई कार्रवाई नहीं होना । संबंधित अधिकारी मैनहोल मरम्मत उचित रोशनी सुनिश्चित अनुरोध । गंभीर सार्वजनिक सुरक्षा खतरा जो तत्काल ध्यान देना आवश्यकता ।
मुझे और मेरे परिवार को खराड़ी में रहने वाले मेरे सहपाठी द्वारा परेशान किया जा रहा है। पिछले एक महीने से उत्पीड़न जारी है। जब भी वे मुझे देखते हैं तो भद्दे कमेंट करते हैं और परेशानी पैदा करने की कोशिश करते हैं। आधी रात के आसपास स्थिति तब और खराब हो गई जब वे मुझसे सीधे भिड़ गए। इस लगातार उत्पीड़न के कारण मैं काम पर जाने में असुरक्षित महसूस करती हूं। मेरे परिवार के सदस्यों ने भी कई मौकों पर इस व्यवहार को देखा है। मैं तत्काल हस्तक्षेप का अनुरोध करता हूं ताकि यह उत्पीड़न स्थायी रूप से बंद हो जाए। कृपया मेरी शिकायत दर्ज कर आवश्यक कानूनी कार्रवाई करें।,उत्पीड़न,परिवार खराडी रहना वाला सहपाठी परेशान जाना रहना । पिछला महीना उत्पीडन जारी । जब देखना भद्दा कमेंट परेशानी पैदा कोशिश । आधा रात आसपास स्थिति तब खराब होना जाना जब सीधे भिडना जाना । लगातार उत्पीडन कारण काम जाना असुरक्षित महसूस । परिवार सदस्य ने कई मौका व्यवहार देखना । तत्काल हस्तक्षेप अनुरोध ताकि उत्पीडन स्थायी रूप बंद होना जाना । कृपया शिकायत दर्ज आवश्यक कानूनी कार्रवाई ।
"मैं विले पार्ले में रहने वाले एक अजनबी द्वारा मुझे दी गई धमकियों के संबंध में शिकायत दर्ज करा रहा हूं। धमकियां कुछ दिन पहले हमारे बीच मामूली विवाद के बाद शुरू हुईं। उन्होंने मुझे बोलने पर हमला करने और मेरी संपत्ति को नुकसान पहुंचाने की धमकी दी है। इससे मेरे और मेरे परिवार के सदस्यों में काफी डर और चिंता पैदा हो गई है। मैंने किसी भी टकराव से परहेज किया है, लेकिन धमकियां इसकी परवाह किए बिना जारी हैं। इलाके के पड़ोसियों को भी तनाव की जानकारी है और वे इसकी पुष्टि कर सकते हैं. मेरा अनुरोध है कि मेरी सुरक्षा सुनिश्चित करने के लिए उचित कानूनी कार्रवाई की जाए। धमकियों की गंभीर प्रकृति को देखते हुए कृपया इस मामले पर तत्परता से विचार करें।",धमकी,विले पार्ले रहना वाला अजनबी देना जाना धमकी संबंध शिकायत दर्ज रहना । धमकी कुछ दिन पहले बीच मामूली विवाद बाद शुरू होना । बोलना हमला संपत्ति नुकसान पहुंचाना धमकी देना । परिवार सदस्य काफी डर चिंता पैदा होना जाना । कोई टकराव परहेज लेकिन धमकी परवाह बिना जारी । इलाका पड़ोसी तनाव जानकारी पुष्टि सकना अनुरोध कि सुरक्षा सुनिश्चित उचित कानूनी कार्रवाई जाना धमकी गंभीर प्रकृति देखना होना कृपया मामला तत्परता विचार ।
"फर्जी ईमेल आईडी पर कोई मुझे बार-बार अनुचित संदेश और टिप्पणियां भेज रहा है। यह उत्पीड़न 22 जून को शुरू हुआ और हाल ही में इसकी आवृत्ति में वृद्धि हुई है। उस व्यक्ति ने मेरे सार्वजनिक पोस्ट पर भी अश्लील टिप्पणी की है.' मैंने उन्हें समझाने की कोशिश की, लेकिन उन्होंने और भी अश्लील संदेश जारी रखे। उन्होंने मेरे दोस्तों और परिवार को भी शर्मनाक और झूठे पोस्ट में टैग किया। मैं बेहद परेशान हूं और अब शांति से सोशल मीडिया का इस्तेमाल नहीं कर पा रहा हूं।' मेरा अनुरोध है कि खाते का पता लगाया जाए और उचित कार्रवाई की जाए। मैं अपनी शिकायत के समर्थन में आवश्यक स्क्रीनशॉट संलग्न कर रहा हूं।",साइबर उत्पीड़न,फर्जी ईमेल आईडी कोई बार बार अनुचित संदेश टिप्पणी भेजना रहना । उत्पीडन जून शुरू होना हाल ही आवृत्ति वृद्धि होना । व्यक्ति ने सार्वजनिक पोस्ट अश्लील टिप्पणी समझाना कोशिश लेकिन अश्लील संदेश जारी रखना । दोस्त परिवार शर्मनाक झूठा पोस्ट टैग । बेहद परेशान अब शान्ति सोशल मीडिया इस्तेमाल नहीं पाना रहना । अनुरोध कि खाता पता लगाना जाना उचित कार्रवाई जाना । अपना शिकायत समर्थन आवश्यक स्क्रीनशॉट संलग्न रहना ।
"मैं खराड़ी में अपने पूर्व-प्रेमी द्वारा लगातार किए जा रहे उत्पीड़न की रिपोर्ट करना चाहती हूं। यह कुछ दिन पहले शुरू हुआ और तब से बंद नहीं हुआ है. मेरा पूर्व-प्रेमी दूसरों के सामने मेरे बारे में अपमानजनक टिप्पणियाँ करता रहता है। जब मैं बाजार से वापस आ रही थी तो मेरे घर के पास इस व्यक्ति ने फिर मेरे साथ दुर्व्यवहार किया। मैंने उनसे विनम्रतापूर्वक रुकने के लिए कहा, लेकिन वे मुझे परेशान करते रहे। इससे मेरी मानसिक शांति प्रभावित हो रही है और मुझे अकेले बाहर निकलने में डर लगता है।' मैं पुलिस से जिम्मेदार व्यक्ति के खिलाफ सख्त कार्रवाई करने का अनुरोध करता हूं।' मैं जांच के लिए आवश्यक कोई भी अतिरिक्त विवरण प्रदान करने के लिए तैयार हूं।",उत्पीड़न,खराड़ी अपना पूर्व प्रेमी लगातार जाना रहना उत्पीडन रिपोर्ट चाहना । कुछ दिन पहले शुरू होना तब बंद नहीं होना पूर्व प्रेमी दूसरा सामने बारे अपमानजनक टिप्पणी रहना । जब बाजार वापस आना रहना घर पास व्यक्ति ने फिर साथ दुर्व्यवहार । विनम्रतापूर्वक रुकना कहना लेकिन परेशान रहना । मानसिक शान्ति प्रभावित होना रहना अकेला बाहर निकलना डर लगना । पुलिस जिम्मेदार व्यक्ति खिलाफ सख्त कार्रवाई अनुरोध । जांच आवश्यक कोई अतिरिक्त विवरण प्रदान तैयार ।
"मैं वाशी में अपने पड़ोसी द्वारा पीछा किए जाने के संबंध में शिकायत दर्ज करना चाहती हूं। 18 तारीख के बाद से यह व्यक्ति लगभग हर दिन मेरा पीछा कर रहा है। पिछले हफ्ते, मैंने उसी व्यक्ति को अपने घर के बाहर फिर से इंतज़ार करते हुए देखा। वे भी मेरे पीछे-पीछे मेरे कार्यस्थल तक आते हैं और गेट के पास इंतजार करते हैं। मैंने देखा है कि एक ही वाहन कई बार मेरे ऑटो-रिक्शा का पीछा कर रहा है। इस निरंतर अनुसरण ने मुझे अपनी सुरक्षा के लिए अत्यधिक चिंतित और भयभीत कर दिया है। मैं पुलिस से जांच करने और इस व्यक्ति को मेरा पीछा करने से रोकने का अनुरोध करता हूं। मैं उस व्यक्ति की पहचान करने और जरूरत पड़ने पर और विवरण प्रदान करने को तैयार हूं।",स्टॉकिंग,वाशी अपना पड़ोसी पीछा जाना संबंध शिकायत दर्ज चाहना । तारीख बाद व्यक्ति लगभग हर दिन पीछा रहना । पिछला हफ्ता व्यक्ति अपना घर बाहर फिर इंतजार होना देखाना पीछे पीछे कार्यस्थल आना गेट पास इंतजार । देखना कि ही वाहन कई बार ऑटो रिक्शा पीछा रहना । निरन्तर अनुसरण ने अपना सुरक्षा अत्यधिक चिंतित भयभीत देना । पुलिस जांच व्यक्ति पीछा रोकना अनुरोध । व्यक्ति पहचान जरूरत पड़ना विवरण प्रदान तैयार ।
"एक व्यक्ति, जिसकी पहचान लड़कों के एक समूह के रूप में की गई है, पिछले दो सप्ताह से मेरा पीछा कर रहा है। कॉलेज जाते समय वे मेरे कॉलेज के गेट के पास खड़े होकर मुझे देखते दिखे। मेरे कई बार मना करने के बाद भी वे बार-बार मुझसे बात करने की कोशिश करते हैं। मेरे दोस्तों ने भी देखा है कि यह व्यक्ति अलग-अलग दिनों में मेरा पीछा कर रहा है। ऐसा लगता है कि यह व्यक्ति मेरी दिनचर्या जानता है, जो बहुत चिंताजनक है। मुझे डर है कि अगर इसे नहीं रोका गया तो यह और भी खतरनाक रूप ले सकता है। मेरा अनुरोध है कि इस व्यक्ति के खिलाफ तुरंत सख्त कार्रवाई की जाए।' कृपया मेरी सुरक्षा सुनिश्चित करने के लिए अगले कदमों पर मेरा मार्गदर्शन करें।",स्टॉकिंग,व्यक्ति जो पहचान लड़का समूह रूप जाना पिछला दो सप्ताह पीछा रहना । कॉलेज जाना समय कॉलेज गेट पास खड़ा होना देखना दिखे।ना कई बार मना बाद बार बार बात कोशिश । दोस्त ने देखना कि व्यक्ति अलग अलग दिन पीछा रहना । ऐसा लगना कि व्यक्ति दिनचर्या जानना जो बहुत चिंताजनक । डर कि अगर नहीं रोकना जाना खतरनाक रूप लेना सकना । अनुरोध कि व्यक्ति खिलाफ तुरंत सख्त कार्रवाई जाना । कृपया सुरक्षा सुनिश्चित अगला कदम मार्गदर्शन ।
"मैं बानेर में पास के एक दुकानदार द्वारा लगातार किए जा रहे उत्पीड़न की रिपोर्ट करना चाहती हूं। यह पिछले एक महीने से शुरू हुआ और तब से बंद नहीं हुआ है. पास का एक दुकानदार दूसरों के सामने मेरे बारे में अपमानजनक टिप्पणियाँ करता रहता है। पिछले हफ्ते इस शख्स ने मेरे घर के पास फिर मेरे साथ बदतमीजी की. मैंने उनसे विनम्रतापूर्वक रुकने के लिए कहा, लेकिन वे मुझे परेशान करते रहे। इससे मेरी मानसिक शांति प्रभावित हो रही है और मुझे अकेले बाहर निकलने में डर लगता है।' मैं पुलिस से जिम्मेदार व्यक्ति के खिलाफ सख्त कार्रवाई करने का अनुरोध करता हूं।' मैं जांच के लिए आवश्यक कोई भी अतिरिक्त विवरण प्रदान करने के लिए तैयार हूं।",उत्पीड़न,बानेर पास दुकानदार लगातार जाना रहना उत्पीडन रिपोर्ट चाहना । पिछला महीना शुरू होना तब बंद नहीं होना पास दुकानदार दूसरा सामने बारे अपमानजनक टिप्पणी रहना । पिछला हफ्ता शख्स ने घर पास फिर साथ बदतमीजी विनम्रतापूर्वक रुकना कहना लेकिन परेशान रहना । मानसिक शान्ति प्रभावित होना रहना अकेला बाहर निकलना डर लगना । पुलिस जिम्मेदार व्यक्ति खिलाफ सख्त कार्रवाई अनुरोध । जांच आवश्यक कोई अतिरिक्त विवरण प्रदान तैयार ।
"मैं रिपोर्ट करना चाहता हूं कि एक अजनबी इंस्टाग्राम का उपयोग करके मुझे ब्लैकमेल कर रहा है। चूंकि पिछले एक महीने से यह शख्स मेरी निजी तस्वीरें और जानकारी लीक करने की धमकी दे रहा है। वे रुपये की मांग कर रहे हैं. सामग्री को सार्वजनिक न करने के बदले में 35,000 रु. मैंने पैसे देने से इनकार कर दिया है, जिसके बाद धमकियां और भी बढ़ गई हैं. इस ब्लैकमेल से मुझे गंभीर मानसिक तनाव और सामाजिक शर्मिंदगी का डर सता रहा है। मैंने सभी चैट वार्तालाप और स्क्रीनशॉट को साक्ष्य के रूप में सहेजा है। मैं साइबर अपराध विभाग से जांच करने और सख्त कार्रवाई करने का अनुरोध करता हूं।' मैं यह सुनिश्चित करने के लिए पूरा सहयोग करने को तैयार हूं कि इस व्यक्ति को जवाबदेह ठहराया जाए।",ब्लैकमेल,रिपोर्ट चाहना कि अजनबी इंस्टाग्राम उपयोग ब्लैकमेल रहना । चूंकि पिछला महीना शख्स निजी तस्वीर जानकारी लीक धमकी देना रहना । रुपया मांग रहना सामग्री सार्वजनिक न बदले रु पैसा देना इनकार देना जो बाद धमकी बढ़ना जाना ब्लैकमेल गंभीर मानसिक तनाव सामाजिक शर्मिंदगी डर सताना रहना । सभी चैट वार्तालाप स्क्रीनशॉट साक्ष्य रूप सहेजना । साइबर अपराध विभाग जांच सख्त कार्रवाई अनुरोध । सुनिश्चित पूरा सहयोग तैयार कि व्यक्ति जवाबदेह ठहराना जाना ।
"मैं रिपोर्ट करना चाहता हूं कि मुझे चिंचवड़ में एक अज्ञात व्यक्ति से गंभीर धमकियां मिली हैं। पिछले दो सप्ताह से यह व्यक्ति मुझे और मेरे परिवार को नुकसान पहुंचाने की धमकी दे रहा है। अगर मैंने उनकी मांगें नहीं मानी तो उन्होंने मुझे गंभीर परिणाम भुगतने की चेतावनी दी है। धमकियाँ व्यक्तिगत रूप से और फोन कॉल दोनों पर दी गई हैं। मैं इन धमकियों के कारण अपने परिवार की सुरक्षा को लेकर बेहद चिंतित हूं।' मैंने उनकी किसी भी मांग का जवाब नहीं दिया, जिससे उनका गुस्सा और बढ़ गया है.' मैं पुलिस सुरक्षा और मुझे धमकी देने वाले व्यक्ति के खिलाफ तत्काल कार्रवाई का अनुरोध करता हूं। मैं इस शिकायत के समर्थन में कॉल रिकॉर्डिंग और गवाह विवरण प्रदान कर सकता हूं।",धमकी,रिपोर्ट चाहना कि चिंचवड़ अज्ञात व्यक्ति गंभीर धमकी मिलना । पिछला दो सप्ताह व्यक्ति परिवार नुकसान पहुंचाना धमकी देना रहना । अगर मांगें नहीं मानना गंभीर परिणाम भुगतना चेतावनी देना । धमकी व्यक्तिगत रूप फोन कॉल दो देना जाना । धमकी कारण अपना परिवार सुरक्षा लेना बेहद चिंतित । कोई मांग जवाब नहीं देना जो गुस्सा बढ़ना जाना पुलिस सुरक्षा धमकी देना वाला व्यक्ति खिलाफ तत्काल कार्रवाई अनुरोध । शिकायत समर्थन कॉल रिकॉर्डिंग गवाह विवरण प्रदान सकना ।
"मैं नासिक रोड में टूटी हुई स्ट्रीट लाइट और क्षतिग्रस्त फुटपाथ की रिपोर्ट करना चाहता हूं जिससे सुरक्षा संबंधी समस्याएं पैदा हो रही हैं। बिना किसी मरम्मत कार्य के यह समस्या 15 जुलाई से बनी हुई है। इस इलाके में बुजुर्गों और बच्चों को सुरक्षित चलने में काफी दिक्कत होती है। बारिश के दौरान इलाके में पानी भर जाता है, जिससे गिरने का खतरा बढ़ जाता है। यहां लोगों के फिसलने और घायल होने की कुछ घटनाएं हो चुकी हैं। मैं अन्य निवासियों के साथ इस सार्वजनिक बुनियादी ढांचे की तत्काल मरम्मत का अनुरोध करता हूं। इससे रोजाना गुजरने वाले राहगीरों और वाहनों को लगातार खतरा बना हुआ है। मैं इस मामले को सुलझाने के लिए नगर निगम अधिकारियों से त्वरित कार्रवाई का अनुरोध करता हूं।",सार्वजनिक सुरक्षा,नासिक रोड टूटी होना स्ट्रीट लाइट क्षतिग्रस्त फुटपाथ रिपोर्ट चाहना जो सुरक्षा संबंधी समस्या पैदा होना रहना । बिना कोई मरम्मत कार्य समस्या जुलाई बनना होना । इलाका बुजुर्ग बच्चा सुरक्षित चलना काफी दिक्कत होना । बारिश दौरान इलाका पानी भरना जाना जो गिरना खतरा बढ़ना जाना । यहाँ लोग फिसलना घायल होना कुछ घटना होना चुकना । अन्य निवासी साथ सार्वजनिक बुनियादी ढांचा तत्काल मरम्मत अनुरोध । रोजाना गुजरना वाला राहगीर वाहन लगातार खतरा बनना होना । मामला सुलझाना नगर निगम अधिकारी त्वरित कार्रवाई अनुरोध ।
"मैं चिंचवड़ में शोर और उपद्रव के संबंध में एक सामान्य सुरक्षा शिकायत दर्ज करना चाहता हूं। 18 तारीख को, पास का एक प्रतिष्ठान अनुमत समय से अधिक जोर-शोर से काम कर रहा था। इससे आस-पड़ोस की शांति भंग हो गई है, विशेषकर बुजुर्ग निवासियों और बच्चों के लिए। मालिकों से शोर कम करने के बार-बार अनुरोध को नजरअंदाज कर दिया गया है। सप्ताहांत पर स्थिति और भी गंभीर हो जाती है जब अशांति देर रात तक जारी रहती है। इस मुद्दे को स्थानीय अधिकारियों के सामने उठाने के लिए कई पड़ोसी एकजुट हुए हैं। मैं यह सुनिश्चित करने के लिए आवश्यक कार्रवाई का अनुरोध करता हूं कि शोर के स्तर को नियंत्रण में लाया जाए। कृपया निवासियों की भलाई के लिए इस मामले पर जल्द से जल्द ध्यान दें।",अन्य,चिंचवड शोर उपद्रव संबंध सामान्य सुरक्षा शिकायत दर्ज चाहना । तारीख पास प्रतिष्ठान अनुमत समय अधिक जोर शोर काम रहना । आस पडोस शान्ति भंग होना जाना विशेषकर बुजुर्ग निवासी बच्चा । मालिक शोर कम बार बार अनुरोध नजरअंदाज देना जाना । सप्ताहांत स्थिति गंभीर होना जाना जब अशान्ति देर रात जारी रहना । मुद्दा स्थानीय अधिकारी सामने उठाना कई पड़ोसी एकजुट होना । सुनिश्चित आवश्यक कार्रवाई अनुरोध कि शोर स्तर नियंत्रण लाना जाना । कृपया निवासी भलाई मामला जल्द जल्द ध्यान देना ।
"मैं वाशी बस स्टॉप के पास हुई एक छेड़छाड़ की घटना की रिपोर्ट कर रहा हूं। पिछले हफ्ते, लड़कों के एक समूह ने मुझे छेड़ना और भद्दी टिप्पणियाँ करना शुरू कर दिया। उन्होंने मेरी अनुमति के बिना मेरी तस्वीरें खींचने की भी कोशिश की. मैंने उनका विरोध किया, लेकिन उन्होंने इसे हंसी में उड़ा दिया और अपना व्यवहार जारी रखा। यह पहली बार नहीं है जब इस स्थान पर ऐसी घटनाएं हुई हैं। इसी ग्रुप के बारे में कई अन्य लड़कियों ने अनौपचारिक रूप से शिकायत की है. मैं महिलाओं की सुरक्षा सुनिश्चित करने के लिए सख्त कार्रवाई और नियमित पुलिस उपस्थिति का अनुरोध करता हूं। यदि व्यक्तियों का पता लगाया जाता है तो मैं पहचान में सहायता करने को तैयार हूं।",ईव टीज़िंग,वाशी बस स्टॉप पास होना छेडछाड घटना रिपोर्ट रहना । पिछला हफ्ता लड़का समूह ने छेड़ना भद्दी टिप्पणी शुरू देना । अनुमति बिना तस्वीर खींचना कोशिश विरोध लेकिन हँसी उड़ाना देना अपना व्यवहार जारी रखना । पहला बार नहीं जब स्थान ऐसा घटना होना । ग्रुप बारे कई अन्य लड़की ने अनौपचारिक रूप शिकायत महिला सुरक्षा सुनिश्चित सख्त कार्रवाई नियमित पुलिस उपस्थिति अनुरोध । यदि व्यक्ति पता लगाना जाना पहचान सहायता तैयार ।
"मैं कैंप क्षेत्र में अपने कार्यस्थल पर एक वरिष्ठ द्वारा लगातार किए जा रहे उत्पीड़न की रिपोर्ट करना चाहती हूं। यह पिछले महीने की 10 तारीख को शुरू हुआ और तब से बंद नहीं हुआ है। मेरे कार्यस्थल पर एक वरिष्ठ दूसरों के सामने मेरे बारे में अपमानजनक टिप्पणियाँ करता रहता है। आज सुबह करीब 8 बजे मेरे घर के पास इस शख्स ने फिर मेरे साथ बदसलूकी की. मैंने उनसे विनम्रतापूर्वक रुकने के लिए कहा, लेकिन वे मुझे परेशान करते रहे। इससे मेरी मानसिक शांति प्रभावित हो रही है और मुझे अकेले बाहर निकलने में डर लगता है।' मैं पुलिस से जिम्मेदार व्यक्ति के खिलाफ सख्त कार्रवाई करने का अनुरोध करता हूं।' मैं जांच के लिए आवश्यक कोई भी अतिरिक्त विवरण प्रदान करने के लिए तैयार हूं।",उत्पीड़न,कैंप क्षेत्र अपना कार्यस्थल वरिष्ठ लगातार जाना रहना उत्पीडन रिपोर्ट चाहना । पिछला महीना तारीख शुरू होना तब बंद नहीं होना । कार्यस्थल वरिष्ठ दूसरा सामने बारे अपमानजनक टिप्पणी रहना । आज सुबह करीब बजे घर पास शख्स ने फिर साथ बदसलूकी विनम्रतापूर्वक रुकना कहना लेकिन परेशान रहना । मानसिक शान्ति प्रभावित होना रहना अकेला बाहर निकलना डर लगना । पुलिस जिम्मेदार व्यक्ति खिलाफ सख्त कार्रवाई अनुरोध । जांच आवश्यक कोई अतिरिक्त विवरण प्रदान तैयार ।
"मैं रिपोर्ट करना चाहती हूं कि मुझे स्नैपचैट के जरिए ऑनलाइन परेशान किया जा रहा है। एक अज्ञात यूजर 2 अगस्त से मुझे अपमानजनक और धमकी भरे संदेश भेज रहा है। उन्होंने मेरी सहमति के बिना मेरी तस्वीरों का उपयोग करके एक फर्जी प्रोफ़ाइल भी बनाई है। यह व्यक्ति मेरे दोस्तों और रिश्तेदारों को मेरे बारे में आपत्तिजनक सामग्री वाले संदेश भेज रहा है। मैंने खाते को ब्लॉक करने का प्रयास किया है, लेकिन नए नकली खाते सामने आते रहते हैं। इस ऑनलाइन उत्पीड़न के कारण मुझे बहुत तनाव और शर्मिंदगी उठानी पड़ रही है। मैं साइबर क्राइम सेल से अनुरोध करता हूं कि खाते का पता लगाया जाए और सख्त कार्रवाई की जाए। मैं उत्पीड़न के सबूत के रूप में स्क्रीनशॉट और चैट इतिहास साझा कर सकता हूं।",साइबर उत्पीड़न,रिपोर्ट चाहना कि स्नैपचैट जरिये ऑनलाइन परेशान जाना रहना । अज्ञात यूजर अगस्त अपमानजनक धमकी भरना संदेश भेजना रहना । सहमति बिना तस्वीर उपयोग फर्जी प्रोफाइल बनाना । व्यक्ति दोस्त रिश्तेदार बारे आपत्तिजनक सामग्री वाला संदेश भेजना रहना । खाता ब्लॉक प्रयास लेकिन नया नकली खाता सामने आना रहना । ऑनलाइन उत्पीडन कारण बहुत तनाव शर्मिंदगी उठाना पड़ना रहना । साइबर क्राइम सेल अनुरोध कि खाता पता लगाना जाना सख्त कार्रवाई जाना । उत्पीडन सबूत रूप स्क्रीनशॉट चैट इतिहास साझा सकना ।
"मैं रिपोर्ट करना चाहती हूं कि मेरा पूर्व पति एक अज्ञात फोन नंबर का उपयोग करके मुझे ब्लैकमेल कर रहा है। चूंकि पिछले एक महीने से यह शख्स मेरी निजी तस्वीरें और जानकारी लीक करने की धमकी दे रहा है। वे रुपये की मांग कर रहे हैं. सामग्री को सार्वजनिक न करने के बदले में 20,000 रु. मैंने पैसे देने से इनकार कर दिया है, जिसके बाद धमकियां और भी बढ़ गई हैं. इस ब्लैकमेल से मुझे गंभीर मानसिक तनाव और सामाजिक शर्मिंदगी का डर सता रहा है। मैंने सभी चैट वार्तालाप और स्क्रीनशॉट को साक्ष्य के रूप में सहेजा है। मैं साइबर अपराध विभाग से जांच करने और सख्त कार्रवाई करने का अनुरोध करता हूं।' मैं यह सुनिश्चित करने के लिए पूरा सहयोग करने को तैयार हूं कि इस व्यक्ति को जवाबदेह ठहराया जाए।",ब्लैकमेल,रिपोर्ट चाहना कि पूर्व पति अज्ञात फोन नंबर उपयोग ब्लैकमेल रहना । चूंकि पिछला महीना शख्स निजी तस्वीर जानकारी लीक धमकी देना रहना । रुपया मांग रहना सामग्री सार्वजनिक न बदले रु पैसा देना इनकार देना जो बाद धमकी बढ़ना जाना ब्लैकमेल गंभीर मानसिक तनाव सामाजिक शर्मिंदगी डर सताना रहना । सभी चैट वार्तालाप स्क्रीनशॉट साक्ष्य रूप सहेजना । साइबर अपराध विभाग जांच सख्त कार्रवाई अनुरोध । सुनिश्चित पूरा सहयोग तैयार कि व्यक्ति जवाबदेह ठहराना जाना ।
"मुझे मेरे सहकर्मी द्वारा ब्लैकमेल किया जा रहा है जो मेरे बारे में निजी जानकारी उजागर करने की धमकी दे रहा है। इस महीने की 3 तारीख को व्हाट्सएप पर संदेशों के जरिए ब्लैकमेल की कोशिशें शुरू हुईं। वे रुपये मांग रहे हैं. 8,000 ऐसा न करने पर वे मुझे सार्वजनिक रूप से बदनाम करने की धमकी देते हैं। मैंने अब तक उनकी कोई भी मांग नहीं मानी है।' लगातार मिल रही इन धमकियों से मानसिक दबाव असहनीय होता जा रहा है। मैंने इस मामले से जुड़े सभी मैसेज और कॉल का रिकॉर्ड रखा है.' मैं इस ब्लैकमेल को रोकने और मेरी गोपनीयता की रक्षा के लिए तत्काल कार्रवाई का अनुरोध करता हूं। कृपया सलाह दें कि मैं इस व्यक्ति के खिलाफ क्या कानूनी कदम उठा सकता हूं।",ब्लैकमेल,सहकर्मी ब्लैकमेल जाना रहना जो बारे निजी जानकारी उजागर धमकी देना रहना । महीना तारीख व्हाट्सएप संदेश जरिये ब्लैकमेल कोशिश शुरू होना । रुपया मांगना रहना ऐसा न सार्वजनिक रूप बदनाम धमकी देना । अब कोई मांग नहीं मानना । लगातार मिलना रहना धमकी मानसिक दबाव असहनीय होना जाना रहना । मामला जुडना सभी मैसेज कॉल रिकॉर्ड रखना ब्लैकमेल रोकना गोपनीयता रक्षा तत्काल कार्रवाई अनुरोध । कृपया सलाह देना कि व्यक्ति खिलाफ क्या कानूनी कदम उठाना सकना ।
"मैं दादर बस स्टॉप के पास हुई एक छेड़छाड़ की घटना की रिपोर्ट कर रहा हूं। कल शाम को एक अनजान आदमी मुझे छेड़ने लगा और भद्दे कमेंट करने लगा. उन्होंने मेरी अनुमति के बिना मेरी तस्वीरें खींचने की भी कोशिश की. मैंने उनका विरोध किया, लेकिन उन्होंने इसे हंसी में उड़ा दिया और अपना व्यवहार जारी रखा। यह पहली बार नहीं है जब इस स्थान पर ऐसी घटनाएं हुई हैं। इसी ग्रुप के बारे में कई अन्य लड़कियों ने अनौपचारिक रूप से शिकायत की है. मैं महिलाओं की सुरक्षा सुनिश्चित करने के लिए सख्त कार्रवाई और नियमित पुलिस उपस्थिति का अनुरोध करता हूं। यदि व्यक्तियों का पता लगाया जाता है तो मैं पहचान में सहायता करने को तैयार हूं।",ईव टीज़िंग,दादर बस स्टॉप पास होना छेडछाड घटना रिपोर्ट रहना । कल शाम अनजान आदमी छेडना लगाना भद्दा कमेंट लगाना अनुमति बिना तस्वीर खींचना कोशिश विरोध लेकिन हँसी उड़ाना देना अपना व्यवहार जारी रखना । पहला बार नहीं जब स्थान ऐसा घटना होना । ग्रुप बारे कई अन्य लड़की ने अनौपचारिक रूप शिकायत महिला सुरक्षा सुनिश्चित सख्त कार्रवाई नियमित पुलिस उपस्थिति अनुरोध । यदि व्यक्ति पता लगाना जाना पहचान सहायता तैयार ।
"फर्जी ईमेल आईडी पर कोई मुझे बार-बार अनुचित संदेश और टिप्पणियां भेज रहा है। यह उत्पीड़न पिछले शुक्रवार को शुरू हुआ और हाल ही में इसकी आवृत्ति में वृद्धि हुई है। उस व्यक्ति ने मेरे सार्वजनिक पोस्ट पर भी अश्लील टिप्पणी की है.' मैंने उन्हें समझाने की कोशिश की, लेकिन उन्होंने और भी अश्लील संदेश जारी रखे। उन्होंने मेरे दोस्तों और परिवार को भी शर्मनाक और झूठे पोस्ट में टैग किया। मैं बेहद परेशान हूं और अब शांति से सोशल मीडिया का इस्तेमाल नहीं कर पा रहा हूं।' मेरा अनुरोध है कि खाते का पता लगाया जाए और उचित कार्रवाई की जाए। मैं अपनी शिकायत के समर्थन में आवश्यक स्क्रीनशॉट संलग्न कर रहा हूं।",साइबर उत्पीड़न,फर्जी ईमेल आईडी कोई बार बार अनुचित संदेश टिप्पणी भेजना रहना । उत्पीडन पिछला शुक्रवार शुरू होना हाल ही आवृत्ति वृद्धि होना । व्यक्ति ने सार्वजनिक पोस्ट अश्लील टिप्पणी समझाना कोशिश लेकिन अश्लील संदेश जारी रखना । दोस्त परिवार शर्मनाक झूठा पोस्ट टैग । बेहद परेशान अब शान्ति सोशल मीडिया इस्तेमाल नहीं पाना रहना । अनुरोध कि खाता पता लगाना जाना उचित कार्रवाई जाना । अपना शिकायत समर्थन आवश्यक स्क्रीनशॉट संलग्न रहना ।
"एक व्यक्ति, जिसकी पहचान मेरे सहपाठी के रूप में हुई है, पिछले दो सप्ताह से मेरा पीछा कर रहा है। कल रात करीब 9 बजे वे मेरे कॉलेज के गेट के पास खड़े होकर मुझे देखते दिखे। मेरे कई बार मना करने के बाद भी वे बार-बार मुझसे बात करने की कोशिश करते हैं। मेरे दोस्तों ने भी देखा है कि यह व्यक्ति अलग-अलग दिनों में मेरा पीछा कर रहा है। ऐसा लगता है कि यह व्यक्ति मेरी दिनचर्या जानता है, जो बहुत चिंताजनक है। मुझे डर है कि अगर इसे नहीं रोका गया तो यह और भी खतरनाक रूप ले सकता है। मेरा अनुरोध है कि इस व्यक्ति के खिलाफ तुरंत सख्त कार्रवाई की जाए।' कृपया मेरी सुरक्षा सुनिश्चित करने के लिए अगले कदमों पर मेरा मार्गदर्शन करें।",स्टॉकिंग,व्यक्ति जो पहचान सहपाठी रूप होना पिछला दो सप्ताह पीछा रहना । कल रात करीब बजे कॉलेज गेट पास खड़ा होना देखना दिखे।ना कई बार मना बाद बार बार बात कोशिश । दोस्त ने देखना कि व्यक्ति अलग अलग दिन पीछा रहना । ऐसा लगना कि व्यक्ति दिनचर्या जानना जो बहुत चिंताजनक । डर कि अगर नहीं रोकना जाना खतरनाक रूप लेना सकना । अनुरोध कि व्यक्ति खिलाफ तुरंत सख्त कार्रवाई जाना । कृपया सुरक्षा सुनिश्चित अगला कदम मार्गदर्शन ।
"फर्जी ईमेल आईडी पर कोई मुझे बार-बार अनुचित संदेश और टिप्पणियां भेज रहा है। यह उत्पीड़न पिछले दो सप्ताह से शुरू हुआ और हाल ही में इसकी आवृत्ति में वृद्धि हुई है। उस व्यक्ति ने मेरे सार्वजनिक पोस्ट पर भी अश्लील टिप्पणी की है.' मैंने उन्हें समझाने की कोशिश की, लेकिन उन्होंने और भी अश्लील संदेश जारी रखे। उन्होंने मेरे दोस्तों और परिवार को भी शर्मनाक और झूठे पोस्ट में टैग किया। मैं बेहद परेशान हूं और अब शांति से सोशल मीडिया का इस्तेमाल नहीं कर पा रहा हूं।' मेरा अनुरोध है कि खाते का पता लगाया जाए और उचित कार्रवाई की जाए। मैं अपनी शिकायत के समर्थन में आवश्यक स्क्रीनशॉट संलग्न कर रहा हूं।",साइबर उत्पीड़न,फर्जी ईमेल आईडी कोई बार बार अनुचित संदेश टिप्पणी भेजना रहना । उत्पीडन पिछला दो सप्ताह शुरू होना हाल ही आवृत्ति वृद्धि होना । व्यक्ति ने सार्वजनिक पोस्ट अश्लील टिप्पणी समझाना कोशिश लेकिन अश्लील संदेश जारी रखना । दोस्त परिवार शर्मनाक झूठा पोस्ट टैग । बेहद परेशान अब शान्ति सोशल मीडिया इस्तेमाल नहीं पाना रहना । अनुरोध कि खाता पता लगाना जाना उचित कार्रवाई जाना । अपना शिकायत समर्थन आवश्यक स्क्रीनशॉट संलग्न रहना ।
"मैं कैंप क्षेत्र में अपने आवास पर अपने पति द्वारा झेली जा रही घरेलू हिंसा की रिपोर्ट करना चाहती हूं। शारीरिक और मानसिक शोषण इस महीने की 3 तारीख से भी जारी है। छोटी-छोटी घरेलू बातों पर अक्सर मुझे पीटा जाता है और गाली-गलौज की जाती है। उन्होंने मुझे बिना किसी सहारे के घर से बाहर निकाल देने की धमकी भी दी है. मेरे बच्चों ने ये घटनाएं देखी हैं, जिसका उन पर बुरा असर पड़ा है.' मैंने इसे शांतिपूर्ण तरीके से सुलझाने की कोशिश की है, लेकिन दुर्व्यवहार बढ़ता ही जा रहा है। मैं इस दुरुपयोग के लिए जिम्मेदार लोगों के खिलाफ सुरक्षा और कानूनी कार्रवाई का अनुरोध करता हूं। यदि आवश्यक हुआ तो मैं मेडिकल रिकॉर्ड और गवाहों के बयान उपलब्ध कराने के लिए तैयार हूं।",घरेलू हिंसा,कैंप क्षेत्र अपना आवास अपना पति झेलना जाना रहना घरेलू हिंसा रिपोर्ट चाहना । शारीरिक मानसिक शोषण महीना तारीख जारी । छोटा छोटा घरेलू बात अक्सर पीटना जाना गाली गलौज जाना । बिना कोई सहारा घर बाहर निकालना देना धमकी देना बच्चा ने घटना देखना जो बुरा असर पड़ना शांतिपूर्ण तरीका सुलझाना कोशिश लेकिन दुर्व्यवहार बढना ही जाना रहना । दुरुपयोग जिम्मेदार लोग खिलाफ सुरक्षा कानूनी कार्रवाई अनुरोध । यदि आवश्यक होना मेडिकल रिकॉर्ड गवाह बयान उपलब्ध कराना तैयार ।
"मैं बानेर में सड़कों की स्थिति के संबंध में सार्वजनिक सुरक्षा चिंता उठाना चाहता हूं। मुख्य सड़क के पास एक खुला मैनहोल है जिसे पिछले शुक्रवार से खोल दिया गया है। इस स्थान पर पहले भी कई दोपहिया वाहन चालक छोटी-मोटी दुर्घटना का शिकार हो चुके हैं। खतरनाक क्षेत्र के आसपास कोई चेतावनी संकेत या बैरिकेड्स नहीं लगाए गए हैं। रात के समय खराब स्ट्रीट लाइट के कारण हादसों का खतरा और भी बढ़ जाता है। स्थानीय निवासी पहले भी यह मुद्दा उठा चुके हैं, लेकिन कोई कार्रवाई नहीं हुई। मैं संबंधित अधिकारियों से मैनहोल की मरम्मत करने और उचित रोशनी सुनिश्चित करने का अनुरोध करता हूं। यह एक गंभीर सार्वजनिक सुरक्षा ख़तरा है जिस पर तत्काल ध्यान देने की आवश्यकता है।",सार्वजनिक सुरक्षा,बानेर सड़क स्थिति संबंध सार्वजनिक सुरक्षा चिंता उठाना चाहना । मुख्य सड़क पास खुला मैनहोल जो पिछला शुक्रवार खोलना देना जाना । स्थान पहले कई दोपहिया वाहन चालक छोटा मोटा दुर्घटना शिकार होना चुकना । खतरनाक क्षेत्र आसपास कोई चेतावनी संकेत बैरिकेड्स नहीं लगाना जाना । रात समय खराब स्ट्रीट लाइट कारण हादसा खतरा बढ़ना जाना । स्थानीय निवासी पहले मुद्दा उठाना चुकना लेकिन कोई कार्रवाई नहीं होना । संबंधित अधिकारी मैनहोल मरम्मत उचित रोशनी सुनिश्चित अनुरोध । गंभीर सार्वजनिक सुरक्षा खतरा जो तत्काल ध्यान देना आवश्यकता ।
"एक व्यक्ति, जिसकी पहचान अज्ञात व्यक्ति के रूप में की गई है, पिछले एक महीने से मेरा पीछा कर रहा है। जब मैं बाज़ार से वापस आ रही थी तो वे मेरे कॉलेज के गेट के पास खड़े होकर मुझे देखते दिखे। मेरे कई बार मना करने के बाद भी वे बार-बार मुझसे बात करने की कोशिश करते हैं। मेरे दोस्तों ने भी देखा है कि यह व्यक्ति अलग-अलग दिनों में मेरा पीछा कर रहा है। ऐसा लगता है कि यह व्यक्ति मेरी दिनचर्या जानता है, जो बहुत चिंताजनक है। मुझे डर है कि अगर इसे नहीं रोका गया तो यह और भी खतरनाक रूप ले सकता है। मेरा अनुरोध है कि इस व्यक्ति के खिलाफ तुरंत सख्त कार्रवाई की जाए।' कृपया मेरी सुरक्षा सुनिश्चित करने के लिए अगले कदमों पर मेरा मार्गदर्शन करें।",स्टॉकिंग,व्यक्ति जो पहचान अज्ञात व्यक्ति रूप जाना पिछला महीना पीछा रहना । जब बाजार वापस आना रहना कॉलेज गेट पास खड़ा होना देखना दिखे।ना कई बार मना बाद बार बार बात कोशिश । दोस्त ने देखना कि व्यक्ति अलग अलग दिन पीछा रहना । ऐसा लगना कि व्यक्ति दिनचर्या जानना जो बहुत चिंताजनक । डर कि अगर नहीं रोकना जाना खतरनाक रूप लेना सकना । अनुरोध कि व्यक्ति खिलाफ तुरंत सख्त कार्रवाई जाना । कृपया सुरक्षा सुनिश्चित अगला कदम मार्गदर्शन ।
"एक व्यक्ति, जिसकी पहचान पास के दुकानदार के रूप में की गई है, 18 तारीख से मेरा पीछा कर रहा है। आज सुबह-सुबह वे मेरे कॉलेज के गेट के पास खड़े होकर मुझे देखते दिखे। मेरे कई बार मना करने के बाद भी वे बार-बार मुझसे बात करने की कोशिश करते हैं। मेरे दोस्तों ने भी देखा है कि यह व्यक्ति अलग-अलग दिनों में मेरा पीछा कर रहा है। ऐसा लगता है कि यह व्यक्ति मेरी दिनचर्या जानता है, जो बहुत चिंताजनक है। मुझे डर है कि अगर इसे नहीं रोका गया तो यह और भी खतरनाक रूप ले सकता है। मेरा अनुरोध है कि इस व्यक्ति के खिलाफ तुरंत सख्त कार्रवाई की जाए।' कृपया मेरी सुरक्षा सुनिश्चित करने के लिए अगले कदमों पर मेरा मार्गदर्शन करें।",स्टॉकिंग,व्यक्ति जो पहचान पास दुकानदार रूप जाना तारीख पीछा रहना । आज सुबह सुबह कॉलेज गेट पास खड़ा होना देखना दिखे।ना कई बार मना बाद बार बार बात कोशिश । दोस्त ने देखना कि व्यक्ति अलग अलग दिन पीछा रहना । ऐसा लगना कि व्यक्ति दिनचर्या जानना जो बहुत चिंताजनक । डर कि अगर नहीं रोकना जाना खतरनाक रूप लेना सकना । अनुरोध कि व्यक्ति खिलाफ तुरंत सख्त कार्रवाई जाना । कृपया सुरक्षा सुनिश्चित अगला कदम मार्गदर्शन ।
"मैं नासिक रोड बस स्टॉप के पास हुई एक छेड़छाड़ की घटना की रिपोर्ट कर रहा हूं। जब मैं बाजार से वापस आ रही थी तो बस स्टॉप पर एक आदमी ने मुझे छेड़ना शुरू कर दिया और भद्दे कमेंट करने लगा। उन्होंने मेरी अनुमति के बिना मेरी तस्वीरें खींचने की भी कोशिश की. मैंने उनका विरोध किया, लेकिन उन्होंने इसे हंसी में उड़ा दिया और अपना व्यवहार जारी रखा। यह पहली बार नहीं है जब इस स्थान पर ऐसी घटनाएं हुई हैं। इसी ग्रुप के बारे में कई अन्य लड़कियों ने अनौपचारिक रूप से शिकायत की है. मैं महिलाओं की सुरक्षा सुनिश्चित करने के लिए सख्त कार्रवाई और नियमित पुलिस उपस्थिति का अनुरोध करता हूं। यदि व्यक्तियों का पता लगाया जाता है तो मैं पहचान में सहायता करने को तैयार हूं।",ईव टीज़िंग,नासिक रोड बस स्टॉप पास होना छेडछाड घटना रिपोर्ट रहना । जब बाजार वापस आना रहना बस स्टॉप आदमी ने छेड़ना शुरू देना भद्दा कमेंट लगाना । अनुमति बिना तस्वीर खींचना कोशिश विरोध लेकिन हँसी उड़ाना देना अपना व्यवहार जारी रखना । पहला बार नहीं जब स्थान ऐसा घटना होना । ग्रुप बारे कई अन्य लड़की ने अनौपचारिक रूप शिकायत महिला सुरक्षा सुनिश्चित सख्त कार्रवाई नियमित पुलिस उपस्थिति अनुरोध । यदि व्यक्ति पता लगाना जाना पहचान सहायता तैयार ।
मैं घर में लगातार घरेलू दुर्व्यवहार के लिए अपने पति और उनके परिवार के खिलाफ यह शिकायत दर्ज कर रही हूं। 2 अगस्त से मुझे शारीरिक उत्पीड़न और उत्पीड़न का शिकार होना पड़ रहा है। मुझे बुनियादी ज़रूरतों से भी वंचित कर दिया जाता है और बिना कारण घर तक सीमित कर दिया जाता है। जब भी मैं बोलने की कोशिश करता हूं तो बार-बार हिंसा की धमकियां मिलती रहती हैं। मेरे रिश्तेदार स्थिति से अवगत हैं और दुर्व्यवहार की गवाही दे सकते हैं। मुझे अपनी सुरक्षा और मेरे साथ रहने वाले मेरे बच्चों की सुरक्षा का डर है। मैं कानून के तहत तत्काल सुरक्षा और उचित कानूनी कार्रवाई का अनुरोध करता हूं। कृपया मेरी स्थिति के लिए उपलब्ध आश्रय और कानूनी सहायता के संबंध में मेरा मार्गदर्शन करें।,घरेलू हिंसा,घर लगातार घरेलू दुर्व्यवहार अपना पति परिवार खिलाफ शिकायत दर्ज रहना । अगस्त शारीरिक उत्पीडन उत्पीडन शिकार होना पड़ना रहना । बुनियादी ज़रूरत वंचित देना जाना बिना कारण घर सीमित देना जाना । जब बोलना कोशिश बार बार हिंसा धमकी मिलना रहना । रिश्तेदार स्थिति अवगत दुर्व्यवहार गवाही देना सकना । अपना सुरक्षा साथ रहना वाला बच्चा सुरक्षा डर । कानून तहत तत्काल सुरक्षा उचित कानूनी कार्रवाई अनुरोध । कृपया स्थिति उपलब्ध आश्रय कानूनी सहायता संबंध मार्गदर्शन ।
"यह चिंचवड़ इलाके में घरेलू इलेक्ट्रॉनिक्स से जुड़ी एक चोरी की घटना की रिपोर्ट है। यह दो दिन पहले हुआ था, जब मैं थोड़ी देर के लिए घटनास्थल से हट गया था। वापस लौटने पर मुझे पता चला कि मेरा सामान कोई अज्ञात व्यक्ति ले गया है। अनुमानित नुकसान लगभग रु. 1,00,000, जो मेरे लिए एक महत्वपूर्ण राशि है। आसपास कुछ लोग भी थे, लेकिन किसी को चोरी होने का पता नहीं चला। मैंने आस-पास की दुकानों और निवासियों से जांच की है, लेकिन अभी तक कोई सुराग नहीं मिला है। मेरा अनुरोध है कि जल्द से जल्द मामला दर्ज किया जाए और जांच की जाए।' मैं जांच प्रक्रिया में पूरा सहयोग करने को तैयार हूं।'",चोरी,चिंचवड़ इलाका घरेलू इलेक्ट्रॉनिक्स जुड़ना चोरी घटना रिपोर्ट । दो दिन पहले होना जब थोड़ा देर घटनास्थल हटना जाना । वापस लौटना पता चलना कि सामान कोई अज्ञात व्यक्ति लेना जाना । अनुमानित नुकसान लगभग रु जो महत्वपूर्ण राशि । आसपास कुछ लोग लेकिन कोई चोरी होना पता नहीं चलना । आस पास दुकान निवासी जांच लेकिन अभी कोई सुराग नहीं मिलना । अनुरोध कि जल्द जल्द मामला दर्ज जाना जांच जाना । जांच प्रक्रिया पूरा सहयोग तैयार ।
"मैं वकाड में टूटी हुई स्ट्रीट लाइट और क्षतिग्रस्त फुटपाथ की रिपोर्ट करना चाहता हूं जिससे सुरक्षा संबंधी समस्याएं पैदा हो रही हैं। यह समस्या पिछले एक माह से बिना किसी मरम्मत कार्य के बनी हुई है। इस इलाके में बुजुर्गों और बच्चों को सुरक्षित चलने में काफी दिक्कत होती है। बारिश के दौरान इलाके में पानी भर जाता है, जिससे गिरने का खतरा बढ़ जाता है। यहां लोगों के फिसलने और घायल होने की कुछ घटनाएं हो चुकी हैं। मैं अन्य निवासियों के साथ इस सार्वजनिक बुनियादी ढांचे की तत्काल मरम्मत का अनुरोध करता हूं। इससे रोजाना गुजरने वाले राहगीरों और वाहनों को लगातार खतरा बना हुआ है। मैं इस मामले को सुलझाने के लिए नगर निगम अधिकारियों से त्वरित कार्रवाई का अनुरोध करता हूं।",सार्वजनिक सुरक्षा,वकाड टूटी होना स्ट्रीट लाइट क्षतिग्रस्त फुटपाथ रिपोर्ट चाहना जो सुरक्षा संबंधी समस्या पैदा होना रहना । समस्या पिछला माह बिना कोई मरम्मत कार्य बनना होना । इलाका बुजुर्ग बच्चा सुरक्षित चलना काफी दिक्कत होना । बारिश दौरान इलाका पानी भरना जाना जो गिरना खतरा बढ़ना जाना । यहाँ लोग फिसलना घायल होना कुछ घटना होना चुकना । अन्य निवासी साथ सार्वजनिक बुनियादी ढांचा तत्काल मरम्मत अनुरोध । रोजाना गुजरना वाला राहगीर वाहन लगातार खतरा बनना होना । मामला सुलझाना नगर निगम अधिकारी त्वरित कार्रवाई अनुरोध ।
"यह अंधेरी इलाके में मेरे दोपहिया वाहन से जुड़ी चोरी की घटना की रिपोर्ट करने के लिए है। यह कल शाम की बात है, जब मैं थोड़ी देर के लिए घटनास्थल से हट गया था। वापस लौटने पर मुझे पता चला कि मेरा सामान कोई अज्ञात व्यक्ति ले गया है। अनुमानित नुकसान लगभग रु. 8,000, जो मेरे लिए एक महत्वपूर्ण राशि है। आसपास कुछ लोग भी थे, लेकिन किसी को चोरी होने का पता नहीं चला। मैंने आस-पास की दुकानों और निवासियों से जांच की है, लेकिन अभी तक कोई सुराग नहीं मिला है। मेरा अनुरोध है कि जल्द से जल्द मामला दर्ज किया जाए और जांच की जाए।' मैं जांच प्रक्रिया में पूरा सहयोग करने को तैयार हूं।'",चोरी,अंधेरी इलाका दोपहिया वाहन जुड़ना चोरी घटना रिपोर्ट । कल शाम बात जब थोड़ा देर घटनास्थल हटना जाना । वापस लौटना पता चलना कि सामान कोई अज्ञात व्यक्ति लेना जाना । अनुमानित नुकसान लगभग रु जो महत्वपूर्ण राशि । आसपास कुछ लोग लेकिन कोई चोरी होना पता नहीं चलना । आस पास दुकान निवासी जांच लेकिन अभी कोई सुराग नहीं मिलना । अनुरोध कि जल्द जल्द मामला दर्ज जाना जांच जाना । जांच प्रक्रिया पूरा सहयोग तैयार ।
"मुझे एक अज्ञात व्यक्ति द्वारा ब्लैकमेल किया जा रहा है जो मेरे बारे में निजी जानकारी उजागर करने की धमकी दे रहा है। ब्लैकमेल की कोशिशें कुछ दिन पहले एक अज्ञात फोन नंबर पर मैसेज के जरिए शुरू हुईं। वे रुपये मांग रहे हैं. 20,000 न देने पर वे मुझे सार्वजनिक रूप से बदनाम करने की धमकी देते हैं। मैंने अब तक उनकी कोई भी मांग नहीं मानी है।' लगातार मिल रही इन धमकियों से मानसिक दबाव असहनीय होता जा रहा है। मैंने इस मामले से जुड़े सभी मैसेज और कॉल का रिकॉर्ड रखा है.' मैं इस ब्लैकमेल को रोकने और मेरी गोपनीयता की रक्षा के लिए तत्काल कार्रवाई का अनुरोध करता हूं। कृपया सलाह दें कि मैं इस व्यक्ति के खिलाफ क्या कानूनी कदम उठा सकता हूं।",ब्लैकमेल,अज्ञात व्यक्ति ब्लैकमेल जाना रहना जो बारे निजी जानकारी उजागर धमकी देना रहना । ब्लैकमेल कोशिश कुछ दिन पहले अज्ञात फोन नंबर मैसेज जरिये शुरू होना । रुपया मांगना रहना न देना सार्वजनिक रूप बदनाम धमकी देना । अब कोई मांग नहीं मानना । लगातार मिलना रहना धमकी मानसिक दबाव असहनीय होना जाना रहना । मामला जुडना सभी मैसेज कॉल रिकॉर्ड रखना ब्लैकमेल रोकना गोपनीयता रक्षा तत्काल कार्रवाई अनुरोध । कृपया सलाह देना कि व्यक्ति खिलाफ क्या कानूनी कदम उठाना सकना ।
"मैं रिपोर्ट करना चाहता हूं कि मुझे कल्याण में मेरे जीजाजी से गंभीर धमकियां मिली हैं। 22 जून से यह व्यक्ति मुझे और मेरे परिवार को नुकसान पहुंचाने की धमकी दे रहा है। अगर मैंने उनकी मांगें नहीं मानी तो उन्होंने मुझे गंभीर परिणाम भुगतने की चेतावनी दी है। धमकियाँ व्यक्तिगत रूप से और फोन कॉल दोनों पर दी गई हैं। मैं इन धमकियों के कारण अपने परिवार की सुरक्षा को लेकर बेहद चिंतित हूं।' मैंने उनकी किसी भी मांग का जवाब नहीं दिया, जिससे उनका गुस्सा और बढ़ गया है.' मैं पुलिस सुरक्षा और मुझे धमकी देने वाले व्यक्ति के खिलाफ तत्काल कार्रवाई का अनुरोध करता हूं। मैं इस शिकायत के समर्थन में कॉल रिकॉर्डिंग और गवाह विवरण प्रदान कर सकता हूं।",धमकी,रिपोर्ट चाहना कि कल्याण जीजाजी गंभीर धमकी मिलना । जून व्यक्ति परिवार नुकसान पहुंचाना धमकी देना रहना । अगर मांगें नहीं मानना गंभीर परिणाम भुगतना चेतावनी देना । धमकी व्यक्तिगत रूप फोन कॉल दो देना जाना । धमकी कारण अपना परिवार सुरक्षा लेना बेहद चिंतित । कोई मांग जवाब नहीं देना जो गुस्सा बढ़ना जाना पुलिस सुरक्षा धमकी देना वाला व्यक्ति खिलाफ तत्काल कार्रवाई अनुरोध । शिकायत समर्थन कॉल रिकॉर्डिंग गवाह विवरण प्रदान सकना ।
"मैं दादर में टूटी हुई स्ट्रीट लाइट और क्षतिग्रस्त फुटपाथ की रिपोर्ट करना चाहता हूं जिससे सुरक्षा संबंधी समस्याएं पैदा हो रही हैं। यह समस्या बिना किसी मरम्मत कार्य के पिछले महीने की 10 तारीख से बनी हुई है। इस इलाके में बुजुर्गों और बच्चों को सुरक्षित चलने में काफी दिक्कत होती है। बारिश के दौरान इलाके में पानी भर जाता है, जिससे गिरने का खतरा बढ़ जाता है। यहां लोगों के फिसलने और घायल होने की कुछ घटनाएं हो चुकी हैं। मैं अन्य निवासियों के साथ इस सार्वजनिक बुनियादी ढांचे की तत्काल मरम्मत का अनुरोध करता हूं। इससे रोजाना गुजरने वाले राहगीरों और वाहनों को लगातार खतरा बना हुआ है। मैं इस मामले को सुलझाने के लिए नगर निगम अधिकारियों से त्वरित कार्रवाई का अनुरोध करता हूं।",सार्वजनिक सुरक्षा,दादर टूटी होना स्ट्रीट लाइट क्षतिग्रस्त फुटपाथ रिपोर्ट चाहना जो सुरक्षा संबंधी समस्या पैदा होना रहना । समस्या बिना कोई मरम्मत कार्य पिछला महीना तारीख बनना होना । इलाका बुजुर्ग बच्चा सुरक्षित चलना काफी दिक्कत होना । बारिश दौरान इलाका पानी भरना जाना जो गिरना खतरा बढ़ना जाना । यहाँ लोग फिसलना घायल होना कुछ घटना होना चुकना । अन्य निवासी साथ सार्वजनिक बुनियादी ढांचा तत्काल मरम्मत अनुरोध । रोजाना गुजरना वाला राहगीर वाहन लगातार खतरा बनना होना । मामला सुलझाना नगर निगम अधिकारी त्वरित कार्रवाई अनुरोध ।
मैं घर में लगातार घरेलू दुर्व्यवहार के लिए अपने ससुराल वालों के खिलाफ यह शिकायत दर्ज करा रही हूं। 18 तारीख से मुझ पर शारीरिक हमला और उत्पीड़न किया जा रहा है। मुझे बुनियादी ज़रूरतों से भी वंचित कर दिया जाता है और बिना कारण घर तक सीमित कर दिया जाता है। जब भी मैं बोलने की कोशिश करता हूं तो बार-बार हिंसा की धमकियां मिलती रहती हैं। मेरे रिश्तेदार स्थिति से अवगत हैं और दुर्व्यवहार की गवाही दे सकते हैं। मुझे अपनी सुरक्षा और मेरे साथ रहने वाले मेरे बच्चों की सुरक्षा का डर है। मैं कानून के तहत तत्काल सुरक्षा और उचित कानूनी कार्रवाई का अनुरोध करता हूं। कृपया मेरी स्थिति के लिए उपलब्ध आश्रय और कानूनी सहायता के संबंध में मेरा मार्गदर्शन करें।,घरेलू हिंसा,घर लगातार घरेलू दुर्व्यवहार अपना ससुराल वाला खिलाफ शिकायत दर्ज रहना । तारीख शारीरिक हमला उत्पीडन जाना रहना । बुनियादी ज़रूरत वंचित देना जाना बिना कारण घर सीमित देना जाना । जब बोलना कोशिश बार बार हिंसा धमकी मिलना रहना । रिश्तेदार स्थिति अवगत दुर्व्यवहार गवाही देना सकना । अपना सुरक्षा साथ रहना वाला बच्चा सुरक्षा डर । कानून तहत तत्काल सुरक्षा उचित कानूनी कार्रवाई अनुरोध । कृपया स्थिति उपलब्ध आश्रय कानूनी सहायता संबंध मार्गदर्शन ।
"मैं हडपसर में अपने पति द्वारा लगातार झेले जा रहे उत्पीड़न की रिपोर्ट करना चाहती हूं। यह पिछले महीने की 10 तारीख को शुरू हुआ और तब से बंद नहीं हुआ है। मेरे पति दूसरों के सामने मेरे बारे में अपमानजनक टिप्पणियाँ करते रहते हैं। आज सुबह-सुबह मेरे घर के पास इस शख्स ने फिर मेरे साथ बदसलूकी की. मैंने उनसे विनम्रतापूर्वक रुकने के लिए कहा, लेकिन वे मुझे परेशान करते रहे। इससे मेरी मानसिक शांति प्रभावित हो रही है और मुझे अकेले बाहर निकलने में डर लगता है।' मैं पुलिस से जिम्मेदार व्यक्ति के खिलाफ सख्त कार्रवाई करने का अनुरोध करता हूं।' मैं जांच के लिए आवश्यक कोई भी अतिरिक्त विवरण प्रदान करने के लिए तैयार हूं।",उत्पीड़न,हडपसर अपना पति लगातार झेलना जाना रहना उत्पीडन रिपोर्ट चाहना । पिछला महीना तारीख शुरू होना तब बंद नहीं होना । पति दूसरा सामने बारे अपमानजनक टिप्पणी रहना । आज सुबह सुबह घर पास शख्स ने फिर साथ बदसलूकी विनम्रतापूर्वक रुकना कहना लेकिन परेशान रहना । मानसिक शान्ति प्रभावित होना रहना अकेला बाहर निकलना डर लगना । पुलिस जिम्मेदार व्यक्ति खिलाफ सख्त कार्रवाई अनुरोध । जांच आवश्यक कोई अतिरिक्त विवरण प्रदान तैयार ।
"मैं रिपोर्ट करना चाहता हूं कि मेरा मकान मालिक व्हाट्सएप का उपयोग करके मुझे ब्लैकमेल कर रहा है। पिछले महीने की 10 तारीख से इस शख्स ने मेरी निजी तस्वीरें और जानकारी लीक करने की धमकी दी है. वे रुपये की मांग कर रहे हैं. सामग्री को सार्वजनिक न करने के बदले में 1,00,000 रु. मैंने पैसे देने से इनकार कर दिया है, जिसके बाद धमकियां और भी बढ़ गई हैं. इस ब्लैकमेल से मुझे गंभीर मानसिक तनाव और सामाजिक शर्मिंदगी का डर सता रहा है। मैंने सभी चैट वार्तालाप और स्क्रीनशॉट को साक्ष्य के रूप में सहेजा है। मैं साइबर अपराध विभाग से जांच करने और सख्त कार्रवाई करने का अनुरोध करता हूं।' मैं यह सुनिश्चित करने के लिए पूरा सहयोग करने को तैयार हूं कि इस व्यक्ति को जवाबदेह ठहराया जाए।",ब्लैकमेल,रिपोर्ट चाहना कि मकान मालिक व्हाट्सएप उपयोग ब्लैकमेल रहना । पिछला महीना तारीख शख्स ने निजी तस्वीर जानकारी लीक धमकी देना रुपया मांग रहना सामग्री सार्वजनिक न बदले रु पैसा देना इनकार देना जो बाद धमकी बढ़ना जाना ब्लैकमेल गंभीर मानसिक तनाव सामाजिक शर्मिंदगी डर सताना रहना । सभी चैट वार्तालाप स्क्रीनशॉट साक्ष्य रूप सहेजना । साइबर अपराध विभाग जांच सख्त कार्रवाई अनुरोध । सुनिश्चित पूरा सहयोग तैयार कि व्यक्ति जवाबदेह ठहराना जाना ।
"मैं खराड़ी में एक अजनबी द्वारा लगातार मेरे साथ हो रहे उत्पीड़न की रिपोर्ट करना चाहती हूं। यह 15 जुलाई को शुरू हुआ और तब से बंद नहीं हुआ है। कोई अजनबी दूसरों के सामने मेरे बारे में अपमानजनक टिप्पणियाँ करता रहता है। आधी रात के करीब इस शख्स ने मेरे घर के पास फिर से मेरे साथ गलत हरकत की. मैंने उनसे विनम्रतापूर्वक रुकने के लिए कहा, लेकिन वे मुझे परेशान करते रहे। इससे मेरी मानसिक शांति प्रभावित हो रही है और मुझे अकेले बाहर निकलने में डर लगता है।' मैं पुलिस से जिम्मेदार व्यक्ति के खिलाफ सख्त कार्रवाई करने का अनुरोध करता हूं।' मैं जांच के लिए आवश्यक कोई भी अतिरिक्त विवरण प्रदान करने के लिए तैयार हूं।",उत्पीड़न,खराड़ी अजनबी लगातार साथ होना रहना उत्पीडन रिपोर्ट चाहना । जुलाई शुरू होना तब बंद नहीं होना । कोई अजनबी दूसरा सामने बारे अपमानजनक टिप्पणी रहना । आधा रात करीब शख्स ने घर पास फिर साथ गलत हरकत विनम्रतापूर्वक रुकना कहना लेकिन परेशान रहना । मानसिक शान्ति प्रभावित होना रहना अकेला बाहर निकलना डर लगना । पुलिस जिम्मेदार व्यक्ति खिलाफ सख्त कार्रवाई अनुरोध । जांच आवश्यक कोई अतिरिक्त विवरण प्रदान तैयार ।
"मैं बानेर में हुई छेड़छाड़ की एक घटना की रिपोर्ट करना चाहता हूं। लगभग आधी रात को, जब मैं पैदल जा रही थी तो बस स्टॉप पर एक आदमी ने मुझ पर अश्लील टिप्पणियाँ कीं। उन्होंने सीटियां भी बजाईं और मेरे और मेरे दोस्त की ओर अनुचित इशारे भी किए। जब मैंने उन्हें नज़रअंदाज कर दूर जाने की कोशिश की तो उन्होंने कुछ दूर तक पीछा किया। इस तरह के व्यवहार से मुझे अकेले यात्रा करते समय असुरक्षित महसूस होने लगा है। क्षेत्र की अन्य महिलाओं को भी उसी स्थान पर इसी तरह के उत्पीड़न का सामना करना पड़ा है। मैं ऐसी घटनाओं को रोकने के लिए इस क्षेत्र में पुलिस गश्त बढ़ाने का अनुरोध करता हूं। यदि लाइन-अप या सीसीटीवी समीक्षा की व्यवस्था की जाती है तो मैं व्यक्तियों की पहचान करने के लिए तैयार हूं।",ईव टीज़िंग,बानेर होना छेडछाड घटना रिपोर्ट चाहना । लगभग आधा रात जब पैदल जाना रहना बस स्टॉप आदमी ने अश्लील टिप्पणी कीं।ना सीटी बजाना दोस्त ओर अनुचित इशारा । जब नजरअंदाज दूर जाना कोशिश कुछ दूर पीछा । तरह व्यवहार अकेला यात्रा समय असुरक्षित महसूस होना लगाना । क्षेत्र अन्य महिला स्थान तरह उत्पीडन सामना पड़ना । ऐसा घटना रोकना क्षेत्र पुलिस गश्त बढ़ाना अनुरोध । यदि लाइन अप सीसीटीवी समीक्षा व्यवस्था जाना व्यक्ति पहचान तैयार ।
"मैं कल्याण में एक अज्ञात व्यक्ति द्वारा पीछा किए जाने के संबंध में शिकायत दर्ज करना चाहती हूं। इस महीने की 3 तारीख से यह व्यक्ति लगभग हर दिन मेरा पीछा कर रहा है। जब मैं काम से लौट रहा था, मैंने देखा कि वही व्यक्ति फिर से मेरे घर के बाहर इंतज़ार कर रहा था। वे भी मेरे पीछे-पीछे मेरे कार्यस्थल तक आते हैं और गेट के पास इंतजार करते हैं। मैंने देखा है कि एक ही वाहन कई बार मेरे ऑटो-रिक्शा का पीछा कर रहा है। इस निरंतर अनुसरण ने मुझे अपनी सुरक्षा के लिए अत्यधिक चिंतित और भयभीत कर दिया है। मैं पुलिस से जांच करने और इस व्यक्ति को मेरा पीछा करने से रोकने का अनुरोध करता हूं। मैं उस व्यक्ति की पहचान करने और जरूरत पड़ने पर और विवरण प्रदान करने को तैयार हूं।",स्टॉकिंग,कल्याण अज्ञात व्यक्ति पीछा जाना संबंध शिकायत दर्ज चाहना । महीना तारीख व्यक्ति लगभग हर दिन पीछा रहना । जब काम लौटना रहना देखना कि व्यक्ति फिर घर बाहर इंतजार रहना । पीछे पीछे कार्यस्थल आना गेट पास इंतजार । देखना कि ही वाहन कई बार ऑटो रिक्शा पीछा रहना । निरन्तर अनुसरण ने अपना सुरक्षा अत्यधिक चिंतित भयभीत देना । पुलिस जांच व्यक्ति पीछा रोकना अनुरोध । व्यक्ति पहचान जरूरत पड़ना विवरण प्रदान तैयार ।
"मैं रिपोर्ट करना चाहती हूं कि मेरे पति टेलीग्राम का उपयोग करके मुझे ब्लैकमेल कर रहे हैं। चूंकि पिछले एक महीने से यह शख्स मेरी निजी तस्वीरें और जानकारी लीक करने की धमकी दे रहा है। वे रुपये की मांग कर रहे हैं. सामग्री को सार्वजनिक न करने के बदले में 20,000 रु. मैंने पैसे देने से इनकार कर दिया है, जिसके बाद धमकियां और भी बढ़ गई हैं. इस ब्लैकमेल से मुझे गंभीर मानसिक तनाव और सामाजिक शर्मिंदगी का डर सता रहा है। मैंने सभी चैट वार्तालाप और स्क्रीनशॉट को साक्ष्य के रूप में सहेजा है। मैं साइबर अपराध विभाग से जांच करने और सख्त कार्रवाई करने का अनुरोध करता हूं।' मैं यह सुनिश्चित करने के लिए पूरा सहयोग करने को तैयार हूं कि इस व्यक्ति को जवाबदेह ठहराया जाए।",ब्लैकमेल,रिपोर्ट चाहना कि पति टेलीग्राम उपयोग ब्लैकमेल रहना । चूंकि पिछला महीना शख्स निजी तस्वीर जानकारी लीक धमकी देना रहना । रुपया मांग रहना सामग्री सार्वजनिक न बदले रु पैसा देना इनकार देना जो बाद धमकी बढ़ना जाना ब्लैकमेल गंभीर मानसिक तनाव सामाजिक शर्मिंदगी डर सताना रहना । सभी चैट वार्तालाप स्क्रीनशॉट साक्ष्य रूप सहेजना । साइबर अपराध विभाग जांच सख्त कार्रवाई अनुरोध । सुनिश्चित पूरा सहयोग तैयार कि व्यक्ति जवाबदेह ठहराना जाना ।
"मैं रिपोर्ट करना चाहती हूं कि मुझे व्हाट्सएप के जरिए ऑनलाइन परेशान किया जा रहा है। एक अज्ञात उपयोगकर्ता पिछले शुक्रवार से मुझे अपमानजनक और धमकी भरे संदेश भेज रहा है। उन्होंने मेरी सहमति के बिना मेरी तस्वीरों का उपयोग करके एक फर्जी प्रोफ़ाइल भी बनाई है। यह व्यक्ति मेरे दोस्तों और रिश्तेदारों को मेरे बारे में आपत्तिजनक सामग्री वाले संदेश भेज रहा है। मैंने खाते को ब्लॉक करने का प्रयास किया है, लेकिन नए नकली खाते सामने आते रहते हैं। इस ऑनलाइन उत्पीड़न के कारण मुझे बहुत तनाव और शर्मिंदगी उठानी पड़ रही है। मैं साइबर क्राइम सेल से अनुरोध करता हूं कि खाते का पता लगाया जाए और सख्त कार्रवाई की जाए। मैं उत्पीड़न के सबूत के रूप में स्क्रीनशॉट और चैट इतिहास साझा कर सकता हूं।",साइबर उत्पीड़न,रिपोर्ट चाहना कि व्हाट्सएप जरिये ऑनलाइन परेशान जाना रहना । अज्ञात उपयोगकर्ता पिछला शुक्रवार अपमानजनक धमकी भरना संदेश भेजना रहना । सहमति बिना तस्वीर उपयोग फर्जी प्रोफाइल बनाना । व्यक्ति दोस्त रिश्तेदार बारे आपत्तिजनक सामग्री वाला संदेश भेजना रहना । खाता ब्लॉक प्रयास लेकिन नया नकली खाता सामने आना रहना । ऑनलाइन उत्पीडन कारण बहुत तनाव शर्मिंदगी उठाना पड़ना रहना । साइबर क्राइम सेल अनुरोध कि खाता पता लगाना जाना सख्त कार्रवाई जाना । उत्पीडन सबूत रूप स्क्रीनशॉट चैट इतिहास साझा सकना ।
"मैं बोरीवली में हुई अपनी पत्नी के हैंडबैग की चोरी की रिपोर्ट करना चाहता हूं। यह घटना आज सुबह मुख्य बाजार क्षेत्र के पास हुई। जब मुझे एहसास हुआ कि यह गायब है, तो मैंने तुरंत आसपास की जाँच की लेकिन कुछ नहीं मिला। मुझे संदेह है कि इसे किसी ऐसे व्यक्ति ने चुराया है जो कुछ समय से मेरा पीछा कर रहा था। चोरी गए सामान की अनुमानित कीमत करीब तीन लाख रुपये है। 12,000. मैंने स्थानीय दुकानदारों को पहले ही सूचित कर दिया है कि उन्हें कुछ भी असामान्य दिखे। मैं पुलिस से मामले की जांच करने और मेरा सामान बरामद करने में मदद करने का अनुरोध करता हूं। यदि उपलब्ध हो तो मैं कोई भी अतिरिक्त विवरण या सीसीटीवी फुटेज स्थान प्रदान करने के लिए तैयार हूं।",चोरी,बोरीवली होना अपना पत्नी हैंडबैग चोरी रिपोर्ट चाहना । घटना आज सुबह मुख्य बाजार क्षेत्र पास होना । जब एहसास होना कि गायब तुरंत आसपास जाँच लेकिन कुछ नहीं मिलना । संदेह कि कोई ऐसा व्यक्ति ने चुराना जो कुछ समय पीछा रहना । चोरी जाना सामान अनुमानित कीमत करीब तीन लाख रुपया । स्थानीय दुकानदार पहले ही सूचित देना कि कुछ असामान्य दिखना । पुलिस मामला जांच सामान बरामद मदद अनुरोध । यदि उपलब्ध होना कोई अतिरिक्त विवरण सीसीटीवी फुटेज स्थान प्रदान तैयार ।
"मैं वकाड में टूटी हुई स्ट्रीट लाइट और क्षतिग्रस्त फुटपाथ की रिपोर्ट करना चाहता हूं जिससे सुरक्षा संबंधी समस्याएं पैदा हो रही हैं। यह समस्या बिना किसी मरम्मत कार्य के पिछले दो सप्ताह से बनी हुई है। इस इलाके में बुजुर्गों और बच्चों को सुरक्षित चलने में काफी दिक्कत होती है। बारिश के दौरान इलाके में पानी भर जाता है, जिससे गिरने का खतरा बढ़ जाता है। यहां लोगों के फिसलने और घायल होने की कुछ घटनाएं हो चुकी हैं। मैं अन्य निवासियों के साथ इस सार्वजनिक बुनियादी ढांचे की तत्काल मरम्मत का अनुरोध करता हूं। इससे रोजाना गुजरने वाले राहगीरों और वाहनों को लगातार खतरा बना हुआ है। मैं इस मामले को सुलझाने के लिए नगर निगम अधिकारियों से त्वरित कार्रवाई का अनुरोध करता हूं।",सार्वजनिक सुरक्षा,वकाड टूटी होना स्ट्रीट लाइट क्षतिग्रस्त फुटपाथ रिपोर्ट चाहना जो सुरक्षा संबंधी समस्या पैदा होना रहना । समस्या बिना कोई मरम्मत कार्य पिछला दो सप्ताह बनना होना । इलाका बुजुर्ग बच्चा सुरक्षित चलना काफी दिक्कत होना । बारिश दौरान इलाका पानी भरना जाना जो गिरना खतरा बढ़ना जाना । यहाँ लोग फिसलना घायल होना कुछ घटना होना चुकना । अन्य निवासी साथ सार्वजनिक बुनियादी ढांचा तत्काल मरम्मत अनुरोध । रोजाना गुजरना वाला राहगीर वाहन लगातार खतरा बनना होना । मामला सुलझाना नगर निगम अधिकारी त्वरित कार्रवाई अनुरोध ।
"यह नागपुर शहर के इलाके में घरेलू इलेक्ट्रॉनिक्स से जुड़ी एक चोरी की घटना की रिपोर्ट करने के लिए है। यह कल रात लगभग 9 बजे हुआ, जब मैं थोड़ी देर के लिए घटनास्थल से हट गया था। वापस लौटने पर मुझे पता चला कि मेरा सामान कोई अज्ञात व्यक्ति ले गया है। अनुमानित नुकसान लगभग रु. 1,00,000, जो मेरे लिए एक महत्वपूर्ण राशि है। आसपास कुछ लोग भी थे, लेकिन किसी को चोरी होने का पता नहीं चला। मैंने आस-पास की दुकानों और निवासियों से जांच की है, लेकिन अभी तक कोई सुराग नहीं मिला है। मेरा अनुरोध है कि जल्द से जल्द मामला दर्ज किया जाए और जांच की जाए।' मैं जांच प्रक्रिया में पूरा सहयोग करने को तैयार हूं।'",चोरी,नागपुर शहर इलाका घरेलू इलेक्ट्रॉनिक्स जुड़ना चोरी घटना रिपोर्ट । कल रात लगभग बजे होना जब थोड़ा देर घटनास्थल हटना जाना । वापस लौटना पता चलना कि सामान कोई अज्ञात व्यक्ति लेना जाना । अनुमानित नुकसान लगभग रु जो महत्वपूर्ण राशि । आसपास कुछ लोग लेकिन कोई चोरी होना पता नहीं चलना । आस पास दुकान निवासी जांच लेकिन अभी कोई सुराग नहीं मिलना । अनुरोध कि जल्द जल्द मामला दर्ज जाना जांच जाना । जांच प्रक्रिया पूरा सहयोग तैयार ।
"मैं रिपोर्ट करना चाहती हूं कि मुझे स्नैपचैट के जरिए ऑनलाइन परेशान किया जा रहा है। एक अज्ञात यूजर 22 जून से मुझे अपमानजनक और धमकी भरे संदेश भेज रहा है। उन्होंने मेरी सहमति के बिना मेरी तस्वीरों का उपयोग करके एक फर्जी प्रोफ़ाइल भी बनाई है। यह व्यक्ति मेरे दोस्तों और रिश्तेदारों को मेरे बारे में आपत्तिजनक सामग्री वाले संदेश भेज रहा है। मैंने खाते को ब्लॉक करने का प्रयास किया है, लेकिन नए नकली खाते सामने आते रहते हैं। इस ऑनलाइन उत्पीड़न के कारण मुझे बहुत तनाव और शर्मिंदगी उठानी पड़ रही है। मैं साइबर क्राइम सेल से अनुरोध करता हूं कि खाते का पता लगाया जाए और सख्त कार्रवाई की जाए। मैं उत्पीड़न के सबूत के रूप में स्क्रीनशॉट और चैट इतिहास साझा कर सकता हूं।",साइबर उत्पीड़न,रिपोर्ट चाहना कि स्नैपचैट जरिये ऑनलाइन परेशान जाना रहना । अज्ञात यूजर जून अपमानजनक धमकी भरना संदेश भेजना रहना । सहमति बिना तस्वीर उपयोग फर्जी प्रोफाइल बनाना । व्यक्ति दोस्त रिश्तेदार बारे आपत्तिजनक सामग्री वाला संदेश भेजना रहना । खाता ब्लॉक प्रयास लेकिन नया नकली खाता सामने आना रहना । ऑनलाइन उत्पीडन कारण बहुत तनाव शर्मिंदगी उठाना पड़ना रहना । साइबर क्राइम सेल अनुरोध कि खाता पता लगाना जाना सख्त कार्रवाई जाना । उत्पीडन सबूत रूप स्क्रीनशॉट चैट इतिहास साझा सकना ।
"किसी अज्ञात फ़ोन नंबर पर कोई मुझे बार-बार अनुचित संदेश और टिप्पणियाँ भेज रहा है। यह उत्पीड़न 22 जून को शुरू हुआ और हाल ही में इसकी आवृत्ति में वृद्धि हुई है। उस व्यक्ति ने मेरे सार्वजनिक पोस्ट पर भी अश्लील टिप्पणी की है.' मैंने उन्हें समझाने की कोशिश की, लेकिन उन्होंने और भी अश्लील संदेश जारी रखे। उन्होंने मेरे दोस्तों और परिवार को भी शर्मनाक और झूठे पोस्ट में टैग किया। मैं बेहद परेशान हूं और अब शांति से सोशल मीडिया का इस्तेमाल नहीं कर पा रहा हूं।' मेरा अनुरोध है कि खाते का पता लगाया जाए और उचित कार्रवाई की जाए। मैं अपनी शिकायत के समर्थन में आवश्यक स्क्रीनशॉट संलग्न कर रहा हूं।",साइबर उत्पीड़न,कोई अज्ञात फोन नंबर कोई बार बार अनुचित संदेश टिप्पणी भेजना रहना । उत्पीडन जून शुरू होना हाल ही आवृत्ति वृद्धि होना । व्यक्ति ने सार्वजनिक पोस्ट अश्लील टिप्पणी समझाना कोशिश लेकिन अश्लील संदेश जारी रखना । दोस्त परिवार शर्मनाक झूठा पोस्ट टैग । बेहद परेशान अब शान्ति सोशल मीडिया इस्तेमाल नहीं पाना रहना । अनुरोध कि खाता पता लगाना जाना उचित कार्रवाई जाना । अपना शिकायत समर्थन आवश्यक स्क्रीनशॉट संलग्न रहना ।
"मैं विले पार्ले स्थित अपने आवास पर अपनी सास द्वारा झेली जा रही घरेलू हिंसा की रिपोर्ट करना चाहती हूं। पिछले कुछ दिनों से लगातार शारीरिक और मानसिक शोषण जारी है. छोटी-छोटी घरेलू बातों पर अक्सर मुझे पीटा जाता है और गाली-गलौज की जाती है। उन्होंने मुझे बिना किसी सहारे के घर से बाहर निकाल देने की धमकी भी दी है. मेरे बच्चों ने ये घटनाएं देखी हैं, जिसका उन पर बुरा असर पड़ा है.' मैंने इसे शांतिपूर्ण तरीके से सुलझाने की कोशिश की है, लेकिन दुर्व्यवहार बढ़ता ही जा रहा है। मैं इस दुरुपयोग के लिए जिम्मेदार लोगों के खिलाफ सुरक्षा और कानूनी कार्रवाई का अनुरोध करता हूं। यदि आवश्यक हुआ तो मैं मेडिकल रिकॉर्ड और गवाहों के बयान उपलब्ध कराने के लिए तैयार हूं।",घरेलू हिंसा,विले पार्ले स्थित अपना आवास अपना सास झेलना जाना रहना घरेलू हिंसा रिपोर्ट चाहना । पिछला कुछ दिन लगातार शारीरिक मानसिक शोषण जारी छोटा छोटा घरेलू बात अक्सर पीटना जाना गाली गलौज जाना । बिना कोई सहारा घर बाहर निकालना देना धमकी देना बच्चा ने घटना देखना जो बुरा असर पड़ना शांतिपूर्ण तरीका सुलझाना कोशिश लेकिन दुर्व्यवहार बढना ही जाना रहना । दुरुपयोग जिम्मेदार लोग खिलाफ सुरक्षा कानूनी कार्रवाई अनुरोध । यदि आवश्यक होना मेडिकल रिकॉर्ड गवाह बयान उपलब्ध कराना तैयार ।
मैं नागपुर शहर में हुई छेड़छाड़ की एक घटना की रिपोर्ट करना चाहता हूं। सोमवार दोपहर जब मैं पैदल जा रही थी तो बस स्टॉप पर एक आदमी ने मुझ पर अश्लील टिप्पणी की। उन्होंने सीटियां भी बजाईं और मेरे और मेरे दोस्त की ओर अनुचित इशारे भी किए। जब मैंने उन्हें नज़रअंदाज कर दूर जाने की कोशिश की तो उन्होंने कुछ दूर तक पीछा किया। इस तरह के व्यवहार से मुझे अकेले यात्रा करते समय असुरक्षित महसूस होने लगा है। क्षेत्र की अन्य महिलाओं को भी उसी स्थान पर इसी तरह के उत्पीड़न का सामना करना पड़ा है। मैं ऐसी घटनाओं को रोकने के लिए इस क्षेत्र में पुलिस गश्त बढ़ाने का अनुरोध करता हूं। यदि लाइन-अप या सीसीटीवी समीक्षा की व्यवस्था की जाती है तो मैं व्यक्तियों की पहचान करने के लिए तैयार हूं।,ईव टीज़िंग,नागपुर शहर होना छेडछाड घटना रिपोर्ट चाहना । सोमवार दोपहर जब पैदल जाना रहना बस स्टॉप आदमी ने अश्लील टिप्पणी । सीटी बजाना दोस्त ओर अनुचित इशारा । जब नजरअंदाज दूर जाना कोशिश कुछ दूर पीछा । तरह व्यवहार अकेला यात्रा समय असुरक्षित महसूस होना लगाना । क्षेत्र अन्य महिला स्थान तरह उत्पीडन सामना पड़ना । ऐसा घटना रोकना क्षेत्र पुलिस गश्त बढ़ाना अनुरोध । यदि लाइन अप सीसीटीवी समीक्षा व्यवस्था जाना व्यक्ति पहचान तैयार ।
"मैं कैंप क्षेत्र में रहने वाले एक अज्ञात व्यक्ति द्वारा मुझे दी गई धमकियों के संबंध में शिकायत दर्ज करा रहा हूं। पिछले महीने की 10 तारीख को हमारे बीच मामूली विवाद के बाद धमकियां मिलनी शुरू हुईं। उन्होंने मुझे बोलने पर हमला करने और मेरी संपत्ति को नुकसान पहुंचाने की धमकी दी है। इससे मेरे और मेरे परिवार के सदस्यों में काफी डर और चिंता पैदा हो गई है। मैंने किसी भी टकराव से परहेज किया है, लेकिन धमकियां इसकी परवाह किए बिना जारी हैं। इलाके के पड़ोसियों को भी तनाव की जानकारी है और वे इसकी पुष्टि कर सकते हैं. मेरा अनुरोध है कि मेरी सुरक्षा सुनिश्चित करने के लिए उचित कानूनी कार्रवाई की जाए। धमकियों की गंभीर प्रकृति को देखते हुए कृपया इस मामले पर तत्परता से विचार करें।",धमकी,कैंप क्षेत्र रहना वाला अज्ञात व्यक्ति देना जाना धमकी संबंध शिकायत दर्ज रहना । पिछला महीना तारीख बीच मामूली विवाद बाद धमकी मिलना शुरू होना । बोलना हमला संपत्ति नुकसान पहुंचाना धमकी देना । परिवार सदस्य काफी डर चिंता पैदा होना जाना । कोई टकराव परहेज लेकिन धमकी परवाह बिना जारी । इलाका पड़ोसी तनाव जानकारी पुष्टि सकना अनुरोध कि सुरक्षा सुनिश्चित उचित कानूनी कार्रवाई जाना धमकी गंभीर प्रकृति देखना होना कृपया मामला तत्परता विचार ।
"मैं रिपोर्ट करना चाहती हूं कि मुझे फेसबुक के माध्यम से ऑनलाइन परेशान किया जा रहा है। एक अज्ञात उपयोगकर्ता 18 तारीख से मुझे अपमानजनक और धमकी भरे संदेश भेज रहा है। उन्होंने मेरी सहमति के बिना मेरी तस्वीरों का उपयोग करके एक फर्जी प्रोफ़ाइल भी बनाई है। यह व्यक्ति मेरे दोस्तों और रिश्तेदारों को मेरे बारे में आपत्तिजनक सामग्री वाले संदेश भेज रहा है। मैंने खाते को ब्लॉक करने का प्रयास किया है, लेकिन नए नकली खाते सामने आते रहते हैं। इस ऑनलाइन उत्पीड़न के कारण मुझे बहुत तनाव और शर्मिंदगी उठानी पड़ रही है। मैं साइबर क्राइम सेल से अनुरोध करता हूं कि खाते का पता लगाया जाए और सख्त कार्रवाई की जाए। मैं उत्पीड़न के सबूत के रूप में स्क्रीनशॉट और चैट इतिहास साझा कर सकता हूं।",साइबर उत्पीड़न,रिपोर्ट चाहना कि फेसबुक माध्यम ऑनलाइन परेशान जाना रहना । अज्ञात उपयोगकर्ता तारीख अपमानजनक धमकी भरना संदेश भेजना रहना । सहमति बिना तस्वीर उपयोग फर्जी प्रोफाइल बनाना । व्यक्ति दोस्त रिश्तेदार बारे आपत्तिजनक सामग्री वाला संदेश भेजना रहना । खाता ब्लॉक प्रयास लेकिन नया नकली खाता सामने आना रहना । ऑनलाइन उत्पीडन कारण बहुत तनाव शर्मिंदगी उठाना पड़ना रहना । साइबर क्राइम सेल अनुरोध कि खाता पता लगाना जाना सख्त कार्रवाई जाना । उत्पीडन सबूत रूप स्क्रीनशॉट चैट इतिहास साझा सकना ।
"मैं पिंपरी में हुई अपने लैपटॉप बैग की चोरी की रिपोर्ट करना चाहता हूं। यह घटना पिछले सप्ताह मुख्य बाजार क्षेत्र के पास हुई थी। जब मुझे एहसास हुआ कि यह गायब है, तो मैंने तुरंत आसपास की जाँच की लेकिन कुछ नहीं मिला। मुझे संदेह है कि इसे किसी ऐसे व्यक्ति ने चुराया है जो कुछ समय से मेरा पीछा कर रहा था। चोरी गए सामान की अनुमानित कीमत करीब तीन लाख रुपये है। 20,000. मैंने स्थानीय दुकानदारों को पहले ही सूचित कर दिया है कि उन्हें कुछ भी असामान्य दिखे। मैं पुलिस से मामले की जांच करने और मेरा सामान बरामद करने में मदद करने का अनुरोध करता हूं। यदि उपलब्ध हो तो मैं कोई भी अतिरिक्त विवरण या सीसीटीवी फुटेज स्थान प्रदान करने के लिए तैयार हूं।",चोरी,पिंपरी होना अपना लैपटॉप बैग चोरी रिपोर्ट चाहना । घटना पिछला सप्ताह मुख्य बाजार क्षेत्र पास होना । जब एहसास होना कि गायब तुरंत आसपास जाँच लेकिन कुछ नहीं मिलना । संदेह कि कोई ऐसा व्यक्ति ने चुराना जो कुछ समय पीछा रहना । चोरी जाना सामान अनुमानित कीमत करीब तीन लाख रुपया । स्थानीय दुकानदार पहले ही सूचित देना कि कुछ असामान्य दिखना । पुलिस मामला जांच सामान बरामद मदद अनुरोध । यदि उपलब्ध होना कोई अतिरिक्त विवरण सीसीटीवी फुटेज स्थान प्रदान तैयार ।
मैं दादर में हुई छेड़छाड़ की एक घटना की रिपोर्ट करना चाहता हूं। आज सुबह-सुबह जब मैं टहल रही थी तो एक अज्ञात व्यक्ति ने मुझ पर अश्लील टिप्पणियाँ कीं। उन्होंने सीटियां भी बजाईं और मेरे और मेरे दोस्त की ओर अनुचित इशारे भी किए। जब मैंने उन्हें नज़रअंदाज कर दूर जाने की कोशिश की तो उन्होंने कुछ दूर तक पीछा किया। इस तरह के व्यवहार से मुझे अकेले यात्रा करते समय असुरक्षित महसूस होने लगा है। क्षेत्र की अन्य महिलाओं को भी उसी स्थान पर इसी तरह के उत्पीड़न का सामना करना पड़ा है। मैं ऐसी घटनाओं को रोकने के लिए इस क्षेत्र में पुलिस गश्त बढ़ाने का अनुरोध करता हूं। यदि लाइन-अप या सीसीटीवी समीक्षा की व्यवस्था की जाती है तो मैं व्यक्तियों की पहचान करने के लिए तैयार हूं।,ईव टीज़िंग,दादर होना छेडछाड घटना रिपोर्ट चाहना । आज सुबह सुबह जब टहलना रहना अज्ञात व्यक्ति ने अश्लील टिप्पणी कीं।ना सीटी बजाना दोस्त ओर अनुचित इशारा । जब नजरअंदाज दूर जाना कोशिश कुछ दूर पीछा । तरह व्यवहार अकेला यात्रा समय असुरक्षित महसूस होना लगाना । क्षेत्र अन्य महिला स्थान तरह उत्पीडन सामना पड़ना । ऐसा घटना रोकना क्षेत्र पुलिस गश्त बढ़ाना अनुरोध । यदि लाइन अप सीसीटीवी समीक्षा व्यवस्था जाना व्यक्ति पहचान तैयार ।
"मैं ठाणे में रहने वाले एक अजनबी द्वारा मुझे दी गई धमकियों के संबंध में शिकायत दर्ज करा रहा हूं। पिछले महीने की 10 तारीख को हमारे बीच मामूली विवाद के बाद धमकियां मिलनी शुरू हुईं। उन्होंने मुझे बोलने पर हमला करने और मेरी संपत्ति को नुकसान पहुंचाने की धमकी दी है। इससे मेरे और मेरे परिवार के सदस्यों में काफी डर और चिंता पैदा हो गई है। मैंने किसी भी टकराव से परहेज किया है, लेकिन धमकियां इसकी परवाह किए बिना जारी हैं। इलाके के पड़ोसियों को भी तनाव की जानकारी है और वे इसकी पुष्टि कर सकते हैं. मेरा अनुरोध है कि मेरी सुरक्षा सुनिश्चित करने के लिए उचित कानूनी कार्रवाई की जाए। धमकियों की गंभीर प्रकृति को देखते हुए कृपया इस मामले पर तत्परता से विचार करें।",धमकी,ठाणे रहना वाला अजनबी देना जाना धमकी संबंध शिकायत दर्ज रहना । पिछला महीना तारीख बीच मामूली विवाद बाद धमकी मिलना शुरू होना । बोलना हमला संपत्ति नुकसान पहुंचाना धमकी देना । परिवार सदस्य काफी डर चिंता पैदा होना जाना । कोई टकराव परहेज लेकिन धमकी परवाह बिना जारी । इलाका पड़ोसी तनाव जानकारी पुष्टि सकना अनुरोध कि सुरक्षा सुनिश्चित उचित कानूनी कार्रवाई जाना धमकी गंभीर प्रकृति देखना होना कृपया मामला तत्परता विचार ।
"मैं रिपोर्ट करना चाहता हूं कि मुझे शिवाजी नगर में पास के एक दुकानदार से गंभीर धमकी मिली है। 15 जुलाई से यह व्यक्ति मुझे और मेरे परिवार को नुकसान पहुंचाने की धमकी दे रहा है। अगर मैंने उनकी मांगें नहीं मानी तो उन्होंने मुझे गंभीर परिणाम भुगतने की चेतावनी दी है। धमकियाँ व्यक्तिगत रूप से और फोन कॉल दोनों पर दी गई हैं। मैं इन धमकियों के कारण अपने परिवार की सुरक्षा को लेकर बेहद चिंतित हूं।' मैंने उनकी किसी भी मांग का जवाब नहीं दिया, जिससे उनका गुस्सा और बढ़ गया है.' मैं पुलिस सुरक्षा और मुझे धमकी देने वाले व्यक्ति के खिलाफ तत्काल कार्रवाई का अनुरोध करता हूं। मैं इस शिकायत के समर्थन में कॉल रिकॉर्डिंग और गवाह विवरण प्रदान कर सकता हूं।",धमकी,रिपोर्ट चाहना कि शिवाजी नगर पास दुकानदार गंभीर धमकी मिलना । जुलाई व्यक्ति परिवार नुकसान पहुंचाना धमकी देना रहना । अगर मांगें नहीं मानना गंभीर परिणाम भुगतना चेतावनी देना । धमकी व्यक्तिगत रूप फोन कॉल दो देना जाना । धमकी कारण अपना परिवार सुरक्षा लेना बेहद चिंतित । कोई मांग जवाब नहीं देना जो गुस्सा बढ़ना जाना पुलिस सुरक्षा धमकी देना वाला व्यक्ति खिलाफ तत्काल कार्रवाई अनुरोध । शिकायत समर्थन कॉल रिकॉर्डिंग गवाह विवरण प्रदान सकना ।
"मैं हडपसर में अपने पूर्व साथी से लगातार हो रहे उत्पीड़न की रिपोर्ट करना चाहती हूं। यह 15 जुलाई को शुरू हुआ और तब से बंद नहीं हुआ है। मेरा पूर्व-साथी दूसरों के सामने मेरे बारे में अपमानजनक टिप्पणियाँ करता रहता है। आधी रात के करीब इस शख्स ने मेरे घर के पास फिर से मेरे साथ गलत हरकत की. मैंने उनसे विनम्रतापूर्वक रुकने के लिए कहा, लेकिन वे मुझे परेशान करते रहे। इससे मेरी मानसिक शांति प्रभावित हो रही है और मुझे अकेले बाहर निकलने में डर लगता है।' मैं पुलिस से जिम्मेदार व्यक्ति के खिलाफ सख्त कार्रवाई करने का अनुरोध करता हूं।' मैं जांच के लिए आवश्यक कोई भी अतिरिक्त विवरण प्रदान करने के लिए तैयार हूं।",उत्पीड़न,हडपसर अपना पूर्व साथी लगातार होना रहना उत्पीडन रिपोर्ट चाहना । जुलाई शुरू होना तब बंद नहीं होना । पूर्व साथी दूसरा सामने बारे अपमानजनक टिप्पणी रहना । आधा रात करीब शख्स ने घर पास फिर साथ गलत हरकत विनम्रतापूर्वक रुकना कहना लेकिन परेशान रहना । मानसिक शान्ति प्रभावित होना रहना अकेला बाहर निकलना डर लगना । पुलिस जिम्मेदार व्यक्ति खिलाफ सख्त कार्रवाई अनुरोध । जांच आवश्यक कोई अतिरिक्त विवरण प्रदान तैयार ।
"मैं कल्याण में अपने निवास पर अपने पति द्वारा झेली जा रही घरेलू हिंसा की रिपोर्ट करना चाहती हूँ। शारीरिक और मानसिक शोषण 18 तारीख़ से भी जारी है। छोटी-छोटी घरेलू बातों पर अक्सर मुझे पीटा जाता है और गाली-गलौज की जाती है। उन्होंने मुझे बिना किसी सहारे के घर से बाहर निकाल देने की धमकी भी दी है. मेरे बच्चों ने ये घटनाएं देखी हैं, जिसका उन पर बुरा असर पड़ा है.' मैंने इसे शांतिपूर्ण तरीके से सुलझाने की कोशिश की है, लेकिन दुर्व्यवहार बढ़ता ही जा रहा है। मैं इस दुरुपयोग के लिए जिम्मेदार लोगों के खिलाफ सुरक्षा और कानूनी कार्रवाई का अनुरोध करता हूं। यदि आवश्यक हुआ तो मैं मेडिकल रिकॉर्ड और गवाहों के बयान उपलब्ध कराने के लिए तैयार हूं।",घरेलू हिंसा,कल्याण अपना निवास अपना पति झेलना जाना रहना घरेलू हिंसा रिपोर्ट चाहना । शारीरिक मानसिक शोषण तारीख़ जारी । छोटा छोटा घरेलू बात अक्सर पीटना जाना गाली गलौज जाना । बिना कोई सहारा घर बाहर निकालना देना धमकी देना बच्चा ने घटना देखना जो बुरा असर पड़ना शांतिपूर्ण तरीका सुलझाना कोशिश लेकिन दुर्व्यवहार बढना ही जाना रहना । दुरुपयोग जिम्मेदार लोग खिलाफ सुरक्षा कानूनी कार्रवाई अनुरोध । यदि आवश्यक होना मेडिकल रिकॉर्ड गवाह बयान उपलब्ध कराना तैयार ।
मैं घर में लगातार घरेलू दुर्व्यवहार के लिए अपने पति और उनके परिवार के खिलाफ यह शिकायत दर्ज कर रही हूं। इस महीने की 3 तारीख से मुझे शारीरिक उत्पीड़न और उत्पीड़न का शिकार होना पड़ रहा है। मुझे बुनियादी ज़रूरतों से भी वंचित कर दिया जाता है और बिना कारण घर तक सीमित कर दिया जाता है। जब भी मैं बोलने की कोशिश करता हूं तो बार-बार हिंसा की धमकियां मिलती रहती हैं। मेरे रिश्तेदार स्थिति से अवगत हैं और दुर्व्यवहार की गवाही दे सकते हैं। मुझे अपनी सुरक्षा और मेरे साथ रहने वाले मेरे बच्चों की सुरक्षा का डर है। मैं कानून के तहत तत्काल सुरक्षा और उचित कानूनी कार्रवाई का अनुरोध करता हूं। कृपया मेरी स्थिति के लिए उपलब्ध आश्रय और कानूनी सहायता के संबंध में मेरा मार्गदर्शन करें।,घरेलू हिंसा,घर लगातार घरेलू दुर्व्यवहार अपना पति परिवार खिलाफ शिकायत दर्ज रहना । महीना तारीख शारीरिक उत्पीडन उत्पीडन शिकार होना पड़ना रहना । बुनियादी ज़रूरत वंचित देना जाना बिना कारण घर सीमित देना जाना । जब बोलना कोशिश बार बार हिंसा धमकी मिलना रहना । रिश्तेदार स्थिति अवगत दुर्व्यवहार गवाही देना सकना । अपना सुरक्षा साथ रहना वाला बच्चा सुरक्षा डर । कानून तहत तत्काल सुरक्षा उचित कानूनी कार्रवाई अनुरोध । कृपया स्थिति उपलब्ध आश्रय कानूनी सहायता संबंध मार्गदर्शन ।
"मैं नागपुर शहर में देखी गई एक संदिग्ध गतिविधि की रिपोर्ट करना चाहता हूं। 22 जून से, अज्ञात व्यक्ति अजीब समय पर परित्यक्त इमारत के पास इकट्ठा हो रहे हैं। निवासियों को संदेह है कि रात में वहां कुछ अवैध गतिविधि हो सकती है। उस स्थान से तेज़ आवाज़ें और कभी-कभार बहसें सुनाई देती रही हैं। इससे आसपास रहने वाले परिवारों में सुरक्षा संबंधी चिंताएं बढ़ गई हैं। स्थानीय वार्ड कार्यालय को सूचित करने के बावजूद कोई आधिकारिक कार्रवाई नहीं की गई है। मैं अधिकारियों से इस मामले की जांच करने और निवासियों की सुरक्षा सुनिश्चित करने का अनुरोध करता हूं। यदि आवश्यक हुआ तो मैं अधिक विवरण प्रदान करने या अधिकारियों के साथ जाने को तैयार हूं।",अन्य,नागपुर शहर देखना जाना संदिग्ध गतिविधि रिपोर्ट चाहना । जून अज्ञात व्यक्ति अजीब समय परित्यक्त इमारत पास इकट्ठा होना रहना । निवासी संदेह कि रात वहाँ कुछ अवैध गतिविधि होना सकना । स्थान तेज आवाज कभी कभार बहस सुनाना देना रहना । आसपास रहना वाला परिवार सुरक्षा संबंधी चिंता बढ़ना जाना । स्थानीय वार्ड कार्यालय सूचित बावजूद कोई आधिकारिक कार्रवाई नहीं जाना । अधिकारी मामला जांच निवासी सुरक्षा सुनिश्चित अनुरोध । यदि आवश्यक होना अधिक विवरण प्रदान अधिकारी साथ जाना तैयार ।
"मैं ठाणे में शोर और उपद्रव के संबंध में एक सामान्य सुरक्षा शिकायत दर्ज करना चाहता हूं। 22 जून से, पास का एक प्रतिष्ठान अनुमत समय से अधिक जोर-शोर से काम कर रहा है। इससे आस-पड़ोस की शांति भंग हो गई है, विशेषकर बुजुर्ग निवासियों और बच्चों के लिए। मालिकों से शोर कम करने के बार-बार अनुरोध को नजरअंदाज कर दिया गया है। सप्ताहांत पर स्थिति और भी गंभीर हो जाती है जब अशांति देर रात तक जारी रहती है। इस मुद्दे को स्थानीय अधिकारियों के सामने उठाने के लिए कई पड़ोसी एकजुट हुए हैं। मैं यह सुनिश्चित करने के लिए आवश्यक कार्रवाई का अनुरोध करता हूं कि शोर के स्तर को नियंत्रण में लाया जाए। कृपया निवासियों की भलाई के लिए इस मामले पर जल्द से जल्द ध्यान दें।",अन्य,ठाणे शोर उपद्रव संबंध सामान्य सुरक्षा शिकायत दर्ज चाहना । जून पास प्रतिष्ठान अनुमत समय अधिक जोर शोर काम रहना । आस पडोस शान्ति भंग होना जाना विशेषकर बुजुर्ग निवासी बच्चा । मालिक शोर कम बार बार अनुरोध नजरअंदाज देना जाना । सप्ताहांत स्थिति गंभीर होना जाना जब अशान्ति देर रात जारी रहना । मुद्दा स्थानीय अधिकारी सामने उठाना कई पड़ोसी एकजुट होना । सुनिश्चित आवश्यक कार्रवाई अनुरोध कि शोर स्तर नियंत्रण लाना जाना । कृपया निवासी भलाई मामला जल्द जल्द ध्यान देना ।
"मैं नागपुर सिटी बस स्टॉप के पास हुई एक छेड़छाड़ की घटना की रिपोर्ट कर रहा हूं। मेरी शाम की सैर के दौरान, बस स्टॉप पर एक आदमी ने मुझे छेड़ना शुरू कर दिया और भद्दी टिप्पणियाँ करने लगा। उन्होंने मेरी अनुमति के बिना मेरी तस्वीरें खींचने की भी कोशिश की. मैंने उनका विरोध किया, लेकिन उन्होंने इसे हंसी में उड़ा दिया और अपना व्यवहार जारी रखा। यह पहली बार नहीं है जब इस स्थान पर ऐसी घटनाएं हुई हैं। इसी ग्रुप के बारे में कई अन्य लड़कियों ने अनौपचारिक रूप से शिकायत की है. मैं महिलाओं की सुरक्षा सुनिश्चित करने के लिए सख्त कार्रवाई और नियमित पुलिस उपस्थिति का अनुरोध करता हूं। यदि व्यक्तियों का पता लगाया जाता है तो मैं पहचान में सहायता करने को तैयार हूं।",ईव टीज़िंग,नागपुर सिटी बस स्टॉप पास होना छेडछाड घटना रिपोर्ट रहना । शाम सैर दौरान बस स्टॉप आदमी ने छेड़ना शुरू देना भद्दी टिप्पणी लगाना । अनुमति बिना तस्वीर खींचना कोशिश विरोध लेकिन हँसी उड़ाना देना अपना व्यवहार जारी रखना । पहला बार नहीं जब स्थान ऐसा घटना होना । ग्रुप बारे कई अन्य लड़की ने अनौपचारिक रूप शिकायत महिला सुरक्षा सुनिश्चित सख्त कार्रवाई नियमित पुलिस उपस्थिति अनुरोध । यदि व्यक्ति पता लगाना जाना पहचान सहायता तैयार ।
"मैं वकाड में टूटी हुई स्ट्रीट लाइट और क्षतिग्रस्त फुटपाथ की रिपोर्ट करना चाहता हूं जिससे सुरक्षा संबंधी समस्याएं पैदा हो रही हैं। यह समस्या 18 तारीख तक बिना किसी मरम्मत कार्य के बनी रही। इस इलाके में बुजुर्गों और बच्चों को सुरक्षित चलने में काफी दिक्कत होती है। बारिश के दौरान इलाके में पानी भर जाता है, जिससे गिरने का खतरा बढ़ जाता है। यहां लोगों के फिसलने और घायल होने की कुछ घटनाएं हो चुकी हैं। मैं अन्य निवासियों के साथ इस सार्वजनिक बुनियादी ढांचे की तत्काल मरम्मत का अनुरोध करता हूं। इससे रोजाना गुजरने वाले राहगीरों और वाहनों को लगातार खतरा बना हुआ है। मैं इस मामले को सुलझाने के लिए नगर निगम अधिकारियों से त्वरित कार्रवाई का अनुरोध करता हूं।",सार्वजनिक सुरक्षा,वकाड टूटी होना स्ट्रीट लाइट क्षतिग्रस्त फुटपाथ रिपोर्ट चाहना जो सुरक्षा संबंधी समस्या पैदा होना रहना । समस्या तारीख बिना कोई मरम्मत कार्य बनना रहना इलाका बुजुर्ग बच्चा सुरक्षित चलना काफी दिक्कत होना । बारिश दौरान इलाका पानी भरना जाना जो गिरना खतरा बढ़ना जाना । यहाँ लोग फिसलना घायल होना कुछ घटना होना चुकना । अन्य निवासी साथ सार्वजनिक बुनियादी ढांचा तत्काल मरम्मत अनुरोध । रोजाना गुजरना वाला राहगीर वाहन लगातार खतरा बनना होना । मामला सुलझाना नगर निगम अधिकारी त्वरित कार्रवाई अनुरोध ।
