complaint,category
"मैं वाकाड में शोर और उपद्रव के संबंध में एक सामान्य सुरक्षा शिकायत दर्ज करना चाहता हूं। 22 जून से, पास का एक प्रतिष्ठान अनुमत समय से अधिक जोर-शोर से काम कर रहा है। इससे आस-पड़ोस की शांति भंग हो गई है, विशेषकर बुजुर्ग निवासियों और बच्चों के लिए। मालिकों से शोर कम करने के बार-बार अनुरोध को नजरअंदाज कर दिया गया है। सप्ताहांत पर स्थिति और भी गंभीर हो जाती है जब अशांति देर रात तक जारी रहती है। इस मुद्दे को स्थानीय अधिकारियों के सामने उठाने के लिए कई पड़ोसी एकजुट हुए हैं। मैं यह सुनिश्चित करने के लिए आवश्यक कार्रवाई का अनुरोध करता हूं कि शोर के स्तर को नियंत्रण में लाया जाए। कृपया निवासियों की भलाई के लिए इस मामले पर जल्द से जल्द ध्यान दें।",अन्य
"मेरे कार्यस्थल पर वरिष्ठ के रूप में पहचाने जाने वाला एक व्यक्ति 2 अगस्त से मेरा पीछा कर रहा है। कल रात करीब 9 बजे वे मेरे कॉलेज के गेट के पास खड़े होकर मुझे देखते दिखे। मेरे कई बार मना करने के बाद भी वे बार-बार मुझसे बात करने की कोशिश करते हैं। मेरे दोस्तों ने भी देखा है कि यह व्यक्ति अलग-अलग दिनों में मेरा पीछा कर रहा है। ऐसा लगता है कि यह व्यक्ति मेरी दिनचर्या जानता है, जो बहुत चिंताजनक है। मुझे डर है कि अगर इसे नहीं रोका गया तो यह और भी खतरनाक रूप ले सकता है। मेरा अनुरोध है कि इस व्यक्ति के खिलाफ तुरंत सख्त कार्रवाई की जाए।' कृपया मेरी सुरक्षा सुनिश्चित करने के लिए अगले कदमों पर मेरा मार्गदर्शन करें।",स्टॉकिंग
"मैं रिपोर्ट करना चाहता हूं कि पास का एक दुकानदार फेसबुक का उपयोग करके मुझे ब्लैकमेल कर रहा है। पिछले दो सप्ताह से यह व्यक्ति मेरी निजी तस्वीरें और जानकारी लीक करने की धमकी दे रहा है। वे रुपये की मांग कर रहे हैं. सामग्री को सार्वजनिक न करने के बदले में 1,00,000 रु. मैंने पैसे देने से इनकार कर दिया है, जिसके बाद धमकियां और भी बढ़ गई हैं. इस ब्लैकमेल से मुझे गंभीर मानसिक तनाव और सामाजिक शर्मिंदगी का डर सता रहा है। मैंने सभी चैट वार्तालाप और स्क्रीनशॉट को साक्ष्य के रूप में सहेजा है। मैं साइबर अपराध विभाग से जांच करने और सख्त कार्रवाई करने का अनुरोध करता हूं।' मैं यह सुनिश्चित करने के लिए पूरा सहयोग करने को तैयार हूं कि इस व्यक्ति को जवाबदेह ठहराया जाए।",ब्लैकमेल
मैं विले पार्ले में हुई छेड़छाड़ की एक घटना की रिपोर्ट करना चाहता हूं। कल शाम जब मैं पैदल जा रही थी तो बाइक पर सवार दो लोगों ने मुझ पर अश्लील टिप्पणियां कीं। उन्होंने सीटियां भी बजाईं और मेरे और मेरे दोस्त की ओर अनुचित इशारे भी किए। जब मैंने उन्हें नज़रअंदाज कर दूर जाने की कोशिश की तो उन्होंने कुछ दूर तक पीछा किया। इस तरह के व्यवहार से मुझे अकेले यात्रा करते समय असुरक्षित महसूस होने लगा है। क्षेत्र की अन्य महिलाओं को भी उसी स्थान पर इसी तरह के उत्पीड़न का सामना करना पड़ा है। मैं ऐसी घटनाओं को रोकने के लिए इस क्षेत्र में पुलिस गश्त बढ़ाने का अनुरोध करता हूं। यदि लाइन-अप या सीसीटीवी समीक्षा की व्यवस्था की जाती है तो मैं व्यक्तियों की पहचान करने के लिए तैयार हूं।,ईव टीज़िंग
"मैं रिपोर्ट करना चाहती हूं कि मुझे व्हाट्सएप के जरिए ऑनलाइन परेशान किया जा रहा है। एक अज्ञात यूजर पिछले महीने की 10 तारीख से मुझे अपमानजनक और धमकी भरे संदेश भेज रहा है। उन्होंने मेरी सहमति के बिना मेरी तस्वीरों का उपयोग करके एक फर्जी प्रोफ़ाइल भी बनाई है। यह व्यक्ति मेरे दोस्तों और रिश्तेदारों को मेरे बारे में आपत्तिजनक सामग्री वाले संदेश भेज रहा है। मैंने खाते को ब्लॉक करने का प्रयास किया है, लेकिन नए नकली खाते सामने आते रहते हैं। इस ऑनलाइन उत्पीड़न के कारण मुझे बहुत तनाव और शर्मिंदगी उठानी पड़ रही है। मैं साइबर क्राइम सेल से अनुरोध करता हूं कि खाते का पता लगाया जाए और सख्त कार्रवाई की जाए। मैं उत्पीड़न के सबूत के रूप में स्क्रीनशॉट और चैट इतिहास साझा कर सकता हूं।",साइबर उत्पीड़न
"मैं चिंचवड़ बस स्टॉप के पास हुई एक छेड़छाड़ की घटना की रिपोर्ट कर रहा हूं। जब मैं बाजार से वापस आ रही थी तो कुछ युवक मेरे साथ छेड़छाड़ करने लगे और भद्दे कमेंट करने लगे। उन्होंने मेरी अनुमति के बिना मेरी तस्वीरें खींचने की भी कोशिश की. मैंने उनका विरोध किया, लेकिन उन्होंने इसे हंसी में उड़ा दिया और अपना व्यवहार जारी रखा। यह पहली बार नहीं है जब इस स्थान पर ऐसी घटनाएं हुई हैं। इसी ग्रुप के बारे में कई अन्य लड़कियों ने अनौपचारिक रूप से शिकायत की है. मैं महिलाओं की सुरक्षा सुनिश्चित करने के लिए सख्त कार्रवाई और नियमित पुलिस उपस्थिति का अनुरोध करता हूं। यदि व्यक्तियों का पता लगाया जाता है तो मैं पहचान में सहायता करने को तैयार हूं।",ईव टीज़िंग
"मैं खरादी बस स्टॉप के पास हुई एक छेड़छाड़ की घटना की रिपोर्ट कर रहा हूं। जब मैं कॉलेज जा रही थी तो बाइक पर दो आदमी मुझे छेड़ने लगे और भद्दे कमेंट करने लगे। उन्होंने मेरी अनुमति के बिना मेरी तस्वीरें खींचने की भी कोशिश की. मैंने उनका विरोध किया, लेकिन उन्होंने इसे हंसी में उड़ा दिया और अपना व्यवहार जारी रखा। यह पहली बार नहीं है जब इस स्थान पर ऐसी घटनाएं हुई हैं। इसी ग्रुप के बारे में कई अन्य लड़कियों ने अनौपचारिक रूप से शिकायत की है. मैं महिलाओं की सुरक्षा सुनिश्चित करने के लिए सख्त कार्रवाई और नियमित पुलिस उपस्थिति का अनुरोध करता हूं। यदि व्यक्तियों का पता लगाया जाता है तो मैं पहचान में सहायता करने को तैयार हूं।",ईव टीज़िंग
"मैं हडपसर में शोर और उपद्रव के संबंध में एक सामान्य सुरक्षा शिकायत दर्ज करना चाहता हूं। पिछले महीने की 10 तारीख से, पास का एक प्रतिष्ठान अनुमत घंटों से अधिक जोर-शोर से काम कर रहा है। इससे आस-पड़ोस की शांति भंग हो गई है, विशेषकर बुजुर्ग निवासियों और बच्चों के लिए। मालिकों से शोर कम करने के बार-बार अनुरोध को नजरअंदाज कर दिया गया है। सप्ताहांत पर स्थिति और भी गंभीर हो जाती है जब अशांति देर रात तक जारी रहती है। इस मुद्दे को स्थानीय अधिकारियों के सामने उठाने के लिए कई पड़ोसी एकजुट हुए हैं। मैं यह सुनिश्चित करने के लिए आवश्यक कार्रवाई का अनुरोध करता हूं कि शोर के स्तर को नियंत्रण में लाया जाए। कृपया निवासियों की भलाई के लिए इस मामले पर जल्द से जल्द ध्यान दें।",अन्य
मैं नासिक रोड में अपने पूर्व पति द्वारा पीछा किए जाने के संबंध में शिकायत दर्ज कराना चाहती हूं। चूँकि पिछले एक महीने से यह व्यक्ति लगभग हर दिन मेरा पीछा कर रहा है। कल शाम को मैंने देखा कि वही व्यक्ति फिर से मेरे घर के बाहर इंतज़ार कर रहा है। वे भी मेरे पीछे-पीछे मेरे कार्यस्थल तक आते हैं और गेट के पास इंतजार करते हैं। मैंने देखा है कि एक ही वाहन कई बार मेरे ऑटो-रिक्शा का पीछा कर रहा है। इस निरंतर अनुसरण ने मुझे अपनी सुरक्षा के लिए अत्यधिक चिंतित और भयभीत कर दिया है। मैं पुलिस से जांच करने और इस व्यक्ति को मेरा पीछा करने से रोकने का अनुरोध करता हूं। मैं उस व्यक्ति की पहचान करने और जरूरत पड़ने पर और विवरण प्रदान करने को तैयार हूं।,स्टॉकिंग
"मैं हडपसर बस स्टॉप के पास हुई एक छेड़छाड़ की घटना की रिपोर्ट कर रहा हूं। जब मैं बाजार से वापस आ रही थी तो एक अनजान आदमी ने मुझे छेड़ना शुरू कर दिया और भद्दे कमेंट करने लगा। उन्होंने मेरी अनुमति के बिना मेरी तस्वीरें खींचने की भी कोशिश की. मैंने उनका विरोध किया, लेकिन उन्होंने इसे हंसी में उड़ा दिया और अपना व्यवहार जारी रखा। यह पहली बार नहीं है जब इस स्थान पर ऐसी घटनाएं हुई हैं। इसी ग्रुप के बारे में कई अन्य लड़कियों ने अनौपचारिक रूप से शिकायत की है. मैं महिलाओं की सुरक्षा सुनिश्चित करने के लिए सख्त कार्रवाई और नियमित पुलिस उपस्थिति का अनुरोध करता हूं। यदि व्यक्तियों का पता लगाया जाता है तो मैं पहचान में सहायता करने को तैयार हूं।",ईव टीज़िंग
"मैं लगभग रुपये की नकदी की चोरी की रिपोर्ट करना चाहता हूं। 15,000 जो बोरीवली में हुआ। यह घटना मेरे कॉलेज जाते समय मुख्य बाजार क्षेत्र के पास घटी। जब मुझे एहसास हुआ कि यह गायब है, तो मैंने तुरंत आसपास की जाँच की लेकिन कुछ नहीं मिला। मुझे संदेह है कि इसे किसी ऐसे व्यक्ति ने चुराया है जो कुछ समय से मेरा पीछा कर रहा था। चोरी गए सामान की अनुमानित कीमत करीब तीन लाख रुपये है। 1,00,000. मैंने स्थानीय दुकानदारों को पहले ही सूचित कर दिया है कि उन्हें कुछ भी असामान्य दिखे। मैं पुलिस से मामले की जांच करने और मेरा सामान बरामद करने में मदद करने का अनुरोध करता हूं। यदि उपलब्ध हो तो मैं कोई भी अतिरिक्त विवरण या सीसीटीवी फुटेज स्थान प्रदान करने के लिए तैयार हूं।",चोरी
"मुझे मेरे पूर्व-साथी द्वारा ब्लैकमेल किया जा रहा है जो मेरे बारे में निजी जानकारी उजागर करने की धमकी दे रहा है। ब्लैकमेल की कोशिशें 18 तारीख को स्नैपचैट पर संदेशों के जरिए शुरू हुईं। वे रुपये मांग रहे हैं. 35,000 न देने पर वे मुझे सार्वजनिक रूप से बदनाम करने की धमकी देते हैं। मैंने अब तक उनकी कोई भी मांग नहीं मानी है।' लगातार मिल रही इन धमकियों से मानसिक दबाव असहनीय होता जा रहा है। मैंने इस मामले से जुड़े सभी मैसेज और कॉल का रिकॉर्ड रखा है.' मैं इस ब्लैकमेल को रोकने और मेरी गोपनीयता की रक्षा के लिए तत्काल कार्रवाई का अनुरोध करता हूं। कृपया सलाह दें कि मैं इस व्यक्ति के खिलाफ क्या कानूनी कदम उठा सकता हूं।",ब्लैकमेल
"व्हाट्सएप पर कोई मुझे बार-बार अनुचित संदेश और टिप्पणियां भेज रहा है। यह उत्पीड़न पिछले महीने की 10 तारीख को शुरू हुआ और हाल ही में इसकी आवृत्ति में वृद्धि हुई है। उस व्यक्ति ने मेरे सार्वजनिक पोस्ट पर भी अश्लील टिप्पणी की है.' मैंने उन्हें समझाने की कोशिश की, लेकिन उन्होंने और भी अश्लील संदेश जारी रखे। उन्होंने मेरे दोस्तों और परिवार को भी शर्मनाक और झूठे पोस्ट में टैग किया। मैं बेहद परेशान हूं और अब शांति से सोशल मीडिया का इस्तेमाल नहीं कर पा रहा हूं।' मेरा अनुरोध है कि खाते का पता लगाया जाए और उचित कार्रवाई की जाए। मैं अपनी शिकायत के समर्थन में आवश्यक स्क्रीनशॉट संलग्न कर रहा हूं।",साइबर उत्पीड़न
"मैं कोथरुड में एक अज्ञात व्यक्ति द्वारा लगातार किए जा रहे उत्पीड़न की रिपोर्ट करना चाहती हूं। यह पिछले दो सप्ताह से शुरू हुआ और तब से बंद नहीं हुआ है. कोई अनजान व्यक्ति दूसरों के सामने मेरे बारे में अपमानजनक टिप्पणियाँ करता रहता है। जब मैं काम से लौट रही थी तो मेरे घर के पास इस व्यक्ति ने फिर से मेरे साथ दुर्व्यवहार किया। मैंने उनसे विनम्रतापूर्वक रुकने के लिए कहा, लेकिन वे मुझे परेशान करते रहे। इससे मेरी मानसिक शांति प्रभावित हो रही है और मुझे अकेले बाहर निकलने में डर लगता है।' मैं पुलिस से जिम्मेदार व्यक्ति के खिलाफ सख्त कार्रवाई करने का अनुरोध करता हूं।' मैं जांच के लिए आवश्यक कोई भी अतिरिक्त विवरण प्रदान करने के लिए तैयार हूं।",उत्पीड़न
"मैं नागपुर शहर में अपने पड़ोसी से लगातार हो रहे उत्पीड़न की रिपोर्ट करना चाहती हूं। यह पिछले शुक्रवार को शुरू हुआ और तब से रुका नहीं है। मेरा पड़ोसी दूसरों के सामने मेरे बारे में अपमानजनक टिप्पणियाँ करता रहता है। दो दिन पहले इस व्यक्ति ने मेरे घर के पास फिर मेरे साथ गलत हरकत की. मैंने उनसे विनम्रतापूर्वक रुकने के लिए कहा, लेकिन वे मुझे परेशान करते रहे। इससे मेरी मानसिक शांति प्रभावित हो रही है और मुझे अकेले बाहर निकलने में डर लगता है।' मैं पुलिस से जिम्मेदार व्यक्ति के खिलाफ सख्त कार्रवाई करने का अनुरोध करता हूं।' मैं जांच के लिए आवश्यक कोई भी अतिरिक्त विवरण प्रदान करने के लिए तैयार हूं।",उत्पीड़न
"मैं नासिक रोड स्थित अपने आवास पर अपने ससुराल वालों द्वारा झेली जा रही घरेलू हिंसा की रिपोर्ट करना चाहती हूं। शारीरिक और मानसिक शोषण पिछले शुक्रवार से जारी है। छोटी-छोटी घरेलू बातों पर अक्सर मुझे पीटा जाता है और गाली-गलौज की जाती है। उन्होंने मुझे बिना किसी सहारे के घर से बाहर निकाल देने की धमकी भी दी है. मेरे बच्चों ने ये घटनाएं देखी हैं, जिसका उन पर बुरा असर पड़ा है.' मैंने इसे शांतिपूर्ण तरीके से सुलझाने की कोशिश की है, लेकिन दुर्व्यवहार बढ़ता ही जा रहा है। मैं इस दुरुपयोग के लिए जिम्मेदार लोगों के खिलाफ सुरक्षा और कानूनी कार्रवाई का अनुरोध करता हूं। यदि आवश्यक हुआ तो मैं मेडिकल रिकॉर्ड और गवाहों के बयान उपलब्ध कराने के लिए तैयार हूं।",घरेलू हिंसा
"मेरे पड़ोसी द्वारा मुझे ब्लैकमेल किया जा रहा है जो मेरे बारे में निजी जानकारी उजागर करने की धमकी दे रहा है। पिछले दो सप्ताह से अज्ञात फोन नंबर पर मैसेज के जरिए ब्लैकमेल की कोशिशें शुरू हो गईं। वे रुपये मांग रहे हैं. 2,50,000 न देने पर वे मुझे सार्वजनिक रूप से बदनाम करने की धमकी देते हैं। मैंने अब तक उनकी कोई भी मांग नहीं मानी है।' लगातार मिल रही इन धमकियों से मानसिक दबाव असहनीय होता जा रहा है। मैंने इस मामले से जुड़े सभी मैसेज और कॉल का रिकॉर्ड रखा है.' मैं इस ब्लैकमेल को रोकने और मेरी गोपनीयता की रक्षा के लिए तत्काल कार्रवाई का अनुरोध करता हूं। कृपया सलाह दें कि मैं इस व्यक्ति के खिलाफ क्या कानूनी कदम उठा सकता हूं।",ब्लैकमेल
"मैं वाकाड में एक अजनबी द्वारा लगातार किए जा रहे उत्पीड़न की रिपोर्ट करना चाहती हूं। यह इस महीने की 3 तारीख को शुरू हुआ और तब से बंद नहीं हुआ है। कोई अजनबी दूसरों के सामने मेरे बारे में अपमानजनक टिप्पणियाँ करता रहता है। आधी रात के करीब इस शख्स ने मेरे घर के पास फिर से मेरे साथ गलत हरकत की. मैंने उनसे विनम्रतापूर्वक रुकने के लिए कहा, लेकिन वे मुझे परेशान करते रहे। इससे मेरी मानसिक शांति प्रभावित हो रही है और मुझे अकेले बाहर निकलने में डर लगता है।' मैं पुलिस से जिम्मेदार व्यक्ति के खिलाफ सख्त कार्रवाई करने का अनुरोध करता हूं।' मैं जांच के लिए आवश्यक कोई भी अतिरिक्त विवरण प्रदान करने के लिए तैयार हूं।",उत्पीड़न
"मैं रिपोर्ट करना चाहता हूं कि मेरा पूर्व साथी टेलीग्राम का उपयोग करके मुझे ब्लैकमेल कर रहा है। 18 तारीख को इस शख्स ने मेरी निजी तस्वीरें और जानकारी लीक करने की धमकी दी है. वे रुपये की मांग कर रहे हैं. सामग्री को सार्वजनिक न करने के बदले में 50,000 रु. मैंने पैसे देने से इनकार कर दिया है, जिसके बाद धमकियां और भी बढ़ गई हैं. इस ब्लैकमेल से मुझे गंभीर मानसिक तनाव और सामाजिक शर्मिंदगी का डर सता रहा है। मैंने सभी चैट वार्तालाप और स्क्रीनशॉट को साक्ष्य के रूप में सहेजा है। मैं साइबर अपराध विभाग से जांच करने और सख्त कार्रवाई करने का अनुरोध करता हूं।' मैं यह सुनिश्चित करने के लिए पूरा सहयोग करने को तैयार हूं कि इस व्यक्ति को जवाबदेह ठहराया जाए।",ब्लैकमेल
"मैं रिपोर्ट करना चाहता हूं कि मेरा पड़ोसी एक अज्ञात फोन नंबर का उपयोग करके मुझे ब्लैकमेल कर रहा है। इस महीने की 3 तारीख से इस व्यक्ति ने मेरी निजी तस्वीरें और जानकारी लीक करने की धमकी दी है। वे रुपये की मांग कर रहे हैं. सामग्री को सार्वजनिक न करने के बदले में 2,50,000 रु. मैंने पैसे देने से इनकार कर दिया है, जिसके बाद धमकियां और भी बढ़ गई हैं. इस ब्लैकमेल से मुझे गंभीर मानसिक तनाव और सामाजिक शर्मिंदगी का डर सता रहा है। मैंने सभी चैट वार्तालाप और स्क्रीनशॉट को साक्ष्य के रूप में सहेजा है। मैं साइबर अपराध विभाग से जांच करने और सख्त कार्रवाई करने का अनुरोध करता हूं।' मैं यह सुनिश्चित करने के लिए पूरा सहयोग करने को तैयार हूं कि इस व्यक्ति को जवाबदेह ठहराया जाए।",ब्लैकमेल
मैं दादर में हुई छेड़छाड़ की एक घटना की रिपोर्ट करना चाहता हूं। जब मैं बाजार से वापस आ रही थी तो चलते समय एक अनजान आदमी ने मुझ पर अश्लील कमेंट किए। उन्होंने सीटियां भी बजाईं और मेरे और मेरे दोस्त की ओर अनुचित इशारे भी किए। जब मैंने उन्हें नज़रअंदाज कर दूर जाने की कोशिश की तो उन्होंने कुछ दूर तक पीछा किया। इस तरह के व्यवहार से मुझे अकेले यात्रा करते समय असुरक्षित महसूस होने लगा है। क्षेत्र की अन्य महिलाओं को भी उसी स्थान पर इसी तरह के उत्पीड़न का सामना करना पड़ा है। मैं ऐसी घटनाओं को रोकने के लिए इस क्षेत्र में पुलिस गश्त बढ़ाने का अनुरोध करता हूं। यदि लाइन-अप या सीसीटीवी समीक्षा की व्यवस्था की जाती है तो मैं व्यक्तियों की पहचान करने के लिए तैयार हूं।,ईव टीज़िंग
"मैं नागपुर शहर में देखी गई एक संदिग्ध गतिविधि की रिपोर्ट करना चाहता हूं। पिछले शुक्रवार से, अज्ञात व्यक्ति विषम समय में परित्यक्त इमारत के पास इकट्ठा हो रहे हैं। निवासियों को संदेह है कि रात में वहां कुछ अवैध गतिविधि हो सकती है। उस स्थान से तेज़ आवाज़ें और कभी-कभार बहसें सुनाई देती रही हैं। इससे आसपास रहने वाले परिवारों में सुरक्षा संबंधी चिंताएं बढ़ गई हैं। स्थानीय वार्ड कार्यालय को सूचित करने के बावजूद कोई आधिकारिक कार्रवाई नहीं की गई है। मैं अधिकारियों से इस मामले की जांच करने और निवासियों की सुरक्षा सुनिश्चित करने का अनुरोध करता हूं। यदि आवश्यक हुआ तो मैं अधिक विवरण प्रदान करने या अधिकारियों के साथ जाने को तैयार हूं।",अन्य
"व्हाट्सएप पर कोई मुझे बार-बार अनुचित संदेश और टिप्पणियां भेज रहा है। यह उत्पीड़न पिछले शुक्रवार को शुरू हुआ और हाल ही में इसकी आवृत्ति में वृद्धि हुई है। उस व्यक्ति ने मेरे सार्वजनिक पोस्ट पर भी अश्लील टिप्पणी की है.' मैंने उन्हें समझाने की कोशिश की, लेकिन उन्होंने और भी अश्लील संदेश जारी रखे। उन्होंने मेरे दोस्तों और परिवार को भी शर्मनाक और झूठे पोस्ट में टैग किया। मैं बेहद परेशान हूं और अब शांति से सोशल मीडिया का इस्तेमाल नहीं कर पा रहा हूं।' मेरा अनुरोध है कि खाते का पता लगाया जाए और उचित कार्रवाई की जाए। मैं अपनी शिकायत के समर्थन में आवश्यक स्क्रीनशॉट संलग्न कर रहा हूं।",साइबर उत्पीड़न
"मैं नासिक रोड पर हुई अपनी पत्नी के हैंडबैग की चोरी की रिपोर्ट करना चाहता हूं। यह घटना कल शाम मुख्य बाजार क्षेत्र के पास हुई। जब मुझे एहसास हुआ कि यह गायब है, तो मैंने तुरंत आसपास की जाँच की लेकिन कुछ नहीं मिला। मुझे संदेह है कि इसे किसी ऐसे व्यक्ति ने चुराया है जो कुछ समय से मेरा पीछा कर रहा था। चोरी गए सामान की अनुमानित कीमत करीब तीन लाख रुपये है। 12,000. मैंने स्थानीय दुकानदारों को पहले ही सूचित कर दिया है कि उन्हें कुछ भी असामान्य दिखे। मैं पुलिस से मामले की जांच करने और मेरा सामान बरामद करने में मदद करने का अनुरोध करता हूं। यदि उपलब्ध हो तो मैं कोई भी अतिरिक्त विवरण या सीसीटीवी फुटेज स्थान प्रदान करने के लिए तैयार हूं।",चोरी
"मैं हडपसर में टूटी हुई स्ट्रीट लाइट और क्षतिग्रस्त फुटपाथ की रिपोर्ट करना चाहता हूं जिससे सुरक्षा संबंधी समस्याएं पैदा हो रही हैं। बिना किसी मरम्मत कार्य के यह समस्या इस महीने की तीसरी तारीख से बनी हुई है। इस इलाके में बुजुर्गों और बच्चों को सुरक्षित चलने में काफी दिक्कत होती है। बारिश के दौरान इलाके में पानी भर जाता है, जिससे गिरने का खतरा बढ़ जाता है। यहां लोगों के फिसलने और घायल होने की कुछ घटनाएं हो चुकी हैं। मैं अन्य निवासियों के साथ इस सार्वजनिक बुनियादी ढांचे की तत्काल मरम्मत का अनुरोध करता हूं। इससे रोजाना गुजरने वाले राहगीरों और वाहनों को लगातार खतरा बना हुआ है। मैं इस मामले को सुलझाने के लिए नगर निगम अधिकारियों से त्वरित कार्रवाई का अनुरोध करता हूं।",सार्वजनिक सुरक्षा
मुझे और मेरे परिवार को पिंपरी में रहने वाले मेरे समाज के एक व्यक्ति द्वारा परेशान किया जा रहा है। पिछले महीने की 10 तारीख से उत्पीड़न जारी है। जब भी वे मुझे देखते हैं तो भद्दे कमेंट करते हैं और परेशानी पैदा करने की कोशिश करते हैं। दो दिन पहले स्थिति तब और खराब हो गई जब वे मुझसे सीधे भिड़ गए। इस लगातार उत्पीड़न के कारण मैं काम पर जाने में असुरक्षित महसूस करती हूं। मेरे परिवार के सदस्यों ने भी कई मौकों पर इस व्यवहार को देखा है। मैं तत्काल हस्तक्षेप का अनुरोध करता हूं ताकि यह उत्पीड़न स्थायी रूप से बंद हो जाए। कृपया मेरी शिकायत दर्ज कर आवश्यक कानूनी कार्रवाई करें।,उत्पीड़न
मैं कल्याण में अपने पूर्व-प्रेमी द्वारा पीछा किए जाने के संबंध में शिकायत दर्ज करना चाहती हूं। पिछले महीने की 10 तारीख से यह व्यक्ति लगभग हर दिन मेरा पीछा कर रहा है। जब मैं बाज़ार से वापस आ रहा था तो मैंने देखा कि वही व्यक्ति फिर से मेरे घर के बाहर इंतज़ार कर रहा था। वे भी मेरे पीछे-पीछे मेरे कार्यस्थल तक आते हैं और गेट के पास इंतजार करते हैं। मैंने देखा है कि एक ही वाहन कई बार मेरे ऑटो-रिक्शा का पीछा कर रहा है। इस निरंतर अनुसरण ने मुझे अपनी सुरक्षा के लिए अत्यधिक चिंतित और भयभीत कर दिया है। मैं पुलिस से जांच करने और इस व्यक्ति को मेरा पीछा करने से रोकने का अनुरोध करता हूं। मैं उस व्यक्ति की पहचान करने और जरूरत पड़ने पर और विवरण प्रदान करने को तैयार हूं।,स्टॉकिंग
मैं कल्याण में हुई छेड़छाड़ की एक घटना की रिपोर्ट करना चाहता हूं। आधी रात के करीब जब मैं टहल रही थी तो कुछ युवकों ने मुझ पर अश्लील टिप्पणियाँ कीं। उन्होंने सीटियां भी बजाईं और मेरे और मेरे दोस्त की ओर अनुचित इशारे भी किए। जब मैंने उन्हें नज़रअंदाज कर दूर जाने की कोशिश की तो उन्होंने कुछ दूर तक पीछा किया। इस तरह के व्यवहार से मुझे अकेले यात्रा करते समय असुरक्षित महसूस होने लगा है। क्षेत्र की अन्य महिलाओं को भी उसी स्थान पर इसी तरह के उत्पीड़न का सामना करना पड़ा है। मैं ऐसी घटनाओं को रोकने के लिए इस क्षेत्र में पुलिस गश्त बढ़ाने का अनुरोध करता हूं। यदि लाइन-अप या सीसीटीवी समीक्षा की व्यवस्था की जाती है तो मैं व्यक्तियों की पहचान करने के लिए तैयार हूं।,ईव टीज़िंग
"एक व्यक्ति, जिसकी पहचान मेरे पड़ोसी के रूप में हुई है, पिछले शुक्रवार से मेरा पीछा कर रहा है। सोमवार दोपहर को वे मेरे कॉलेज के गेट के पास खड़े होकर मुझे देखते दिखे। मेरे कई बार मना करने के बाद भी वे बार-बार मुझसे बात करने की कोशिश करते हैं। मेरे दोस्तों ने भी देखा है कि यह व्यक्ति अलग-अलग दिनों में मेरा पीछा कर रहा है। ऐसा लगता है कि यह व्यक्ति मेरी दिनचर्या जानता है, जो बहुत चिंताजनक है। मुझे डर है कि अगर इसे नहीं रोका गया तो यह और भी खतरनाक रूप ले सकता है। मेरा अनुरोध है कि इस व्यक्ति के खिलाफ तुरंत सख्त कार्रवाई की जाए।' कृपया मेरी सुरक्षा सुनिश्चित करने के लिए अगले कदमों पर मेरा मार्गदर्शन करें।",स्टॉकिंग
"मैं कल्याण में एक अज्ञात व्यक्ति द्वारा लगातार किए जा रहे उत्पीड़न की रिपोर्ट करना चाहती हूं। यह कुछ दिन पहले शुरू हुआ और तब से बंद नहीं हुआ है. कोई अनजान व्यक्ति दूसरों के सामने मेरे बारे में अपमानजनक टिप्पणियाँ करता रहता है। शाम की सैर के दौरान मेरे घर के पास इस शख्स ने फिर मेरे साथ बदसलूकी की. मैंने उनसे विनम्रतापूर्वक रुकने के लिए कहा, लेकिन वे मुझे परेशान करते रहे। इससे मेरी मानसिक शांति प्रभावित हो रही है और मुझे अकेले बाहर निकलने में डर लगता है।' मैं पुलिस से जिम्मेदार व्यक्ति के खिलाफ सख्त कार्रवाई करने का अनुरोध करता हूं।' मैं जांच के लिए आवश्यक कोई भी अतिरिक्त विवरण प्रदान करने के लिए तैयार हूं।",उत्पीड़न
"व्हाट्सएप पर कोई मुझे बार-बार अनुचित संदेश और टिप्पणियां भेज रहा है। यह उत्पीड़न 15 जुलाई को शुरू हुआ और हाल ही में इसकी आवृत्ति में वृद्धि हुई है। उस व्यक्ति ने मेरे सार्वजनिक पोस्ट पर भी अश्लील टिप्पणी की है.' मैंने उन्हें समझाने की कोशिश की, लेकिन उन्होंने और भी अश्लील संदेश जारी रखे। उन्होंने मेरे दोस्तों और परिवार को भी शर्मनाक और झूठे पोस्ट में टैग किया। मैं बेहद परेशान हूं और अब शांति से सोशल मीडिया का इस्तेमाल नहीं कर पा रहा हूं।' मेरा अनुरोध है कि खाते का पता लगाया जाए और उचित कार्रवाई की जाए। मैं अपनी शिकायत के समर्थन में आवश्यक स्क्रीनशॉट संलग्न कर रहा हूं।",साइबर उत्पीड़न
"मैं रिपोर्ट करना चाहता हूं कि मुझे एक फर्जी ईमेल आईडी के जरिए ऑनलाइन परेशान किया जा रहा है। एक अज्ञात यूजर 15 जुलाई से मुझे अपमानजनक और धमकी भरे संदेश भेज रहा है। उन्होंने मेरी सहमति के बिना मेरी तस्वीरों का उपयोग करके एक फर्जी प्रोफ़ाइल भी बनाई है। यह व्यक्ति मेरे दोस्तों और रिश्तेदारों को मेरे बारे में आपत्तिजनक सामग्री वाले संदेश भेज रहा है। मैंने खाते को ब्लॉक करने का प्रयास किया है, लेकिन नए नकली खाते सामने आते रहते हैं। इस ऑनलाइन उत्पीड़न के कारण मुझे बहुत तनाव और शर्मिंदगी उठानी पड़ रही है। मैं साइबर क्राइम सेल से अनुरोध करता हूं कि खाते का पता लगाया जाए और सख्त कार्रवाई की जाए। मैं उत्पीड़न के सबूत के रूप में स्क्रीनशॉट और चैट इतिहास साझा कर सकता हूं।",साइबर उत्पीड़न
"मैं नासिक रोड में सड़कों की स्थिति के संबंध में सार्वजनिक सुरक्षा चिंता उठाना चाहता हूं। मुख्य सड़क के पास एक खुला मैनहोल है जो पिछले दो सप्ताह से खुला पड़ा है। इस स्थान पर पहले भी कई दोपहिया वाहन चालक छोटी-मोटी दुर्घटना का शिकार हो चुके हैं। खतरनाक क्षेत्र के आसपास कोई चेतावनी संकेत या बैरिकेड्स नहीं लगाए गए हैं। रात के समय खराब स्ट्रीट लाइट के कारण हादसों का खतरा और भी बढ़ जाता है। स्थानीय निवासी पहले भी यह मुद्दा उठा चुके हैं, लेकिन कोई कार्रवाई नहीं हुई। मैं संबंधित अधिकारियों से मैनहोल की मरम्मत करने और उचित रोशनी सुनिश्चित करने का अनुरोध करता हूं। यह एक गंभीर सार्वजनिक सुरक्षा ख़तरा है जिस पर तत्काल ध्यान देने की आवश्यकता है।",सार्वजनिक सुरक्षा
"मैं औंध में सड़कों की स्थिति के संबंध में सार्वजनिक सुरक्षा चिंता उठाना चाहता हूं। मुख्य सड़क के पास एक खुला मैनहोल है जिसे 22 जून से खुला रखा गया है। इस स्थान पर पहले भी कई दोपहिया वाहन चालक छोटी-मोटी दुर्घटना का शिकार हो चुके हैं। खतरनाक क्षेत्र के आसपास कोई चेतावनी संकेत या बैरिकेड्स नहीं लगाए गए हैं। रात के समय खराब स्ट्रीट लाइट के कारण हादसों का खतरा और भी बढ़ जाता है। स्थानीय निवासी पहले भी यह मुद्दा उठा चुके हैं, लेकिन कोई कार्रवाई नहीं हुई। मैं संबंधित अधिकारियों से मैनहोल की मरम्मत करने और उचित रोशनी सुनिश्चित करने का अनुरोध करता हूं। यह एक गंभीर सार्वजनिक सुरक्षा ख़तरा है जिस पर तत्काल ध्यान देने की आवश्यकता है।",सार्वजनिक सुरक्षा
"मुझे एक अजनबी द्वारा ब्लैकमेल किया जा रहा है जो मेरे बारे में निजी जानकारी उजागर करने की धमकी दे रहा है। ब्लैकमेल की कोशिशें इस महीने की 3 तारीख को एक अज्ञात फोन नंबर पर संदेशों के जरिए शुरू हुईं। वे रुपये मांग रहे हैं. 20,000 न देने पर वे मुझे सार्वजनिक रूप से बदनाम करने की धमकी देते हैं। मैंने अब तक उनकी कोई भी मांग नहीं मानी है।' लगातार मिल रही इन धमकियों से मानसिक दबाव असहनीय होता जा रहा है। मैंने इस मामले से जुड़े सभी मैसेज और कॉल का रिकॉर्ड रखा है.' मैं इस ब्लैकमेल को रोकने और मेरी गोपनीयता की रक्षा के लिए तत्काल कार्रवाई का अनुरोध करता हूं। कृपया सलाह दें कि मैं इस व्यक्ति के खिलाफ क्या कानूनी कदम उठा सकता हूं।",ब्लैकमेल
"मैं सदर बाजार में टूटी हुई स्ट्रीट लाइट और क्षतिग्रस्त फुटपाथ की रिपोर्ट करना चाहता हूं जिससे सुरक्षा संबंधी समस्याएं पैदा हो रही हैं। बिना किसी मरम्मत कार्य के यह समस्या 22 जून से बनी हुई है। इस इलाके में बुजुर्गों और बच्चों को सुरक्षित चलने में काफी दिक्कत होती है। बारिश के दौरान इलाके में पानी भर जाता है, जिससे गिरने का खतरा बढ़ जाता है। यहां लोगों के फिसलने और घायल होने की कुछ घटनाएं हो चुकी हैं। मैं अन्य निवासियों के साथ इस सार्वजनिक बुनियादी ढांचे की तत्काल मरम्मत का अनुरोध करता हूं। इससे रोजाना गुजरने वाले राहगीरों और वाहनों को लगातार खतरा बना हुआ है। मैं इस मामले को सुलझाने के लिए नगर निगम अधिकारियों से त्वरित कार्रवाई का अनुरोध करता हूं।",सार्वजनिक सुरक्षा
"मैं खराडी में सड़कों की स्थिति के संबंध में सार्वजनिक सुरक्षा चिंता उठाना चाहता हूं। मुख्य सड़क के पास एक खुला मैनहोल है जिसे 22 जून से खुला रखा गया है। इस स्थान पर पहले भी कई दोपहिया वाहन चालक छोटी-मोटी दुर्घटना का शिकार हो चुके हैं। खतरनाक क्षेत्र के आसपास कोई चेतावनी संकेत या बैरिकेड्स नहीं लगाए गए हैं। रात के समय खराब स्ट्रीट लाइट के कारण हादसों का खतरा और भी बढ़ जाता है। स्थानीय निवासी पहले भी यह मुद्दा उठा चुके हैं, लेकिन कोई कार्रवाई नहीं हुई। मैं संबंधित अधिकारियों से मैनहोल की मरम्मत करने और उचित रोशनी सुनिश्चित करने का अनुरोध करता हूं। यह एक गंभीर सार्वजनिक सुरक्षा ख़तरा है जिस पर तत्काल ध्यान देने की आवश्यकता है।",सार्वजनिक सुरक्षा
"मैं चिंचवड़ में देखी गई एक संदिग्ध गतिविधि की रिपोर्ट करना चाहता हूं। 2 अगस्त से, अज्ञात व्यक्ति अजीब समय पर परित्यक्त इमारत के पास इकट्ठा हो रहे हैं। निवासियों को संदेह है कि रात में वहां कुछ अवैध गतिविधि हो सकती है। उस स्थान से तेज़ आवाज़ें और कभी-कभार बहसें सुनाई देती रही हैं। इससे आसपास रहने वाले परिवारों में सुरक्षा संबंधी चिंताएं बढ़ गई हैं। स्थानीय वार्ड कार्यालय को सूचित करने के बावजूद कोई आधिकारिक कार्रवाई नहीं की गई है। मैं अधिकारियों से इस मामले की जांच करने और निवासियों की सुरक्षा सुनिश्चित करने का अनुरोध करता हूं। यदि आवश्यक हुआ तो मैं अधिक विवरण प्रदान करने या अधिकारियों के साथ जाने को तैयार हूं।",अन्य
मैं घर में लगातार घरेलू दुर्व्यवहार के लिए अपने ससुर के खिलाफ यह शिकायत दर्ज कर रही हूं। चूँकि पिछले दो सप्ताह से मुझ पर शारीरिक हमला और उत्पीड़न किया जा रहा है। मुझे बुनियादी ज़रूरतों से भी वंचित कर दिया जाता है और बिना कारण घर तक सीमित कर दिया जाता है। जब भी मैं बोलने की कोशिश करता हूं तो बार-बार हिंसा की धमकियां मिलती रहती हैं। मेरे रिश्तेदार स्थिति से अवगत हैं और दुर्व्यवहार की गवाही दे सकते हैं। मुझे अपनी सुरक्षा और मेरे साथ रहने वाले मेरे बच्चों की सुरक्षा का डर है। मैं कानून के तहत तत्काल सुरक्षा और उचित कानूनी कार्रवाई का अनुरोध करता हूं। कृपया मेरी स्थिति के लिए उपलब्ध आश्रय और कानूनी सहायता के संबंध में मेरा मार्गदर्शन करें।,घरेलू हिंसा
"मैं ठाणे में हुई अपनी पत्नी के हैंडबैग की चोरी की रिपोर्ट करना चाहता हूं। घटना आज सुबह करीब 8 बजे मुख्य बाजार इलाके के पास हुई. जब मुझे एहसास हुआ कि यह गायब है, तो मैंने तुरंत आसपास की जाँच की लेकिन कुछ नहीं मिला। मुझे संदेह है कि इसे किसी ऐसे व्यक्ति ने चुराया है जो कुछ समय से मेरा पीछा कर रहा था। चोरी गए सामान की अनुमानित कीमत करीब तीन लाख रुपये है। 12,000. मैंने स्थानीय दुकानदारों को पहले ही सूचित कर दिया है कि उन्हें कुछ भी असामान्य दिखे। मैं पुलिस से मामले की जांच करने और मेरा सामान बरामद करने में मदद करने का अनुरोध करता हूं। यदि उपलब्ध हो तो मैं कोई भी अतिरिक्त विवरण या सीसीटीवी फुटेज स्थान प्रदान करने के लिए तैयार हूं।",चोरी
मैं चिंचवड़ में हुई छेड़छाड़ की एक घटना की रिपोर्ट करना चाहता हूं। जब मैं काम से लौट रही थी तो कुछ युवकों ने चलते समय मुझ पर अश्लील कमेंट किए। उन्होंने सीटियां भी बजाईं और मेरे और मेरे दोस्त की ओर अनुचित इशारे भी किए। जब मैंने उन्हें नज़रअंदाज कर दूर जाने की कोशिश की तो उन्होंने कुछ दूर तक पीछा किया। इस तरह के व्यवहार से मुझे अकेले यात्रा करते समय असुरक्षित महसूस होने लगा है। क्षेत्र की अन्य महिलाओं को भी उसी स्थान पर इसी तरह के उत्पीड़न का सामना करना पड़ा है। मैं ऐसी घटनाओं को रोकने के लिए इस क्षेत्र में पुलिस गश्त बढ़ाने का अनुरोध करता हूं। यदि लाइन-अप या सीसीटीवी समीक्षा की व्यवस्था की जाती है तो मैं व्यक्तियों की पहचान करने के लिए तैयार हूं।,ईव टीज़िंग
"मैं पिंपरी में हुई अपने लैपटॉप बैग की चोरी की रिपोर्ट करना चाहता हूं। यह घटना तब हुई जब मैं बाजार से वापस आ रहा था, मुख्य बाजार क्षेत्र के पास। जब मुझे एहसास हुआ कि यह गायब है, तो मैंने तुरंत आसपास की जाँच की लेकिन कुछ नहीं मिला। मुझे संदेह है कि इसे किसी ऐसे व्यक्ति ने चुराया है जो कुछ समय से मेरा पीछा कर रहा था। चोरी गए सामान की अनुमानित कीमत करीब तीन लाख रुपये है। 50,000. मैंने स्थानीय दुकानदारों को पहले ही सूचित कर दिया है कि उन्हें कुछ भी असामान्य दिखे। मैं पुलिस से मामले की जांच करने और मेरा सामान बरामद करने में मदद करने का अनुरोध करता हूं। यदि उपलब्ध हो तो मैं कोई भी अतिरिक्त विवरण या सीसीटीवी फुटेज स्थान प्रदान करने के लिए तैयार हूं।",चोरी
"मैं ठाणे में शोर और उपद्रव के संबंध में एक सामान्य सुरक्षा शिकायत दर्ज करना चाहता हूं। 2 अगस्त के लिए, पास का एक प्रतिष्ठान अनुमत समय से अधिक जोर-शोर से काम कर रहा है। इससे आस-पड़ोस की शांति भंग हो गई है, विशेषकर बुजुर्ग निवासियों और बच्चों के लिए। मालिकों से शोर कम करने के बार-बार अनुरोध को नजरअंदाज कर दिया गया है। सप्ताहांत पर स्थिति और भी गंभीर हो जाती है जब अशांति देर रात तक जारी रहती है। इस मुद्दे को स्थानीय अधिकारियों के सामने उठाने के लिए कई पड़ोसी एकजुट हुए हैं। मैं यह सुनिश्चित करने के लिए आवश्यक कार्रवाई का अनुरोध करता हूं कि शोर के स्तर को नियंत्रण में लाया जाए। कृपया निवासियों की भलाई के लिए इस मामले पर जल्द से जल्द ध्यान दें।",अन्य
"इंस्टाग्राम पर कोई मुझे बार-बार अनुचित संदेश और टिप्पणियां भेज रहा है। यह उत्पीड़न पिछले महीने की 10 तारीख को शुरू हुआ और हाल ही में इसकी आवृत्ति में वृद्धि हुई है। उस व्यक्ति ने मेरे सार्वजनिक पोस्ट पर भी अश्लील टिप्पणी की है.' मैंने उन्हें समझाने की कोशिश की, लेकिन उन्होंने और भी अश्लील संदेश जारी रखे। उन्होंने मेरे दोस्तों और परिवार को भी शर्मनाक और झूठे पोस्ट में टैग किया। मैं बेहद परेशान हूं और अब शांति से सोशल मीडिया का इस्तेमाल नहीं कर पा रहा हूं।' मेरा अनुरोध है कि खाते का पता लगाया जाए और उचित कार्रवाई की जाए। मैं अपनी शिकायत के समर्थन में आवश्यक स्क्रीनशॉट संलग्न कर रहा हूं।",साइबर उत्पीड़न
"मैं पिंपरी में हुई नकदी और कार्ड वाले अपने पर्स की चोरी की रिपोर्ट करना चाहता हूं। यह घटना तब हुई जब मैं बाजार से वापस आ रहा था, मुख्य बाजार क्षेत्र के पास। जब मुझे एहसास हुआ कि यह गायब है, तो मैंने तुरंत आसपास की जाँच की लेकिन कुछ नहीं मिला। मुझे संदेह है कि इसे किसी ऐसे व्यक्ति ने चुराया है जो कुछ समय से मेरा पीछा कर रहा था। चोरी गए सामान की अनुमानित कीमत करीब तीन लाख रुपये है। 1,00,000. मैंने स्थानीय दुकानदारों को पहले ही सूचित कर दिया है कि उन्हें कुछ भी असामान्य दिखे। मैं पुलिस से मामले की जांच करने और मेरा सामान बरामद करने में मदद करने का अनुरोध करता हूं। यदि उपलब्ध हो तो मैं कोई भी अतिरिक्त विवरण या सीसीटीवी फुटेज स्थान प्रदान करने के लिए तैयार हूं।",चोरी
"मैं रिपोर्ट करना चाहता हूं कि मुझे एक अज्ञात फोन नंबर के जरिए ऑनलाइन परेशान किया जा रहा है। एक अज्ञात उपयोगकर्ता इस महीने की 3 तारीख से मुझे अपमानजनक और धमकी भरे संदेश भेज रहा है। उन्होंने मेरी सहमति के बिना मेरी तस्वीरों का उपयोग करके एक फर्जी प्रोफ़ाइल भी बनाई है। यह व्यक्ति मेरे दोस्तों और रिश्तेदारों को मेरे बारे में आपत्तिजनक सामग्री वाले संदेश भेज रहा है। मैंने खाते को ब्लॉक करने का प्रयास किया है, लेकिन नए नकली खाते सामने आते रहते हैं। इस ऑनलाइन उत्पीड़न के कारण मुझे बहुत तनाव और शर्मिंदगी उठानी पड़ रही है। मैं साइबर क्राइम सेल से अनुरोध करता हूं कि खाते का पता लगाया जाए और सख्त कार्रवाई की जाए। मैं उत्पीड़न के सबूत के रूप में स्क्रीनशॉट और चैट इतिहास साझा कर सकता हूं।",साइबर उत्पीड़न
"मैं रिपोर्ट करना चाहता हूं कि मुझे चिंचवड़ में लड़कों के एक समूह से गंभीर धमकियां मिली हैं। 2 अगस्त से यह व्यक्ति मुझे और मेरे परिवार को नुकसान पहुंचाने की धमकी दे रहा है। अगर मैंने उनकी मांगें नहीं मानी तो उन्होंने मुझे गंभीर परिणाम भुगतने की चेतावनी दी है। धमकियाँ व्यक्तिगत रूप से और फोन कॉल दोनों पर दी गई हैं। मैं इन धमकियों के कारण अपने परिवार की सुरक्षा को लेकर बेहद चिंतित हूं।' मैंने उनकी किसी भी मांग का जवाब नहीं दिया, जिससे उनका गुस्सा और बढ़ गया है.' मैं पुलिस सुरक्षा और मुझे धमकी देने वाले व्यक्ति के खिलाफ तत्काल कार्रवाई का अनुरोध करता हूं। मैं इस शिकायत के समर्थन में कॉल रिकॉर्डिंग और गवाह विवरण प्रदान कर सकता हूं।",धमकी
"मैं रिपोर्ट करना चाहती हूं कि मुझे टेलीग्राम के जरिए ऑनलाइन परेशान किया जा रहा है। एक अज्ञात यूजर पिछले महीने की 10 तारीख से मुझे अपमानजनक और धमकी भरे संदेश भेज रहा है। उन्होंने मेरी सहमति के बिना मेरी तस्वीरों का उपयोग करके एक फर्जी प्रोफ़ाइल भी बनाई है। यह व्यक्ति मेरे दोस्तों और रिश्तेदारों को मेरे बारे में आपत्तिजनक सामग्री वाले संदेश भेज रहा है। मैंने खाते को ब्लॉक करने का प्रयास किया है, लेकिन नए नकली खाते सामने आते रहते हैं। इस ऑनलाइन उत्पीड़न के कारण मुझे बहुत तनाव और शर्मिंदगी उठानी पड़ रही है। मैं साइबर क्राइम सेल से अनुरोध करता हूं कि खाते का पता लगाया जाए और सख्त कार्रवाई की जाए। मैं उत्पीड़न के सबूत के रूप में स्क्रीनशॉट और चैट इतिहास साझा कर सकता हूं।",साइबर उत्पीड़न
"मैं पिंपरी बस स्टॉप के पास हुई एक छेड़छाड़ की घटना की रिपोर्ट कर रहा हूं। आज सुबह-सुबह, बस स्टॉप पर एक आदमी ने मुझे छेड़ना शुरू कर दिया और भद्दी टिप्पणियाँ करने लगा। उन्होंने मेरी अनुमति के बिना मेरी तस्वीरें खींचने की भी कोशिश की. मैंने उनका विरोध किया, लेकिन उन्होंने इसे हंसी में उड़ा दिया और अपना व्यवहार जारी रखा। यह पहली बार नहीं है जब इस स्थान पर ऐसी घटनाएं हुई हैं। इसी ग्रुप के बारे में कई अन्य लड़कियों ने अनौपचारिक रूप से शिकायत की है. मैं महिलाओं की सुरक्षा सुनिश्चित करने के लिए सख्त कार्रवाई और नियमित पुलिस उपस्थिति का अनुरोध करता हूं। यदि व्यक्तियों का पता लगाया जाता है तो मैं पहचान में सहायता करने को तैयार हूं।",ईव टीज़िंग
मुझे और मेरे परिवार को विले पार्ले में रहने वाले मेरे जीजा द्वारा परेशान किया जा रहा है। इस महीने की 3 तारीख से उत्पीड़न जारी है। जब भी वे मुझे देखते हैं तो भद्दे कमेंट करते हैं और परेशानी पैदा करने की कोशिश करते हैं। कल रात करीब 9 बजे स्थिति तब और खराब हो गई जब वे मुझसे सीधे भिड़ गए। इस लगातार उत्पीड़न के कारण मैं काम पर जाने में असुरक्षित महसूस करती हूं। मेरे परिवार के सदस्यों ने भी कई मौकों पर इस व्यवहार को देखा है। मैं तत्काल हस्तक्षेप का अनुरोध करता हूं ताकि यह उत्पीड़न स्थायी रूप से बंद हो जाए। कृपया मेरी शिकायत दर्ज कर आवश्यक कानूनी कार्रवाई करें।,उत्पीड़न
"मैं नागपुर शहर में अपने कार्यस्थल पर एक वरिष्ठ द्वारा लगातार किए जा रहे उत्पीड़न की रिपोर्ट करना चाहती हूं। यह पिछले दो सप्ताह से शुरू हुआ और तब से बंद नहीं हुआ है. मेरे कार्यस्थल पर एक वरिष्ठ दूसरों के सामने मेरे बारे में अपमानजनक टिप्पणियाँ करता रहता है। आज सुबह-सुबह मेरे घर के पास इस शख्स ने फिर मेरे साथ बदसलूकी की. मैंने उनसे विनम्रतापूर्वक रुकने के लिए कहा, लेकिन वे मुझे परेशान करते रहे। इससे मेरी मानसिक शांति प्रभावित हो रही है और मुझे अकेले बाहर निकलने में डर लगता है।' मैं पुलिस से जिम्मेदार व्यक्ति के खिलाफ सख्त कार्रवाई करने का अनुरोध करता हूं।' मैं जांच के लिए आवश्यक कोई भी अतिरिक्त विवरण प्रदान करने के लिए तैयार हूं।",उत्पीड़न
"मैं रिपोर्ट करना चाहती हूं कि मुझे स्नैपचैट के जरिए ऑनलाइन परेशान किया जा रहा है। एक अज्ञात उपयोगकर्ता पिछले शुक्रवार से मुझे अपमानजनक और धमकी भरे संदेश भेज रहा है। उन्होंने मेरी सहमति के बिना मेरी तस्वीरों का उपयोग करके एक फर्जी प्रोफ़ाइल भी बनाई है। यह व्यक्ति मेरे दोस्तों और रिश्तेदारों को मेरे बारे में आपत्तिजनक सामग्री वाले संदेश भेज रहा है। मैंने खाते को ब्लॉक करने का प्रयास किया है, लेकिन नए नकली खाते सामने आते रहते हैं। इस ऑनलाइन उत्पीड़न के कारण मुझे बहुत तनाव और शर्मिंदगी उठानी पड़ रही है। मैं साइबर क्राइम सेल से अनुरोध करता हूं कि खाते का पता लगाया जाए और सख्त कार्रवाई की जाए। मैं उत्पीड़न के सबूत के रूप में स्क्रीनशॉट और चैट इतिहास साझा कर सकता हूं।",साइबर उत्पीड़न
"मैं वाकड में सड़कों की स्थिति के संबंध में सार्वजनिक सुरक्षा चिंता उठाना चाहता हूं। मुख्य सड़क के पास एक खुला मैनहोल है जिसे 2 अगस्त से खुला रखा गया है। इस स्थान पर पहले भी कई दोपहिया वाहन चालक छोटी-मोटी दुर्घटना का शिकार हो चुके हैं। खतरनाक क्षेत्र के आसपास कोई चेतावनी संकेत या बैरिकेड्स नहीं लगाए गए हैं। रात के समय खराब स्ट्रीट लाइट के कारण हादसों का खतरा और भी बढ़ जाता है। स्थानीय निवासी पहले भी यह मुद्दा उठा चुके हैं, लेकिन कोई कार्रवाई नहीं हुई। मैं संबंधित अधिकारियों से मैनहोल की मरम्मत करने और उचित रोशनी सुनिश्चित करने का अनुरोध करता हूं। यह एक गंभीर सार्वजनिक सुरक्षा ख़तरा है जिस पर तत्काल ध्यान देने की आवश्यकता है।",सार्वजनिक सुरक्षा
"मैं नागपुर शहर में टूटी हुई स्ट्रीट लाइट और क्षतिग्रस्त फुटपाथ की रिपोर्ट करना चाहता हूं जिससे सुरक्षा संबंधी समस्याएं पैदा हो रही हैं। यह समस्या कुछ दिनों से बिना किसी मरम्मत कार्य के बनी हुई है। इस इलाके में बुजुर्गों और बच्चों को सुरक्षित चलने में काफी दिक्कत होती है। बारिश के दौरान इलाके में पानी भर जाता है, जिससे गिरने का खतरा बढ़ जाता है। यहां लोगों के फिसलने और घायल होने की कुछ घटनाएं हो चुकी हैं। मैं अन्य निवासियों के साथ इस सार्वजनिक बुनियादी ढांचे की तत्काल मरम्मत का अनुरोध करता हूं। इससे रोजाना गुजरने वाले राहगीरों और वाहनों को लगातार खतरा बना हुआ है। मैं इस मामले को सुलझाने के लिए नगर निगम अधिकारियों से त्वरित कार्रवाई का अनुरोध करता हूं।",सार्वजनिक सुरक्षा
हडपसर में रहने वाले लड़कों के एक समूह द्वारा मुझे और मेरे परिवार को परेशान किया जा रहा है। इस महीने की 3 तारीख से उत्पीड़न जारी है। जब भी वे मुझे देखते हैं तो भद्दे कमेंट करते हैं और परेशानी पैदा करने की कोशिश करते हैं। कल शाम को स्थिति तब और खराब हो गई जब वे सीधे मुझसे भिड़ गए। इस लगातार उत्पीड़न के कारण मैं काम पर जाने में असुरक्षित महसूस करती हूं। मेरे परिवार के सदस्यों ने भी कई मौकों पर इस व्यवहार को देखा है। मैं तत्काल हस्तक्षेप का अनुरोध करता हूं ताकि यह उत्पीड़न स्थायी रूप से बंद हो जाए। कृपया मेरी शिकायत दर्ज कर आवश्यक कानूनी कार्रवाई करें।,उत्पीड़न
"मैं रिपोर्ट करना चाहता हूं कि मुझे एक अज्ञात फोन नंबर के जरिए ऑनलाइन परेशान किया जा रहा है। एक अज्ञात यूजर 2 अगस्त से मुझे अपमानजनक और धमकी भरे संदेश भेज रहा है। उन्होंने मेरी सहमति के बिना मेरी तस्वीरों का उपयोग करके एक फर्जी प्रोफ़ाइल भी बनाई है। यह व्यक्ति मेरे दोस्तों और रिश्तेदारों को मेरे बारे में आपत्तिजनक सामग्री वाले संदेश भेज रहा है। मैंने खाते को ब्लॉक करने का प्रयास किया है, लेकिन नए नकली खाते सामने आते रहते हैं। इस ऑनलाइन उत्पीड़न के कारण मुझे बहुत तनाव और शर्मिंदगी उठानी पड़ रही है। मैं साइबर क्राइम सेल से अनुरोध करता हूं कि खाते का पता लगाया जाए और सख्त कार्रवाई की जाए। मैं उत्पीड़न के सबूत के रूप में स्क्रीनशॉट और चैट इतिहास साझा कर सकता हूं।",साइबर उत्पीड़न
मैं घर में लगातार घरेलू दुर्व्यवहार के लिए अपने ससुराल वालों के खिलाफ यह शिकायत दर्ज करा रही हूं। चूंकि पिछले एक महीने से मेरे साथ मारपीट और उत्पीड़न किया जा रहा है। मुझे बुनियादी ज़रूरतों से भी वंचित कर दिया जाता है और बिना कारण घर तक सीमित कर दिया जाता है। जब भी मैं बोलने की कोशिश करता हूं तो बार-बार हिंसा की धमकियां मिलती रहती हैं। मेरे रिश्तेदार स्थिति से अवगत हैं और दुर्व्यवहार की गवाही दे सकते हैं। मुझे अपनी सुरक्षा और मेरे साथ रहने वाले मेरे बच्चों की सुरक्षा का डर है। मैं कानून के तहत तत्काल सुरक्षा और उचित कानूनी कार्रवाई का अनुरोध करता हूं। कृपया मेरी स्थिति के लिए उपलब्ध आश्रय और कानूनी सहायता के संबंध में मेरा मार्गदर्शन करें।,घरेलू हिंसा
"एक व्यक्ति, जिसकी पहचान मेरे समाज के एक व्यक्ति के रूप में की गई है, कुछ दिनों से मेरा पीछा कर रहा है। कॉलेज जाते समय वे मेरे कॉलेज के गेट के पास खड़े होकर मुझे देखते दिखे। मेरे कई बार मना करने के बाद भी वे बार-बार मुझसे बात करने की कोशिश करते हैं। मेरे दोस्तों ने भी देखा है कि यह व्यक्ति अलग-अलग दिनों में मेरा पीछा कर रहा है। ऐसा लगता है कि यह व्यक्ति मेरी दिनचर्या जानता है, जो बहुत चिंताजनक है। मुझे डर है कि अगर इसे नहीं रोका गया तो यह और भी खतरनाक रूप ले सकता है। मेरा अनुरोध है कि इस व्यक्ति के खिलाफ तुरंत सख्त कार्रवाई की जाए।' कृपया मेरी सुरक्षा सुनिश्चित करने के लिए अगले कदमों पर मेरा मार्गदर्शन करें।",स्टॉकिंग
"स्नैपचैट पर कोई मुझे बार-बार अनुचित संदेश और टिप्पणियाँ भेज रहा है। यह उत्पीड़न इस महीने की 3 तारीख को शुरू हुआ और हाल ही में इसकी आवृत्ति में वृद्धि हुई है। उस व्यक्ति ने मेरे सार्वजनिक पोस्ट पर भी अश्लील टिप्पणी की है.' मैंने उन्हें समझाने की कोशिश की, लेकिन उन्होंने और भी अश्लील संदेश जारी रखे। उन्होंने मेरे दोस्तों और परिवार को भी शर्मनाक और झूठे पोस्ट में टैग किया। मैं बेहद परेशान हूं और अब शांति से सोशल मीडिया का इस्तेमाल नहीं कर पा रहा हूं।' मेरा अनुरोध है कि खाते का पता लगाया जाए और उचित कार्रवाई की जाए। मैं अपनी शिकायत के समर्थन में आवश्यक स्क्रीनशॉट संलग्न कर रहा हूं।",साइबर उत्पीड़न
मैं घर में लगातार घरेलू दुर्व्यवहार के लिए अपने पति और उनके परिवार के खिलाफ यह शिकायत दर्ज कर रही हूं। 15 जुलाई से मुझे शारीरिक उत्पीड़न और उत्पीड़न का शिकार होना पड़ रहा है। मुझे बुनियादी ज़रूरतों से भी वंचित कर दिया जाता है और बिना कारण घर तक सीमित कर दिया जाता है। जब भी मैं बोलने की कोशिश करता हूं तो बार-बार हिंसा की धमकियां मिलती रहती हैं। मेरे रिश्तेदार स्थिति से अवगत हैं और दुर्व्यवहार की गवाही दे सकते हैं। मुझे अपनी सुरक्षा और मेरे साथ रहने वाले मेरे बच्चों की सुरक्षा का डर है। मैं कानून के तहत तत्काल सुरक्षा और उचित कानूनी कार्रवाई का अनुरोध करता हूं। कृपया मेरी स्थिति के लिए उपलब्ध आश्रय और कानूनी सहायता के संबंध में मेरा मार्गदर्शन करें।,घरेलू हिंसा
"मैं नागपुर शहर में सड़कों की स्थिति के संबंध में सार्वजनिक सुरक्षा चिंता उठाना चाहता हूं। मुख्य सड़क के पास एक खुला मैनहोल है जो पिछले दो सप्ताह से खुला पड़ा है। इस स्थान पर पहले भी कई दोपहिया वाहन चालक छोटी-मोटी दुर्घटना का शिकार हो चुके हैं। खतरनाक क्षेत्र के आसपास कोई चेतावनी संकेत या बैरिकेड्स नहीं लगाए गए हैं। रात के समय खराब स्ट्रीट लाइट के कारण हादसों का खतरा और भी बढ़ जाता है। स्थानीय निवासी पहले भी यह मुद्दा उठा चुके हैं, लेकिन कोई कार्रवाई नहीं हुई। मैं संबंधित अधिकारियों से मैनहोल की मरम्मत करने और उचित रोशनी सुनिश्चित करने का अनुरोध करता हूं। यह एक गंभीर सार्वजनिक सुरक्षा ख़तरा है जिस पर तत्काल ध्यान देने की आवश्यकता है।",सार्वजनिक सुरक्षा
"मैं शिवाजी नगर स्थित अपने आवास पर अपनी सास द्वारा झेली जा रही घरेलू हिंसा की रिपोर्ट करना चाहती हूं। 15 जुलाई से लगातार शारीरिक और मानसिक शोषण जारी है। छोटी-छोटी घरेलू बातों पर अक्सर मुझे पीटा जाता है और गाली-गलौज की जाती है। उन्होंने मुझे बिना किसी सहारे के घर से बाहर निकाल देने की धमकी भी दी है. मेरे बच्चों ने ये घटनाएं देखी हैं, जिसका उन पर बुरा असर पड़ा है.' मैंने इसे शांतिपूर्ण तरीके से सुलझाने की कोशिश की है, लेकिन दुर्व्यवहार बढ़ता ही जा रहा है। मैं इस दुरुपयोग के लिए जिम्मेदार लोगों के खिलाफ सुरक्षा और कानूनी कार्रवाई का अनुरोध करता हूं। यदि आवश्यक हुआ तो मैं मेडिकल रिकॉर्ड और गवाहों के बयान उपलब्ध कराने के लिए तैयार हूं।",घरेलू हिंसा
"मैं नासिक रोड में शोर और उपद्रव के संबंध में एक सामान्य सुरक्षा शिकायत दर्ज करना चाहता हूं। 15 जुलाई से, पास का एक प्रतिष्ठान अनुमत समय से अधिक जोर-शोर से काम कर रहा है। इससे आस-पड़ोस की शांति भंग हो गई है, विशेषकर बुजुर्ग निवासियों और बच्चों के लिए। मालिकों से शोर कम करने के बार-बार अनुरोध को नजरअंदाज कर दिया गया है। सप्ताहांत पर स्थिति और भी गंभीर हो जाती है जब अशांति देर रात तक जारी रहती है। इस मुद्दे को स्थानीय अधिकारियों के सामने उठाने के लिए कई पड़ोसी एकजुट हुए हैं। मैं यह सुनिश्चित करने के लिए आवश्यक कार्रवाई का अनुरोध करता हूं कि शोर के स्तर को नियंत्रण में लाया जाए। कृपया निवासियों की भलाई के लिए इस मामले पर जल्द से जल्द ध्यान दें।",अन्य
"मैं पिंपरी में हुई अपने लैपटॉप बैग की चोरी की रिपोर्ट करना चाहता हूं। घटना दो दिन पहले मुख्य बाजार इलाके के पास हुई. जब मुझे एहसास हुआ कि यह गायब है, तो मैंने तुरंत आसपास की जाँच की लेकिन कुछ नहीं मिला। मुझे संदेह है कि इसे किसी ऐसे व्यक्ति ने चुराया है जो कुछ समय से मेरा पीछा कर रहा था। चोरी गए सामान की अनुमानित कीमत करीब तीन लाख रुपये है। 2,50,000. मैंने स्थानीय दुकानदारों को पहले ही सूचित कर दिया है कि उन्हें कुछ भी असामान्य दिखे। मैं पुलिस से मामले की जांच करने और मेरा सामान बरामद करने में मदद करने का अनुरोध करता हूं। यदि उपलब्ध हो तो मैं कोई भी अतिरिक्त विवरण या सीसीटीवी फुटेज स्थान प्रदान करने के लिए तैयार हूं।",चोरी
"मैं नागपुर शहर में सड़कों की स्थिति के संबंध में सार्वजनिक सुरक्षा चिंता उठाना चाहता हूं। मुख्य सड़क के पास एक खुला मैनहोल है जिसे 15 जुलाई से खुला रखा गया है। इस स्थान पर पहले भी कई दोपहिया वाहन चालक छोटी-मोटी दुर्घटना का शिकार हो चुके हैं। खतरनाक क्षेत्र के आसपास कोई चेतावनी संकेत या बैरिकेड्स नहीं लगाए गए हैं। रात के समय खराब स्ट्रीट लाइट के कारण हादसों का खतरा और भी बढ़ जाता है। स्थानीय निवासी पहले भी यह मुद्दा उठा चुके हैं, लेकिन कोई कार्रवाई नहीं हुई। मैं संबंधित अधिकारियों से मैनहोल की मरम्मत करने और उचित रोशनी सुनिश्चित करने का अनुरोध करता हूं। यह एक गंभीर सार्वजनिक सुरक्षा ख़तरा है जिस पर तत्काल ध्यान देने की आवश्यकता है।",सार्वजनिक सुरक्षा
"मैं कोथरुड में टूटी हुई स्ट्रीट लाइट और क्षतिग्रस्त फुटपाथ की रिपोर्ट करना चाहता हूं जिससे सुरक्षा संबंधी समस्याएं पैदा हो रही हैं। यह समस्या बिना किसी मरम्मत कार्य के पिछले महीने की 10 तारीख से बनी हुई है। इस इलाके में बुजुर्गों और बच्चों को सुरक्षित चलने में काफी दिक्कत होती है। बारिश के दौरान इलाके में पानी भर जाता है, जिससे गिरने का खतरा बढ़ जाता है। यहां लोगों के फिसलने और घायल होने की कुछ घटनाएं हो चुकी हैं। मैं अन्य निवासियों के साथ इस सार्वजनिक बुनियादी ढांचे की तत्काल मरम्मत का अनुरोध करता हूं। इससे रोजाना गुजरने वाले राहगीरों और वाहनों को लगातार खतरा बना हुआ है। मैं इस मामले को सुलझाने के लिए नगर निगम अधिकारियों से त्वरित कार्रवाई का अनुरोध करता हूं।",सार्वजनिक सुरक्षा
"मैं औंध में लड़कों के एक समूह द्वारा लगातार किए जा रहे उत्पीड़न की रिपोर्ट करना चाहती हूं। यह 15 जुलाई को शुरू हुआ और तब से बंद नहीं हुआ है। लड़कों का एक समूह दूसरों के सामने मेरे बारे में अपमानजनक टिप्पणियाँ करता रहता है। जब मैं काम से लौट रही थी तो मेरे घर के पास इस व्यक्ति ने फिर से मेरे साथ दुर्व्यवहार किया। मैंने उनसे विनम्रतापूर्वक रुकने के लिए कहा, लेकिन वे मुझे परेशान करते रहे। इससे मेरी मानसिक शांति प्रभावित हो रही है और मुझे अकेले बाहर निकलने में डर लगता है।' मैं पुलिस से जिम्मेदार व्यक्ति के खिलाफ सख्त कार्रवाई करने का अनुरोध करता हूं।' मैं जांच के लिए आवश्यक कोई भी अतिरिक्त विवरण प्रदान करने के लिए तैयार हूं।",उत्पीड़न
"मैं हडपसर में अपने निवास पर अपने ससुराल वालों द्वारा मेरे साथ हो रही घरेलू हिंसा की रिपोर्ट करना चाहती हूं। शारीरिक और मानसिक शोषण पिछले महीने की 10 तारीख से जारी है। छोटी-छोटी घरेलू बातों पर अक्सर मुझे पीटा जाता है और गाली-गलौज की जाती है। उन्होंने मुझे बिना किसी सहारे के घर से बाहर निकाल देने की धमकी भी दी है. मेरे बच्चों ने ये घटनाएं देखी हैं, जिसका उन पर बुरा असर पड़ा है.' मैंने इसे शांतिपूर्ण तरीके से सुलझाने की कोशिश की है, लेकिन दुर्व्यवहार बढ़ता ही जा रहा है। मैं इस दुरुपयोग के लिए जिम्मेदार लोगों के खिलाफ सुरक्षा और कानूनी कार्रवाई का अनुरोध करता हूं। यदि आवश्यक हुआ तो मैं मेडिकल रिकॉर्ड और गवाहों के बयान उपलब्ध कराने के लिए तैयार हूं।",घरेलू हिंसा
"डेटिंग ऐप पर कोई मुझे बार-बार अनुचित संदेश और टिप्पणियाँ भेज रहा है। यह उत्पीड़न पिछले दो सप्ताह से शुरू हुआ और हाल ही में इसकी आवृत्ति में वृद्धि हुई है। उस व्यक्ति ने मेरे सार्वजनिक पोस्ट पर भी अश्लील टिप्पणी की है.' मैंने उन्हें समझाने की कोशिश की, लेकिन उन्होंने और भी अश्लील संदेश जारी रखे। उन्होंने मेरे दोस्तों और परिवार को भी शर्मनाक और झूठे पोस्ट में टैग किया। मैं बेहद परेशान हूं और अब शांति से सोशल मीडिया का इस्तेमाल नहीं कर पा रहा हूं।' मेरा अनुरोध है कि खाते का पता लगाया जाए और उचित कार्रवाई की जाए। मैं अपनी शिकायत के समर्थन में आवश्यक स्क्रीनशॉट संलग्न कर रहा हूं।",साइबर उत्पीड़न
"मैं बोरीवली में टूटी हुई स्ट्रीट लाइट और क्षतिग्रस्त फुटपाथ की रिपोर्ट करना चाहता हूं जिससे सुरक्षा संबंधी समस्याएं पैदा हो रही हैं। यह समस्या बिना किसी मरम्मत कार्य के पिछले दो सप्ताह से बनी हुई है। इस इलाके में बुजुर्गों और बच्चों को सुरक्षित चलने में काफी दिक्कत होती है। बारिश के दौरान इलाके में पानी भर जाता है, जिससे गिरने का खतरा बढ़ जाता है। यहां लोगों के फिसलने और घायल होने की कुछ घटनाएं हो चुकी हैं। मैं अन्य निवासियों के साथ इस सार्वजनिक बुनियादी ढांचे की तत्काल मरम्मत का अनुरोध करता हूं। इससे रोजाना गुजरने वाले राहगीरों और वाहनों को लगातार खतरा बना हुआ है। मैं इस मामले को सुलझाने के लिए नगर निगम अधिकारियों से त्वरित कार्रवाई का अनुरोध करता हूं।",सार्वजनिक सुरक्षा
"किसी अज्ञात फ़ोन नंबर पर कोई मुझे बार-बार अनुचित संदेश और टिप्पणियाँ भेज रहा है। यह उत्पीड़न 18 तारीख को शुरू हुआ और हाल ही में इसकी आवृत्ति में वृद्धि हुई है। उस व्यक्ति ने मेरे सार्वजनिक पोस्ट पर भी अश्लील टिप्पणी की है.' मैंने उन्हें समझाने की कोशिश की, लेकिन उन्होंने और भी अश्लील संदेश जारी रखे। उन्होंने मेरे दोस्तों और परिवार को भी शर्मनाक और झूठे पोस्ट में टैग किया। मैं बेहद परेशान हूं और अब शांति से सोशल मीडिया का इस्तेमाल नहीं कर पा रहा हूं।' मेरा अनुरोध है कि खाते का पता लगाया जाए और उचित कार्रवाई की जाए। मैं अपनी शिकायत के समर्थन में आवश्यक स्क्रीनशॉट संलग्न कर रहा हूं।",साइबर उत्पीड़न
"मैं शिवाजी नगर में सड़कों की स्थिति के संबंध में सार्वजनिक सुरक्षा चिंता उठाना चाहता हूं। मुख्य सड़क के पास एक खुला मैनहोल है जिसे 22 जून से खुला रखा गया है। इस स्थान पर पहले भी कई दोपहिया वाहन चालक छोटी-मोटी दुर्घटना का शिकार हो चुके हैं। खतरनाक क्षेत्र के आसपास कोई चेतावनी संकेत या बैरिकेड्स नहीं लगाए गए हैं। रात के समय खराब स्ट्रीट लाइट के कारण हादसों का खतरा और भी बढ़ जाता है। स्थानीय निवासी पहले भी यह मुद्दा उठा चुके हैं, लेकिन कोई कार्रवाई नहीं हुई। मैं संबंधित अधिकारियों से मैनहोल की मरम्मत करने और उचित रोशनी सुनिश्चित करने का अनुरोध करता हूं। यह एक गंभीर सार्वजनिक सुरक्षा ख़तरा है जिस पर तत्काल ध्यान देने की आवश्यकता है।",सार्वजनिक सुरक्षा
"मैं रिपोर्ट करना चाहता हूं कि मुझे शिवाजी नगर में एक अज्ञात व्यक्ति से गंभीर धमकी मिली है। 2 अगस्त से यह व्यक्ति मुझे और मेरे परिवार को नुकसान पहुंचाने की धमकी दे रहा है। अगर मैंने उनकी मांगें नहीं मानी तो उन्होंने मुझे गंभीर परिणाम भुगतने की चेतावनी दी है। धमकियाँ व्यक्तिगत रूप से और फोन कॉल दोनों पर दी गई हैं। मैं इन धमकियों के कारण अपने परिवार की सुरक्षा को लेकर बेहद चिंतित हूं।' मैंने उनकी किसी भी मांग का जवाब नहीं दिया, जिससे उनका गुस्सा और बढ़ गया है.' मैं पुलिस सुरक्षा और मुझे धमकी देने वाले व्यक्ति के खिलाफ तत्काल कार्रवाई का अनुरोध करता हूं। मैं इस शिकायत के समर्थन में कॉल रिकॉर्डिंग और गवाह विवरण प्रदान कर सकता हूं।",धमकी
"यह पिंपरी इलाके में नकदी और कार्ड से भरे मेरे पर्स की चोरी की घटना की रिपोर्ट करने के लिए है। यह तब हुआ जब मैं बाजार से वापस आ रहा था, जब मैं थोड़ी देर के लिए वहां से हट गया था। वापस लौटने पर मुझे पता चला कि मेरा सामान कोई अज्ञात व्यक्ति ले गया है। अनुमानित नुकसान लगभग रु. 12,000, जो मेरे लिए एक महत्वपूर्ण राशि है। आसपास कुछ लोग भी थे, लेकिन किसी को चोरी होने का पता नहीं चला। मैंने आस-पास की दुकानों और निवासियों से जांच की है, लेकिन अभी तक कोई सुराग नहीं मिला है। मेरा अनुरोध है कि जल्द से जल्द मामला दर्ज किया जाए और जांच की जाए।' मैं जांच प्रक्रिया में पूरा सहयोग करने को तैयार हूं।'",चोरी
"मैं दादर में रहने वाले अपने सहकर्मी द्वारा मुझे दी गई धमकियों के संबंध में शिकायत दर्ज करा रहा हूं। धमकियां 2 अगस्त को हमारे बीच मामूली विवाद के बाद शुरू हुईं। उन्होंने मुझे बोलने पर हमला करने और मेरी संपत्ति को नुकसान पहुंचाने की धमकी दी है। इससे मेरे और मेरे परिवार के सदस्यों में काफी डर और चिंता पैदा हो गई है। मैंने किसी भी टकराव से परहेज किया है, लेकिन धमकियां इसकी परवाह किए बिना जारी हैं। इलाके के पड़ोसियों को भी तनाव की जानकारी है और वे इसकी पुष्टि कर सकते हैं. मेरा अनुरोध है कि मेरी सुरक्षा सुनिश्चित करने के लिए उचित कानूनी कार्रवाई की जाए। धमकियों की गंभीर प्रकृति को देखते हुए कृपया इस मामले पर तत्परता से विचार करें।",धमकी
मैं शिवाजी नगर में पास के एक दुकानदार द्वारा पीछा किए जाने के संबंध में शिकायत दर्ज करना चाहता हूं। पिछले महीने की 10 तारीख से यह व्यक्ति लगभग हर दिन मेरा पीछा कर रहा है। दो दिन पहले मैंने देखा कि वही व्यक्ति मेरे घर के बाहर फिर इंतज़ार कर रहा है। वे भी मेरे पीछे-पीछे मेरे कार्यस्थल तक आते हैं और गेट के पास इंतजार करते हैं। मैंने देखा है कि एक ही वाहन कई बार मेरे ऑटो-रिक्शा का पीछा कर रहा है। इस निरंतर अनुसरण ने मुझे अपनी सुरक्षा के लिए अत्यधिक चिंतित और भयभीत कर दिया है। मैं पुलिस से जांच करने और इस व्यक्ति को मेरा पीछा करने से रोकने का अनुरोध करता हूं। मैं उस व्यक्ति की पहचान करने और जरूरत पड़ने पर और विवरण प्रदान करने को तैयार हूं।,स्टॉकिंग
"मैं कोथरुड में देखी गई एक संदिग्ध गतिविधि की रिपोर्ट करना चाहता हूं। 18 तारीख के बाद से, अज्ञात व्यक्ति अजीब समय पर परित्यक्त इमारत के पास इकट्ठा हो रहे हैं। निवासियों को संदेह है कि रात में वहां कुछ अवैध गतिविधि हो सकती है। उस स्थान से तेज़ आवाज़ें और कभी-कभार बहसें सुनाई देती रही हैं। इससे आसपास रहने वाले परिवारों में सुरक्षा संबंधी चिंताएं बढ़ गई हैं। स्थानीय वार्ड कार्यालय को सूचित करने के बावजूद कोई आधिकारिक कार्रवाई नहीं की गई है। मैं अधिकारियों से इस मामले की जांच करने और निवासियों की सुरक्षा सुनिश्चित करने का अनुरोध करता हूं। यदि आवश्यक हुआ तो मैं अधिक विवरण प्रदान करने या अधिकारियों के साथ जाने को तैयार हूं।",अन्य
"मैं शिवाजी नगर में टूटी हुई स्ट्रीट लाइट और क्षतिग्रस्त फुटपाथ की रिपोर्ट करना चाहता हूं जिससे सुरक्षा संबंधी समस्याएं पैदा हो रही हैं। बिना किसी मरम्मत कार्य के यह समस्या पिछले शुक्रवार से बनी हुई है। इस इलाके में बुजुर्गों और बच्चों को सुरक्षित चलने में काफी दिक्कत होती है। बारिश के दौरान इलाके में पानी भर जाता है, जिससे गिरने का खतरा बढ़ जाता है। यहां लोगों के फिसलने और घायल होने की कुछ घटनाएं हो चुकी हैं। मैं अन्य निवासियों के साथ इस सार्वजनिक बुनियादी ढांचे की तत्काल मरम्मत का अनुरोध करता हूं। इससे रोजाना गुजरने वाले राहगीरों और वाहनों को लगातार खतरा बना हुआ है। मैं इस मामले को सुलझाने के लिए नगर निगम अधिकारियों से त्वरित कार्रवाई का अनुरोध करता हूं।",सार्वजनिक सुरक्षा
मुझे और मेरे परिवार को कल्याण में रहने वाले मेरे मकान मालिक द्वारा परेशान किया जा रहा है। 22 जून से उत्पीड़न जारी है। जब भी वे मुझे देखते हैं तो भद्दे कमेंट करते हैं और परेशानी पैदा करने की कोशिश करते हैं। आज सुबह-सुबह स्थिति तब और खराब हो गई जब वे सीधे मुझसे भिड़ गए। इस लगातार उत्पीड़न के कारण मैं काम पर जाने में असुरक्षित महसूस करती हूं। मेरे परिवार के सदस्यों ने भी कई मौकों पर इस व्यवहार को देखा है। मैं तत्काल हस्तक्षेप का अनुरोध करता हूं ताकि यह उत्पीड़न स्थायी रूप से बंद हो जाए। कृपया मेरी शिकायत दर्ज कर आवश्यक कानूनी कार्रवाई करें।,उत्पीड़न
मैं नासिक रोड में देखी गई एक संदिग्ध गतिविधि की रिपोर्ट करना चाहता हूं। पिछले एक माह से परित्यक्त भवन के पास अज्ञात लोग समय-समय पर जमा होते रहते हैं। निवासियों को संदेह है कि रात में वहां कुछ अवैध गतिविधि हो सकती है। उस स्थान से तेज़ आवाज़ें और कभी-कभार बहसें सुनाई देती रही हैं। इससे आसपास रहने वाले परिवारों में सुरक्षा संबंधी चिंताएं बढ़ गई हैं। स्थानीय वार्ड कार्यालय को सूचित करने के बावजूद कोई आधिकारिक कार्रवाई नहीं की गई है। मैं अधिकारियों से इस मामले की जांच करने और निवासियों की सुरक्षा सुनिश्चित करने का अनुरोध करता हूं। यदि आवश्यक हुआ तो मैं अधिक विवरण प्रदान करने या अधिकारियों के साथ जाने को तैयार हूं।,अन्य
"स्नैपचैट पर कोई मुझे बार-बार अनुचित संदेश और टिप्पणियाँ भेज रहा है। यह उत्पीड़न पिछले शुक्रवार को शुरू हुआ और हाल ही में इसकी आवृत्ति में वृद्धि हुई है। उस व्यक्ति ने मेरे सार्वजनिक पोस्ट पर भी अश्लील टिप्पणी की है.' मैंने उन्हें समझाने की कोशिश की, लेकिन उन्होंने और भी अश्लील संदेश जारी रखे। उन्होंने मेरे दोस्तों और परिवार को भी शर्मनाक और झूठे पोस्ट में टैग किया। मैं बेहद परेशान हूं और अब शांति से सोशल मीडिया का इस्तेमाल नहीं कर पा रहा हूं।' मेरा अनुरोध है कि खाते का पता लगाया जाए और उचित कार्रवाई की जाए। मैं अपनी शिकायत के समर्थन में आवश्यक स्क्रीनशॉट संलग्न कर रहा हूं।",साइबर उत्पीड़न
"मैं बोरीवली में सड़कों की स्थिति के संबंध में सार्वजनिक सुरक्षा चिंता उठाना चाहता हूं। मुख्य सड़क के पास एक खुला मैनहोल है जिसे 18 तारीख से खुला रखा गया है। इस स्थान पर पहले भी कई दोपहिया वाहन चालक छोटी-मोटी दुर्घटना का शिकार हो चुके हैं। खतरनाक क्षेत्र के आसपास कोई चेतावनी संकेत या बैरिकेड्स नहीं लगाए गए हैं। रात के समय खराब स्ट्रीट लाइट के कारण हादसों का खतरा और भी बढ़ जाता है। स्थानीय निवासी पहले भी यह मुद्दा उठा चुके हैं, लेकिन कोई कार्रवाई नहीं हुई। मैं संबंधित अधिकारियों से मैनहोल की मरम्मत करने और उचित रोशनी सुनिश्चित करने का अनुरोध करता हूं। यह एक गंभीर सार्वजनिक सुरक्षा ख़तरा है जिस पर तत्काल ध्यान देने की आवश्यकता है।",सार्वजनिक सुरक्षा
मैं विले पार्ले में अपने कार्यस्थल पर एक वरिष्ठ द्वारा पीछा किए जाने के संबंध में शिकायत दर्ज करना चाहती हूं। चूँकि पिछले एक महीने से यह व्यक्ति लगभग हर दिन मेरा पीछा कर रहा है। कल शाम को मैंने देखा कि वही व्यक्ति फिर से मेरे घर के बाहर इंतज़ार कर रहा है। वे भी मेरे पीछे-पीछे मेरे कार्यस्थल तक आते हैं और गेट के पास इंतजार करते हैं। मैंने देखा है कि एक ही वाहन कई बार मेरे ऑटो-रिक्शा का पीछा कर रहा है। इस निरंतर अनुसरण ने मुझे अपनी सुरक्षा के लिए अत्यधिक चिंतित और भयभीत कर दिया है। मैं पुलिस से जांच करने और इस व्यक्ति को मेरा पीछा करने से रोकने का अनुरोध करता हूं। मैं उस व्यक्ति की पहचान करने और जरूरत पड़ने पर और विवरण प्रदान करने को तैयार हूं।,स्टॉकिंग
"मैं सदर बाजार में शोर और उपद्रव के संबंध में एक सामान्य सुरक्षा शिकायत दर्ज करना चाहता हूं। पिछले दो सप्ताह से, पास का एक प्रतिष्ठान अनुमत घंटों से अधिक जोर-शोर से काम कर रहा है। इससे आस-पड़ोस की शांति भंग हो गई है, विशेषकर बुजुर्ग निवासियों और बच्चों के लिए। मालिकों से शोर कम करने के बार-बार अनुरोध को नजरअंदाज कर दिया गया है। सप्ताहांत पर स्थिति और भी गंभीर हो जाती है जब अशांति देर रात तक जारी रहती है। इस मुद्दे को स्थानीय अधिकारियों के सामने उठाने के लिए कई पड़ोसी एकजुट हुए हैं। मैं यह सुनिश्चित करने के लिए आवश्यक कार्रवाई का अनुरोध करता हूं कि शोर के स्तर को नियंत्रण में लाया जाए। कृपया निवासियों की भलाई के लिए इस मामले पर जल्द से जल्द ध्यान दें।",अन्य
"इंस्टाग्राम पर कोई मुझे बार-बार अनुचित संदेश और टिप्पणियां भेज रहा है। यह उत्पीड़न पिछले दो सप्ताह से शुरू हुआ और हाल ही में इसकी आवृत्ति में वृद्धि हुई है। उस व्यक्ति ने मेरे सार्वजनिक पोस्ट पर भी अश्लील टिप्पणी की है.' मैंने उन्हें समझाने की कोशिश की, लेकिन उन्होंने और भी अश्लील संदेश जारी रखे। उन्होंने मेरे दोस्तों और परिवार को भी शर्मनाक और झूठे पोस्ट में टैग किया। मैं बेहद परेशान हूं और अब शांति से सोशल मीडिया का इस्तेमाल नहीं कर पा रहा हूं।' मेरा अनुरोध है कि खाते का पता लगाया जाए और उचित कार्रवाई की जाए। मैं अपनी शिकायत के समर्थन में आवश्यक स्क्रीनशॉट संलग्न कर रहा हूं।",साइबर उत्पीड़न
"मैं रिपोर्ट करना चाहती हूं कि एक डेटिंग ऐप के जरिए मुझे ऑनलाइन परेशान किया जा रहा है। एक अज्ञात यूजर पिछले महीने की 10 तारीख से मुझे अपमानजनक और धमकी भरे संदेश भेज रहा है। उन्होंने मेरी सहमति के बिना मेरी तस्वीरों का उपयोग करके एक फर्जी प्रोफ़ाइल भी बनाई है। यह व्यक्ति मेरे दोस्तों और रिश्तेदारों को मेरे बारे में आपत्तिजनक सामग्री वाले संदेश भेज रहा है। मैंने खाते को ब्लॉक करने का प्रयास किया है, लेकिन नए नकली खाते सामने आते रहते हैं। इस ऑनलाइन उत्पीड़न के कारण मुझे बहुत तनाव और शर्मिंदगी उठानी पड़ रही है। मैं साइबर क्राइम सेल से अनुरोध करता हूं कि खाते का पता लगाया जाए और सख्त कार्रवाई की जाए। मैं उत्पीड़न के सबूत के रूप में स्क्रीनशॉट और चैट इतिहास साझा कर सकता हूं।",साइबर उत्पीड़न
"मैं नागपुर शहर में अपने कार्यस्थल पर एक वरिष्ठ द्वारा लगातार किए जा रहे उत्पीड़न की रिपोर्ट करना चाहती हूं। यह 2 अगस्त को शुरू हुआ और तब से बंद नहीं हुआ है। मेरे कार्यस्थल पर एक वरिष्ठ दूसरों के सामने मेरे बारे में अपमानजनक टिप्पणियाँ करता रहता है। जब मैं काम से लौट रही थी तो मेरे घर के पास इस व्यक्ति ने फिर से मेरे साथ दुर्व्यवहार किया। मैंने उनसे विनम्रतापूर्वक रुकने के लिए कहा, लेकिन वे मुझे परेशान करते रहे। इससे मेरी मानसिक शांति प्रभावित हो रही है और मुझे अकेले बाहर निकलने में डर लगता है।' मैं पुलिस से जिम्मेदार व्यक्ति के खिलाफ सख्त कार्रवाई करने का अनुरोध करता हूं।' मैं जांच के लिए आवश्यक कोई भी अतिरिक्त विवरण प्रदान करने के लिए तैयार हूं।",उत्पीड़न
"मैं चिंचवड़ बस स्टॉप के पास हुई एक छेड़छाड़ की घटना की रिपोर्ट कर रहा हूं। मेरी शाम की सैर के दौरान, बस स्टॉप पर एक आदमी ने मुझे छेड़ना शुरू कर दिया और भद्दी टिप्पणियाँ करने लगा। उन्होंने मेरी अनुमति के बिना मेरी तस्वीरें खींचने की भी कोशिश की. मैंने उनका विरोध किया, लेकिन उन्होंने इसे हंसी में उड़ा दिया और अपना व्यवहार जारी रखा। यह पहली बार नहीं है जब इस स्थान पर ऐसी घटनाएं हुई हैं। इसी ग्रुप के बारे में कई अन्य लड़कियों ने अनौपचारिक रूप से शिकायत की है. मैं महिलाओं की सुरक्षा सुनिश्चित करने के लिए सख्त कार्रवाई और नियमित पुलिस उपस्थिति का अनुरोध करता हूं। यदि व्यक्तियों का पता लगाया जाता है तो मैं पहचान में सहायता करने को तैयार हूं।",ईव टीज़िंग
"मैं अंधेरी में टूटी हुई स्ट्रीट लाइट और क्षतिग्रस्त फुटपाथ की रिपोर्ट करना चाहता हूं जिससे सुरक्षा संबंधी समस्याएं पैदा हो रही हैं। यह समस्या पिछले एक माह से बिना किसी मरम्मत कार्य के बनी हुई है। इस इलाके में बुजुर्गों और बच्चों को सुरक्षित चलने में काफी दिक्कत होती है। बारिश के दौरान इलाके में पानी भर जाता है, जिससे गिरने का खतरा बढ़ जाता है। यहां लोगों के फिसलने और घायल होने की कुछ घटनाएं हो चुकी हैं। मैं अन्य निवासियों के साथ इस सार्वजनिक बुनियादी ढांचे की तत्काल मरम्मत का अनुरोध करता हूं। इससे रोजाना गुजरने वाले राहगीरों और वाहनों को लगातार खतरा बना हुआ है। मैं इस मामले को सुलझाने के लिए नगर निगम अधिकारियों से त्वरित कार्रवाई का अनुरोध करता हूं।",सार्वजनिक सुरक्षा
"मैं औंध में शोर और उपद्रव के संबंध में एक सामान्य सुरक्षा शिकायत दर्ज करना चाहता हूं। पिछले दो सप्ताह से, पास का एक प्रतिष्ठान अनुमत घंटों से अधिक जोर-शोर से काम कर रहा है। इससे आस-पड़ोस की शांति भंग हो गई है, विशेषकर बुजुर्ग निवासियों और बच्चों के लिए। मालिकों से शोर कम करने के बार-बार अनुरोध को नजरअंदाज कर दिया गया है। सप्ताहांत पर स्थिति और भी गंभीर हो जाती है जब अशांति देर रात तक जारी रहती है। इस मुद्दे को स्थानीय अधिकारियों के सामने उठाने के लिए कई पड़ोसी एकजुट हुए हैं। मैं यह सुनिश्चित करने के लिए आवश्यक कार्रवाई का अनुरोध करता हूं कि शोर के स्तर को नियंत्रण में लाया जाए। कृपया निवासियों की भलाई के लिए इस मामले पर जल्द से जल्द ध्यान दें।",अन्य
"टेलीग्राम पर कोई मुझे बार-बार अनुचित संदेश और टिप्पणियाँ भेज रहा है। यह उत्पीड़न पिछले एक महीने से शुरू हुआ और हाल ही में इसकी आवृत्ति में वृद्धि हुई है। उस व्यक्ति ने मेरे सार्वजनिक पोस्ट पर भी अश्लील टिप्पणी की है.' मैंने उन्हें समझाने की कोशिश की, लेकिन उन्होंने और भी अश्लील संदेश जारी रखे। उन्होंने मेरे दोस्तों और परिवार को भी शर्मनाक और झूठे पोस्ट में टैग किया। मैं बेहद परेशान हूं और अब शांति से सोशल मीडिया का इस्तेमाल नहीं कर पा रहा हूं।' मेरा अनुरोध है कि खाते का पता लगाया जाए और उचित कार्रवाई की जाए। मैं अपनी शिकायत के समर्थन में आवश्यक स्क्रीनशॉट संलग्न कर रहा हूं।",साइबर उत्पीड़न
मैं घर में लगातार घरेलू दुर्व्यवहार के लिए अपने पति के खिलाफ यह शिकायत दर्ज करा रही हूं। 2 अगस्त से मुझे शारीरिक उत्पीड़न और उत्पीड़न का शिकार होना पड़ रहा है। मुझे बुनियादी ज़रूरतों से भी वंचित कर दिया जाता है और बिना कारण घर तक सीमित कर दिया जाता है। जब भी मैं बोलने की कोशिश करता हूं तो बार-बार हिंसा की धमकियां मिलती रहती हैं। मेरे रिश्तेदार स्थिति से अवगत हैं और दुर्व्यवहार की गवाही दे सकते हैं। मुझे अपनी सुरक्षा और मेरे साथ रहने वाले मेरे बच्चों की सुरक्षा का डर है। मैं कानून के तहत तत्काल सुरक्षा और उचित कानूनी कार्रवाई का अनुरोध करता हूं। कृपया मेरी स्थिति के लिए उपलब्ध आश्रय और कानूनी सहायता के संबंध में मेरा मार्गदर्शन करें।,घरेलू हिंसा
"यह शिवाजी नगर इलाके में नकदी और कार्ड से भरे मेरे पर्स की चोरी की घटना की रिपोर्ट करने के लिए है। यह आज सुबह-सुबह हुआ, जब मैं थोड़ी देर के लिए घटनास्थल से हट गया था। वापस लौटने पर मुझे पता चला कि मेरा सामान कोई अज्ञात व्यक्ति ले गया है। अनुमानित नुकसान लगभग रु. 8,000, जो मेरे लिए एक महत्वपूर्ण राशि है। आसपास कुछ लोग भी थे, लेकिन किसी को चोरी होने का पता नहीं चला। मैंने आस-पास की दुकानों और निवासियों से जांच की है, लेकिन अभी तक कोई सुराग नहीं मिला है। मेरा अनुरोध है कि जल्द से जल्द मामला दर्ज किया जाए और जांच की जाए।' मैं जांच प्रक्रिया में पूरा सहयोग करने को तैयार हूं।'",चोरी
"मैं अंधेरी में अपने जीजा द्वारा पीछा किए जाने के संबंध में शिकायत दर्ज कराना चाहती हूं। 2 अगस्त से यह व्यक्ति लगभग हर दिन मेरा पीछा कर रहा है। जब मैं काम से लौट रहा था, मैंने देखा कि वही व्यक्ति फिर से मेरे घर के बाहर इंतज़ार कर रहा था। वे भी मेरे पीछे-पीछे मेरे कार्यस्थल तक आते हैं और गेट के पास इंतजार करते हैं। मैंने देखा है कि एक ही वाहन कई बार मेरे ऑटो-रिक्शा का पीछा कर रहा है। इस निरंतर अनुसरण ने मुझे अपनी सुरक्षा के लिए अत्यधिक चिंतित और भयभीत कर दिया है। मैं पुलिस से जांच करने और इस व्यक्ति को मेरा पीछा करने से रोकने का अनुरोध करता हूं। मैं उस व्यक्ति की पहचान करने और जरूरत पड़ने पर और विवरण प्रदान करने को तैयार हूं।",स्टॉकिंग
मुझे और मेरे परिवार को सदर बाजार में रहने वाले मेरे सहपाठी द्वारा परेशान किया जा रहा है। इस महीने की 3 तारीख से उत्पीड़न जारी है। जब भी वे मुझे देखते हैं तो भद्दे कमेंट करते हैं और परेशानी पैदा करने की कोशिश करते हैं। कल रात करीब 9 बजे स्थिति तब और खराब हो गई जब वे मुझसे सीधे भिड़ गए। इस लगातार उत्पीड़न के कारण मैं काम पर जाने में असुरक्षित महसूस करती हूं। मेरे परिवार के सदस्यों ने भी कई मौकों पर इस व्यवहार को देखा है। मैं तत्काल हस्तक्षेप का अनुरोध करता हूं ताकि यह उत्पीड़न स्थायी रूप से बंद हो जाए। कृपया मेरी शिकायत दर्ज कर आवश्यक कानूनी कार्रवाई करें।,उत्पीड़न
"मैं कल्याण में अपने पूर्व साथी से लगातार हो रहे उत्पीड़न की रिपोर्ट करना चाहती हूं। यह पिछले महीने की 10 तारीख को शुरू हुआ और तब से बंद नहीं हुआ है। मेरा पूर्व-साथी दूसरों के सामने मेरे बारे में अपमानजनक टिप्पणियाँ करता रहता है। दो दिन पहले इस व्यक्ति ने मेरे घर के पास फिर मेरे साथ गलत हरकत की. मैंने उनसे विनम्रतापूर्वक रुकने के लिए कहा, लेकिन वे मुझे परेशान करते रहे। इससे मेरी मानसिक शांति प्रभावित हो रही है और मुझे अकेले बाहर निकलने में डर लगता है।' मैं पुलिस से जिम्मेदार व्यक्ति के खिलाफ सख्त कार्रवाई करने का अनुरोध करता हूं।' मैं जांच के लिए आवश्यक कोई भी अतिरिक्त विवरण प्रदान करने के लिए तैयार हूं।",उत्पीड़न
मैं घर में लगातार घरेलू दुर्व्यवहार के लिए अपनी सास के खिलाफ यह शिकायत दर्ज करा रही हूं। 22 जून से मुझे शारीरिक उत्पीड़न और उत्पीड़न का शिकार होना पड़ रहा है। मुझे बुनियादी ज़रूरतों से भी वंचित कर दिया जाता है और बिना कारण घर तक सीमित कर दिया जाता है। जब भी मैं बोलने की कोशिश करता हूं तो बार-बार हिंसा की धमकियां मिलती रहती हैं। मेरे रिश्तेदार स्थिति से अवगत हैं और दुर्व्यवहार की गवाही दे सकते हैं। मुझे अपनी सुरक्षा और मेरे साथ रहने वाले मेरे बच्चों की सुरक्षा का डर है। मैं कानून के तहत तत्काल सुरक्षा और उचित कानूनी कार्रवाई का अनुरोध करता हूं। कृपया मेरी स्थिति के लिए उपलब्ध आश्रय और कानूनी सहायता के संबंध में मेरा मार्गदर्शन करें।,घरेलू हिंसा
"मैं वाकाड में अपने समाज के एक व्यक्ति द्वारा लगातार किए जा रहे उत्पीड़न की रिपोर्ट करना चाहती हूं। यह पिछले एक महीने से शुरू हुआ और तब से बंद नहीं हुआ है. मेरे समाज का एक आदमी दूसरों के सामने मेरे बारे में अपमानजनक टिप्पणियाँ करता रहता है। शाम की सैर के दौरान मेरे घर के पास इस शख्स ने फिर मेरे साथ बदसलूकी की. मैंने उनसे विनम्रतापूर्वक रुकने के लिए कहा, लेकिन वे मुझे परेशान करते रहे। इससे मेरी मानसिक शांति प्रभावित हो रही है और मुझे अकेले बाहर निकलने में डर लगता है।' मैं पुलिस से जिम्मेदार व्यक्ति के खिलाफ सख्त कार्रवाई करने का अनुरोध करता हूं।' मैं जांच के लिए आवश्यक कोई भी अतिरिक्त विवरण प्रदान करने के लिए तैयार हूं।",उत्पीड़न
"मैं बाणेर में रहने वाले मेरे जीजा द्वारा मुझे दी गई धमकियों के संबंध में शिकायत दर्ज करा रही हूं। धमकियां 22 जून को हमारे बीच एक मामूली विवाद के बाद शुरू हुईं। उन्होंने मुझे बोलने पर हमला करने और मेरी संपत्ति को नुकसान पहुंचाने की धमकी दी है। इससे मेरे और मेरे परिवार के सदस्यों में काफी डर और चिंता पैदा हो गई है। मैंने किसी भी टकराव से परहेज किया है, लेकिन धमकियां इसकी परवाह किए बिना जारी हैं। इलाके के पड़ोसियों को भी तनाव की जानकारी है और वे इसकी पुष्टि कर सकते हैं. मेरा अनुरोध है कि मेरी सुरक्षा सुनिश्चित करने के लिए उचित कानूनी कार्रवाई की जाए। धमकियों की गंभीर प्रकृति को देखते हुए कृपया इस मामले पर तत्परता से विचार करें।",धमकी
वाकाड में रहने वाले मेरे सहकर्मी द्वारा मुझे और मेरे परिवार को परेशान किया जा रहा है। 2 अगस्त से लगातार उत्पीड़न जारी है। जब भी वे मुझे देखते हैं तो भद्दे कमेंट करते हैं और परेशानी पैदा करने की कोशिश करते हैं। कल रात करीब 9 बजे स्थिति तब और खराब हो गई जब वे मुझसे सीधे भिड़ गए। इस लगातार उत्पीड़न के कारण मैं काम पर जाने में असुरक्षित महसूस करती हूं। मेरे परिवार के सदस्यों ने भी कई मौकों पर इस व्यवहार को देखा है। मैं तत्काल हस्तक्षेप का अनुरोध करता हूं ताकि यह उत्पीड़न स्थायी रूप से बंद हो जाए। कृपया मेरी शिकायत दर्ज कर आवश्यक कानूनी कार्रवाई करें।,उत्पीड़न
complaint,category
मैं दादर में हुई छेड़छाड़ की एक घटना की रिपोर्ट करना चाहता हूं। जब मैं बाजार से वापस आ रही थी तो रास्ते में कुछ युवकों ने मुझ पर अश्लील कमेंट किए। उन्होंने सीटियां भी बजाईं और मेरे और मेरे दोस्त की ओर अनुचित इशारे भी किए। जब मैंने उन्हें नज़रअंदाज कर दूर जाने की कोशिश की तो उन्होंने कुछ दूर तक पीछा किया। इस तरह के व्यवहार से मुझे अकेले यात्रा करते समय असुरक्षित महसूस होने लगा है। क्षेत्र की अन्य महिलाओं को भी उसी स्थान पर इसी तरह के उत्पीड़न का सामना करना पड़ा है। मैं ऐसी घटनाओं को रोकने के लिए इस क्षेत्र में पुलिस गश्त बढ़ाने का अनुरोध करता हूं। यदि लाइन-अप या सीसीटीवी समीक्षा की व्यवस्था की जाती है तो मैं व्यक्तियों की पहचान करने के लिए तैयार हूं।,ईव टीज़िंग
मैं दादर में देखी गई एक संदिग्ध गतिविधि की रिपोर्ट करना चाहता हूं। कुछ दिन पहले से अज्ञात व्यक्ति समय-समय पर परित्यक्त भवन के पास एकत्र होते रहे हैं। निवासियों को संदेह है कि रात में वहां कुछ अवैध गतिविधि हो सकती है। उस स्थान से तेज़ आवाज़ें और कभी-कभार बहसें सुनाई देती रही हैं। इससे आसपास रहने वाले परिवारों में सुरक्षा संबंधी चिंताएं बढ़ गई हैं। स्थानीय वार्ड कार्यालय को सूचित करने के बावजूद कोई आधिकारिक कार्रवाई नहीं की गई है। मैं अधिकारियों से इस मामले की जांच करने और निवासियों की सुरक्षा सुनिश्चित करने का अनुरोध करता हूं। यदि आवश्यक हुआ तो मैं अधिक विवरण प्रदान करने या अधिकारियों के साथ जाने को तैयार हूं।,अन्य
"मैं वाशी में रहने वाले एक अज्ञात व्यक्ति द्वारा मुझे दी गई धमकियों के संबंध में शिकायत दर्ज करा रहा हूं। इस महीने की 3 तारीख को हमारे बीच एक मामूली विवाद के बाद धमकियां मिलनी शुरू हुईं। उन्होंने मुझे बोलने पर हमला करने और मेरी संपत्ति को नुकसान पहुंचाने की धमकी दी है। इससे मेरे और मेरे परिवार के सदस्यों में काफी डर और चिंता पैदा हो गई है। मैंने किसी भी टकराव से परहेज किया है, लेकिन धमकियां इसकी परवाह किए बिना जारी हैं। इलाके के पड़ोसियों को भी तनाव की जानकारी है और वे इसकी पुष्टि कर सकते हैं. मेरा अनुरोध है कि मेरी सुरक्षा सुनिश्चित करने के लिए उचित कानूनी कार्रवाई की जाए। धमकियों की गंभीर प्रकृति को देखते हुए कृपया इस मामले पर तत्परता से विचार करें।",धमकी
"मैं रिपोर्ट करना चाहता हूं कि मुझे वाकड में एक अज्ञात व्यक्ति से गंभीर धमकियां मिली हैं। पिछले दो सप्ताह से यह व्यक्ति मुझे और मेरे परिवार को नुकसान पहुंचाने की धमकी दे रहा है। अगर मैंने उनकी मांगें नहीं मानी तो उन्होंने मुझे गंभीर परिणाम भुगतने की चेतावनी दी है। धमकियाँ व्यक्तिगत रूप से और फोन कॉल दोनों पर दी गई हैं। मैं इन धमकियों के कारण अपने परिवार की सुरक्षा को लेकर बेहद चिंतित हूं।' मैंने उनकी किसी भी मांग का जवाब नहीं दिया, जिससे उनका गुस्सा और बढ़ गया है.' मैं पुलिस सुरक्षा और मुझे धमकी देने वाले व्यक्ति के खिलाफ तत्काल कार्रवाई का अनुरोध करता हूं। मैं इस शिकायत के समर्थन में कॉल रिकॉर्डिंग और गवाह विवरण प्रदान कर सकता हूं।",धमकी
"मैं कल्याण में सड़कों की स्थिति के संबंध में सार्वजनिक सुरक्षा चिंता उठाना चाहता हूं। मुख्य सड़क के पास एक खुला मैनहोल है जिसे इस महीने की 3 तारीख से खोला गया है। इस स्थान पर पहले भी कई दोपहिया वाहन चालक छोटी-मोटी दुर्घटना का शिकार हो चुके हैं। खतरनाक क्षेत्र के आसपास कोई चेतावनी संकेत या बैरिकेड्स नहीं लगाए गए हैं। रात के समय खराब स्ट्रीट लाइट के कारण हादसों का खतरा और भी बढ़ जाता है। स्थानीय निवासी पहले भी यह मुद्दा उठा चुके हैं, लेकिन कोई कार्रवाई नहीं हुई। मैं संबंधित अधिकारियों से मैनहोल की मरम्मत करने और उचित रोशनी सुनिश्चित करने का अनुरोध करता हूं। यह एक गंभीर सार्वजनिक सुरक्षा ख़तरा है जिस पर तत्काल ध्यान देने की आवश्यकता है।",सार्वजनिक सुरक्षा
"मैं सदर बाजार बस स्टॉप के पास हुई एक छेड़छाड़ की घटना की रिपोर्ट कर रहा हूं। आधी रात के करीब, बस स्टॉप पर एक आदमी ने मुझे छेड़ना शुरू कर दिया और भद्दे कमेंट करने लगा। उन्होंने मेरी अनुमति के बिना मेरी तस्वीरें खींचने की भी कोशिश की. मैंने उनका विरोध किया, लेकिन उन्होंने इसे हंसी में उड़ा दिया और अपना व्यवहार जारी रखा। यह पहली बार नहीं है जब इस स्थान पर ऐसी घटनाएं हुई हैं। इसी ग्रुप के बारे में कई अन्य लड़कियों ने अनौपचारिक रूप से शिकायत की है. मैं महिलाओं की सुरक्षा सुनिश्चित करने के लिए सख्त कार्रवाई और नियमित पुलिस उपस्थिति का अनुरोध करता हूं। यदि व्यक्तियों का पता लगाया जाता है तो मैं पहचान में सहायता करने को तैयार हूं।",ईव टीज़िंग
"मैं विले पार्ले में हुई नकदी और कार्ड वाले अपने पर्स की चोरी की रिपोर्ट करना चाहता हूं। यह घटना तब हुई जब मैं काम से लौट रहा था, मुख्य बाजार क्षेत्र के पास। जब मुझे एहसास हुआ कि यह गायब है, तो मैंने तुरंत आसपास की जाँच की लेकिन कुछ नहीं मिला। मुझे संदेह है कि इसे किसी ऐसे व्यक्ति ने चुराया है जो कुछ समय से मेरा पीछा कर रहा था। चोरी गए सामान की अनुमानित कीमत करीब तीन लाख रुपये है। 2,50,000. मैंने स्थानीय दुकानदारों को पहले ही सूचित कर दिया है कि उन्हें कुछ भी असामान्य दिखे। मैं पुलिस से मामले की जांच करने और मेरा सामान बरामद करने में मदद करने का अनुरोध करता हूं। यदि उपलब्ध हो तो मैं कोई भी अतिरिक्त विवरण या सीसीटीवी फुटेज स्थान प्रदान करने के लिए तैयार हूं।",चोरी
"मैं सदर बाज़ार में हुई बाहर खड़ी अपनी साइकिल की चोरी की रिपोर्ट दर्ज कराना चाहता हूँ। यह घटना आज सुबह मुख्य बाजार क्षेत्र के पास हुई। जब मुझे एहसास हुआ कि यह गायब है, तो मैंने तुरंत आसपास की जाँच की लेकिन कुछ नहीं मिला। मुझे संदेह है कि इसे किसी ऐसे व्यक्ति ने चुराया है जो कुछ समय से मेरा पीछा कर रहा था। चोरी गए सामान की अनुमानित कीमत करीब तीन लाख रुपये है। 2,50,000. मैंने स्थानीय दुकानदारों को पहले ही सूचित कर दिया है कि उन्हें कुछ भी असामान्य दिखे। मैं पुलिस से मामले की जांच करने और मेरा सामान बरामद करने में मदद करने का अनुरोध करता हूं। यदि उपलब्ध हो तो मैं कोई भी अतिरिक्त विवरण या सीसीटीवी फुटेज स्थान प्रदान करने के लिए तैयार हूं।",चोरी
"मैं पिंपरी में अपने निवास पर अपने ससुर द्वारा झेली जा रही घरेलू हिंसा की रिपोर्ट करना चाहती हूं। शारीरिक और मानसिक शोषण इस महीने की 3 तारीख से भी जारी है। छोटी-छोटी घरेलू बातों पर अक्सर मुझे पीटा जाता है और गाली-गलौज की जाती है। उन्होंने मुझे बिना किसी सहारे के घर से बाहर निकाल देने की धमकी भी दी है. मेरे बच्चों ने ये घटनाएं देखी हैं, जिसका उन पर बुरा असर पड़ा है.' मैंने इसे शांतिपूर्ण तरीके से सुलझाने की कोशिश की है, लेकिन दुर्व्यवहार बढ़ता ही जा रहा है। मैं इस दुरुपयोग के लिए जिम्मेदार लोगों के खिलाफ सुरक्षा और कानूनी कार्रवाई का अनुरोध करता हूं। यदि आवश्यक हुआ तो मैं मेडिकल रिकॉर्ड और गवाहों के बयान उपलब्ध कराने के लिए तैयार हूं।",घरेलू हिंसा
मैं घर में लगातार घरेलू दुर्व्यवहार के लिए अपने ससुर के खिलाफ यह शिकायत दर्ज कर रही हूं। कुछ दिन पहले से मेरे साथ मारपीट और उत्पीड़न किया जा रहा है। मुझे बुनियादी ज़रूरतों से भी वंचित कर दिया जाता है और बिना कारण घर तक सीमित कर दिया जाता है। जब भी मैं बोलने की कोशिश करता हूं तो बार-बार हिंसा की धमकियां मिलती रहती हैं। मेरे रिश्तेदार स्थिति से अवगत हैं और दुर्व्यवहार की गवाही दे सकते हैं। मुझे अपनी सुरक्षा और मेरे साथ रहने वाले मेरे बच्चों की सुरक्षा का डर है। मैं कानून के तहत तत्काल सुरक्षा और उचित कानूनी कार्रवाई का अनुरोध करता हूं। कृपया मेरी स्थिति के लिए उपलब्ध आश्रय और कानूनी सहायता के संबंध में मेरा मार्गदर्शन करें।,घरेलू हिंसा
"मैं खराडी में सड़कों की स्थिति के संबंध में सार्वजनिक सुरक्षा चिंता उठाना चाहता हूं। मुख्य सड़क के पास एक खुला मैनहोल है जिसे 2 अगस्त से खुला रखा गया है। इस स्थान पर पहले भी कई दोपहिया वाहन चालक छोटी-मोटी दुर्घटना का शिकार हो चुके हैं। खतरनाक क्षेत्र के आसपास कोई चेतावनी संकेत या बैरिकेड्स नहीं लगाए गए हैं। रात के समय खराब स्ट्रीट लाइट के कारण हादसों का खतरा और भी बढ़ जाता है। स्थानीय निवासी पहले भी यह मुद्दा उठा चुके हैं, लेकिन कोई कार्रवाई नहीं हुई। मैं संबंधित अधिकारियों से मैनहोल की मरम्मत करने और उचित रोशनी सुनिश्चित करने का अनुरोध करता हूं। यह एक गंभीर सार्वजनिक सुरक्षा ख़तरा है जिस पर तत्काल ध्यान देने की आवश्यकता है।",सार्वजनिक सुरक्षा
"मैं दादर में हुई मेरी बाहर खड़ी साइकिल की चोरी की रिपोर्ट दर्ज कराना चाहता हूँ। यह घटना तब हुई जब मैं बाजार से वापस आ रहा था, मुख्य बाजार क्षेत्र के पास। जब मुझे एहसास हुआ कि यह गायब है, तो मैंने तुरंत आसपास की जाँच की लेकिन कुछ नहीं मिला। मुझे संदेह है कि इसे किसी ऐसे व्यक्ति ने चुराया है जो कुछ समय से मेरा पीछा कर रहा था। चोरी गए सामान की अनुमानित कीमत करीब तीन लाख रुपये है। 2,50,000. मैंने स्थानीय दुकानदारों को पहले ही सूचित कर दिया है कि उन्हें कुछ भी असामान्य दिखे। मैं पुलिस से मामले की जांच करने और मेरा सामान बरामद करने में मदद करने का अनुरोध करता हूं। यदि उपलब्ध हो तो मैं कोई भी अतिरिक्त विवरण या सीसीटीवी फुटेज स्थान प्रदान करने के लिए तैयार हूं।",चोरी
"मैं नासिक रोड स्थित अपने आवास पर अपने ससुराल वालों द्वारा झेली जा रही घरेलू हिंसा की रिपोर्ट करना चाहती हूं। पिछले दो सप्ताह से शारीरिक और मानसिक शोषण जारी है। छोटी-छोटी घरेलू बातों पर अक्सर मुझे पीटा जाता है और गाली-गलौज की जाती है। उन्होंने मुझे बिना किसी सहारे के घर से बाहर निकाल देने की धमकी भी दी है. मेरे बच्चों ने ये घटनाएं देखी हैं, जिसका उन पर बुरा असर पड़ा है.' मैंने इसे शांतिपूर्ण तरीके से सुलझाने की कोशिश की है, लेकिन दुर्व्यवहार बढ़ता ही जा रहा है। मैं इस दुरुपयोग के लिए जिम्मेदार लोगों के खिलाफ सुरक्षा और कानूनी कार्रवाई का अनुरोध करता हूं। यदि आवश्यक हुआ तो मैं मेडिकल रिकॉर्ड और गवाहों के बयान उपलब्ध कराने के लिए तैयार हूं।",घरेलू हिंसा
"मुझे मेरे मकान मालिक द्वारा ब्लैकमेल किया जा रहा है जो मेरे बारे में निजी जानकारी उजागर करने की धमकी दे रहा है। ब्लैकमेल की कोशिशें 22 जून को स्नैपचैट पर संदेशों के जरिए शुरू हुईं। वे रुपये मांग रहे हैं. 8,000 ऐसा न करने पर वे मुझे सार्वजनिक रूप से बदनाम करने की धमकी देते हैं। मैंने अब तक उनकी कोई भी मांग नहीं मानी है।' लगातार मिल रही इन धमकियों से मानसिक दबाव असहनीय होता जा रहा है। मैंने इस मामले से जुड़े सभी मैसेज और कॉल का रिकॉर्ड रखा है.' मैं इस ब्लैकमेल को रोकने और मेरी गोपनीयता की रक्षा के लिए तत्काल कार्रवाई का अनुरोध करता हूं। कृपया सलाह दें कि मैं इस व्यक्ति के खिलाफ क्या कानूनी कदम उठा सकता हूं।",ब्लैकमेल
"मैं नासिक रोड में देखी गई एक संदिग्ध गतिविधि की रिपोर्ट करना चाहता हूं। 15 जुलाई के बाद से, अज्ञात व्यक्ति अजीब समय पर परित्यक्त इमारत के पास इकट्ठा हो रहे हैं। निवासियों को संदेह है कि रात में वहां कुछ अवैध गतिविधि हो सकती है। उस स्थान से तेज़ आवाज़ें और कभी-कभार बहसें सुनाई देती रही हैं। इससे आसपास रहने वाले परिवारों में सुरक्षा संबंधी चिंताएं बढ़ गई हैं। स्थानीय वार्ड कार्यालय को सूचित करने के बावजूद कोई आधिकारिक कार्रवाई नहीं की गई है। मैं अधिकारियों से इस मामले की जांच करने और निवासियों की सुरक्षा सुनिश्चित करने का अनुरोध करता हूं। यदि आवश्यक हुआ तो मैं अधिक विवरण प्रदान करने या अधिकारियों के साथ जाने को तैयार हूं।",अन्य
"मैं शिवाजी नगर में टूटी हुई स्ट्रीट लाइट और क्षतिग्रस्त फुटपाथ की रिपोर्ट करना चाहता हूं जिससे सुरक्षा संबंधी समस्याएं पैदा हो रही हैं। यह समस्या कुछ दिनों से बिना किसी मरम्मत कार्य के बनी हुई है। इस इलाके में बुजुर्गों और बच्चों को सुरक्षित चलने में काफी दिक्कत होती है। बारिश के दौरान इलाके में पानी भर जाता है, जिससे गिरने का खतरा बढ़ जाता है। यहां लोगों के फिसलने और घायल होने की कुछ घटनाएं हो चुकी हैं। मैं अन्य निवासियों के साथ इस सार्वजनिक बुनियादी ढांचे की तत्काल मरम्मत का अनुरोध करता हूं। इससे रोजाना गुजरने वाले राहगीरों और वाहनों को लगातार खतरा बना हुआ है। मैं इस मामले को सुलझाने के लिए नगर निगम अधिकारियों से त्वरित कार्रवाई का अनुरोध करता हूं।",सार्वजनिक सुरक्षा
"मैं रिपोर्ट करना चाहती हूं कि इंस्टाग्राम के जरिए मुझे ऑनलाइन परेशान किया जा रहा है। एक अज्ञात यूजर 2 अगस्त से मुझे अपमानजनक और धमकी भरे संदेश भेज रहा है। उन्होंने मेरी सहमति के बिना मेरी तस्वीरों का उपयोग करके एक फर्जी प्रोफ़ाइल भी बनाई है। यह व्यक्ति मेरे दोस्तों और रिश्तेदारों को मेरे बारे में आपत्तिजनक सामग्री वाले संदेश भेज रहा है। मैंने खाते को ब्लॉक करने का प्रयास किया है, लेकिन नए नकली खाते सामने आते रहते हैं। इस ऑनलाइन उत्पीड़न के कारण मुझे बहुत तनाव और शर्मिंदगी उठानी पड़ रही है। मैं साइबर क्राइम सेल से अनुरोध करता हूं कि खाते का पता लगाया जाए और सख्त कार्रवाई की जाए। मैं उत्पीड़न के सबूत के रूप में स्क्रीनशॉट और चैट इतिहास साझा कर सकता हूं।",साइबर उत्पीड़न
"मैं रिपोर्ट करना चाहता हूं कि मुझे कल्याण में मेरे जीजाजी से गंभीर धमकियां मिली हैं। पिछले दो सप्ताह से यह व्यक्ति मुझे और मेरे परिवार को नुकसान पहुंचाने की धमकी दे रहा है। अगर मैंने उनकी मांगें नहीं मानी तो उन्होंने मुझे गंभीर परिणाम भुगतने की चेतावनी दी है। धमकियाँ व्यक्तिगत रूप से और फोन कॉल दोनों पर दी गई हैं। मैं इन धमकियों के कारण अपने परिवार की सुरक्षा को लेकर बेहद चिंतित हूं।' मैंने उनकी किसी भी मांग का जवाब नहीं दिया, जिससे उनका गुस्सा और बढ़ गया है.' मैं पुलिस सुरक्षा और मुझे धमकी देने वाले व्यक्ति के खिलाफ तत्काल कार्रवाई का अनुरोध करता हूं। मैं इस शिकायत के समर्थन में कॉल रिकॉर्डिंग और गवाह विवरण प्रदान कर सकता हूं।",धमकी
"यह दादर इलाके में मेरी पत्नी के हैंडबैग से जुड़ी चोरी की घटना की रिपोर्ट करने के लिए है। यह आधी रात के आसपास हुआ, जब मैं थोड़ी देर के लिए वहां से हट गया था। वापस लौटने पर मुझे पता चला कि मेरा सामान कोई अज्ञात व्यक्ति ले गया है। अनुमानित नुकसान लगभग रु. 20,000, जो मेरे लिए एक महत्वपूर्ण राशि है। आसपास कुछ लोग भी थे, लेकिन किसी को चोरी होने का पता नहीं चला। मैंने आस-पास की दुकानों और निवासियों से जांच की है, लेकिन अभी तक कोई सुराग नहीं मिला है। मेरा अनुरोध है कि जल्द से जल्द मामला दर्ज किया जाए और जांच की जाए।' मैं जांच प्रक्रिया में पूरा सहयोग करने को तैयार हूं।'",चोरी
मैं औंध में अपने कार्यस्थल पर एक वरिष्ठ द्वारा पीछा किए जाने के संबंध में शिकायत दर्ज करना चाहती हूं। पिछले दो सप्ताह से यह व्यक्ति लगभग हर दिन मेरा पीछा कर रहा है। शाम की सैर के दौरान मैंने देखा कि वही व्यक्ति फिर से मेरे घर के बाहर इंतज़ार कर रहा है। वे भी मेरे पीछे-पीछे मेरे कार्यस्थल तक आते हैं और गेट के पास इंतजार करते हैं। मैंने देखा है कि एक ही वाहन कई बार मेरे ऑटो-रिक्शा का पीछा कर रहा है। इस निरंतर अनुसरण ने मुझे अपनी सुरक्षा के लिए अत्यधिक चिंतित और भयभीत कर दिया है। मैं पुलिस से जांच करने और इस व्यक्ति को मेरा पीछा करने से रोकने का अनुरोध करता हूं। मैं उस व्यक्ति की पहचान करने और जरूरत पड़ने पर और विवरण प्रदान करने को तैयार हूं।,स्टॉकिंग
"किसी अज्ञात फ़ोन नंबर पर कोई मुझे बार-बार अनुचित संदेश और टिप्पणियाँ भेज रहा है। यह उत्पीड़न कुछ दिन पहले शुरू हुआ और हाल ही में इसकी आवृत्ति में वृद्धि हुई है। उस व्यक्ति ने मेरे सार्वजनिक पोस्ट पर भी अश्लील टिप्पणी की है.' मैंने उन्हें समझाने की कोशिश की, लेकिन उन्होंने और भी अश्लील संदेश जारी रखे। उन्होंने मेरे दोस्तों और परिवार को भी शर्मनाक और झूठे पोस्ट में टैग किया। मैं बेहद परेशान हूं और अब शांति से सोशल मीडिया का इस्तेमाल नहीं कर पा रहा हूं।' मेरा अनुरोध है कि खाते का पता लगाया जाए और उचित कार्रवाई की जाए। मैं अपनी शिकायत के समर्थन में आवश्यक स्क्रीनशॉट संलग्न कर रहा हूं।",साइबर उत्पीड़न
मैं बानेर में हुई छेड़छाड़ की एक घटना की रिपोर्ट करना चाहता हूं। कल शाम जब मैं पैदल जा रही थी तो बस स्टॉप पर एक आदमी ने मुझ पर अश्लील टिप्पणियाँ कीं। उन्होंने सीटियां भी बजाईं और मेरे और मेरे दोस्त की ओर अनुचित इशारे भी किए। जब मैंने उन्हें नज़रअंदाज कर दूर जाने की कोशिश की तो उन्होंने कुछ दूर तक पीछा किया। इस तरह के व्यवहार से मुझे अकेले यात्रा करते समय असुरक्षित महसूस होने लगा है। क्षेत्र की अन्य महिलाओं को भी उसी स्थान पर इसी तरह के उत्पीड़न का सामना करना पड़ा है। मैं ऐसी घटनाओं को रोकने के लिए इस क्षेत्र में पुलिस गश्त बढ़ाने का अनुरोध करता हूं। यदि लाइन-अप या सीसीटीवी समीक्षा की व्यवस्था की जाती है तो मैं व्यक्तियों की पहचान करने के लिए तैयार हूं।,ईव टीज़िंग
"मैं हडपसर में अपने सहकर्मी द्वारा पीछा किए जाने के संबंध में शिकायत दर्ज करना चाहती हूं। 18 तारीख के बाद से यह व्यक्ति लगभग हर दिन मेरा पीछा कर रहा है। आधी रात के आसपास, मैंने देखा कि वही व्यक्ति फिर से मेरे घर के बाहर इंतज़ार कर रहा था। वे भी मेरे पीछे-पीछे मेरे कार्यस्थल तक आते हैं और गेट के पास इंतजार करते हैं। मैंने देखा है कि एक ही वाहन कई बार मेरे ऑटो-रिक्शा का पीछा कर रहा है। इस निरंतर अनुसरण ने मुझे अपनी सुरक्षा के लिए अत्यधिक चिंतित और भयभीत कर दिया है। मैं पुलिस से जांच करने और इस व्यक्ति को मेरा पीछा करने से रोकने का अनुरोध करता हूं। मैं उस व्यक्ति की पहचान करने और जरूरत पड़ने पर और विवरण प्रदान करने को तैयार हूं।",स्टॉकिंग
"मैं कल्याण में रहने वाले अपने पूर्व प्रेमी द्वारा मुझे दी गई धमकियों के संबंध में शिकायत दर्ज करा रही हूं। इस महीने की 3 तारीख को हमारे बीच एक मामूली विवाद के बाद धमकियां मिलनी शुरू हुईं। उन्होंने मुझे बोलने पर हमला करने और मेरी संपत्ति को नुकसान पहुंचाने की धमकी दी है। इससे मेरे और मेरे परिवार के सदस्यों में काफी डर और चिंता पैदा हो गई है। मैंने किसी भी टकराव से परहेज किया है, लेकिन धमकियां इसकी परवाह किए बिना जारी हैं। इलाके के पड़ोसियों को भी तनाव की जानकारी है और वे इसकी पुष्टि कर सकते हैं. मेरा अनुरोध है कि मेरी सुरक्षा सुनिश्चित करने के लिए उचित कानूनी कार्रवाई की जाए। धमकियों की गंभीर प्रकृति को देखते हुए कृपया इस मामले पर तत्परता से विचार करें।",धमकी
"मैं रिपोर्ट करना चाहता हूं कि मेरे कार्यस्थल पर एक वरिष्ठ डेटिंग ऐप का उपयोग करके मुझे ब्लैकमेल कर रहा है। 18 तारीख को इस शख्स ने मेरी निजी तस्वीरें और जानकारी लीक करने की धमकी दी है. वे रुपये की मांग कर रहे हैं. सामग्री को सार्वजनिक न करने के बदले में 2,50,000 रु. मैंने पैसे देने से इनकार कर दिया है, जिसके बाद धमकियां और भी बढ़ गई हैं. इस ब्लैकमेल से मुझे गंभीर मानसिक तनाव और सामाजिक शर्मिंदगी का डर सता रहा है। मैंने सभी चैट वार्तालाप और स्क्रीनशॉट को साक्ष्य के रूप में सहेजा है। मैं साइबर अपराध विभाग से जांच करने और सख्त कार्रवाई करने का अनुरोध करता हूं।' मैं यह सुनिश्चित करने के लिए पूरा सहयोग करने को तैयार हूं कि इस व्यक्ति को जवाबदेह ठहराया जाए।",ब्लैकमेल
"फेसबुक पर कोई मुझे बार-बार अनुचित संदेश और टिप्पणियाँ भेज रहा है। यह उत्पीड़न कुछ दिन पहले शुरू हुआ और हाल ही में इसकी आवृत्ति में वृद्धि हुई है। उस व्यक्ति ने मेरे सार्वजनिक पोस्ट पर भी अश्लील टिप्पणी की है.' मैंने उन्हें समझाने की कोशिश की, लेकिन उन्होंने और भी अश्लील संदेश जारी रखे। उन्होंने मेरे दोस्तों और परिवार को भी शर्मनाक और झूठे पोस्ट में टैग किया। मैं बेहद परेशान हूं और अब शांति से सोशल मीडिया का इस्तेमाल नहीं कर पा रहा हूं।' मेरा अनुरोध है कि खाते का पता लगाया जाए और उचित कार्रवाई की जाए। मैं अपनी शिकायत के समर्थन में आवश्यक स्क्रीनशॉट संलग्न कर रहा हूं।",साइबर उत्पीड़न
"मुझे मेरे पति द्वारा ब्लैकमेल किया जा रहा है जो मेरे बारे में निजी जानकारी उजागर करने की धमकी दे रहा है। ब्लैकमेल की कोशिशें 2 अगस्त को फेसबुक पर संदेशों के जरिए शुरू हुईं। वे रुपये मांग रहे हैं. 8,000 ऐसा न करने पर वे मुझे सार्वजनिक रूप से बदनाम करने की धमकी देते हैं। मैंने अब तक उनकी कोई भी मांग नहीं मानी है।' लगातार मिल रही इन धमकियों से मानसिक दबाव असहनीय होता जा रहा है। मैंने इस मामले से जुड़े सभी मैसेज और कॉल का रिकॉर्ड रखा है.' मैं इस ब्लैकमेल को रोकने और मेरी गोपनीयता की रक्षा के लिए तत्काल कार्रवाई का अनुरोध करता हूं। कृपया सलाह दें कि मैं इस व्यक्ति के खिलाफ क्या कानूनी कदम उठा सकता हूं।",ब्लैकमेल
"फेसबुक पर कोई मुझे बार-बार अनुचित संदेश और टिप्पणियाँ भेज रहा है। यह उत्पीड़न 2 अगस्त को शुरू हुआ और हाल ही में इसकी आवृत्ति में वृद्धि हुई है। उस व्यक्ति ने मेरे सार्वजनिक पोस्ट पर भी अश्लील टिप्पणी की है.' मैंने उन्हें समझाने की कोशिश की, लेकिन उन्होंने और भी अश्लील संदेश जारी रखे। उन्होंने मेरे दोस्तों और परिवार को भी शर्मनाक और झूठे पोस्ट में टैग किया। मैं बेहद परेशान हूं और अब शांति से सोशल मीडिया का इस्तेमाल नहीं कर पा रहा हूं।' मेरा अनुरोध है कि खाते का पता लगाया जाए और उचित कार्रवाई की जाए। मैं अपनी शिकायत के समर्थन में आवश्यक स्क्रीनशॉट संलग्न कर रहा हूं।",साइबर उत्पीड़न
"यह नागपुर शहर के इलाके में मेरे दोपहिया वाहन से जुड़ी चोरी की घटना की रिपोर्ट करने के लिए है। यह तब हुआ जब मैं बाजार से वापस आ रहा था, जब मैं थोड़ी देर के लिए वहां से हट गया था। वापस लौटने पर मुझे पता चला कि मेरा सामान कोई अज्ञात व्यक्ति ले गया है। अनुमानित नुकसान लगभग रु. 2,50,000, जो मेरे लिए एक महत्वपूर्ण राशि है। आसपास कुछ लोग भी थे, लेकिन किसी को चोरी होने का पता नहीं चला। मैंने आस-पास की दुकानों और निवासियों से जांच की है, लेकिन अभी तक कोई सुराग नहीं मिला है। मेरा अनुरोध है कि जल्द से जल्द मामला दर्ज किया जाए और जांच की जाए।' मैं जांच प्रक्रिया में पूरा सहयोग करने को तैयार हूं।'",चोरी
मैं घर में लगातार घरेलू दुर्व्यवहार के लिए अपने पति के खिलाफ यह शिकायत दर्ज करा रही हूं। पिछले महीने की 10 तारीख से मुझे शारीरिक उत्पीड़न और उत्पीड़न का शिकार होना पड़ रहा है। मुझे बुनियादी ज़रूरतों से भी वंचित कर दिया जाता है और बिना कारण घर तक सीमित कर दिया जाता है। जब भी मैं बोलने की कोशिश करता हूं तो बार-बार हिंसा की धमकियां मिलती रहती हैं। मेरे रिश्तेदार स्थिति से अवगत हैं और दुर्व्यवहार की गवाही दे सकते हैं। मुझे अपनी सुरक्षा और मेरे साथ रहने वाले मेरे बच्चों की सुरक्षा का डर है। मैं कानून के तहत तत्काल सुरक्षा और उचित कानूनी कार्रवाई का अनुरोध करता हूं। कृपया मेरी स्थिति के लिए उपलब्ध आश्रय और कानूनी सहायता के संबंध में मेरा मार्गदर्शन करें।,घरेलू हिंसा
"मैं कैंप क्षेत्र में पास के एक दुकानदार द्वारा लगातार किए जा रहे उत्पीड़न की रिपोर्ट करना चाहती हूं। यह इस महीने की 3 तारीख को शुरू हुआ और तब से बंद नहीं हुआ है। पास का एक दुकानदार दूसरों के सामने मेरे बारे में अपमानजनक टिप्पणियाँ करता रहता है। पिछले हफ्ते इस शख्स ने मेरे घर के पास फिर मेरे साथ बदतमीजी की. मैंने उनसे विनम्रतापूर्वक रुकने के लिए कहा, लेकिन वे मुझे परेशान करते रहे। इससे मेरी मानसिक शांति प्रभावित हो रही है और मुझे अकेले बाहर निकलने में डर लगता है।' मैं पुलिस से जिम्मेदार व्यक्ति के खिलाफ सख्त कार्रवाई करने का अनुरोध करता हूं।' मैं जांच के लिए आवश्यक कोई भी अतिरिक्त विवरण प्रदान करने के लिए तैयार हूं।",उत्पीड़न
"मैं रिपोर्ट करना चाहती हूं कि इंस्टाग्राम के जरिए मुझे ऑनलाइन परेशान किया जा रहा है। एक अज्ञात उपयोगकर्ता इस महीने की 3 तारीख से मुझे अपमानजनक और धमकी भरे संदेश भेज रहा है। उन्होंने मेरी सहमति के बिना मेरी तस्वीरों का उपयोग करके एक फर्जी प्रोफ़ाइल भी बनाई है। यह व्यक्ति मेरे दोस्तों और रिश्तेदारों को मेरे बारे में आपत्तिजनक सामग्री वाले संदेश भेज रहा है। मैंने खाते को ब्लॉक करने का प्रयास किया है, लेकिन नए नकली खाते सामने आते रहते हैं। इस ऑनलाइन उत्पीड़न के कारण मुझे बहुत तनाव और शर्मिंदगी उठानी पड़ रही है। मैं साइबर क्राइम सेल से अनुरोध करता हूं कि खाते का पता लगाया जाए और सख्त कार्रवाई की जाए। मैं उत्पीड़न के सबूत के रूप में स्क्रीनशॉट और चैट इतिहास साझा कर सकता हूं।",साइबर उत्पीड़न
"मैं ठाणे में शोर और उपद्रव के संबंध में एक सामान्य सुरक्षा शिकायत दर्ज करना चाहता हूं। पिछले एक महीने से, पास का एक प्रतिष्ठान अनुमत समय से अधिक जोर-शोर से काम कर रहा है। इससे आस-पड़ोस की शांति भंग हो गई है, विशेषकर बुजुर्ग निवासियों और बच्चों के लिए। मालिकों से शोर कम करने के बार-बार अनुरोध को नजरअंदाज कर दिया गया है। सप्ताहांत पर स्थिति और भी गंभीर हो जाती है जब अशांति देर रात तक जारी रहती है। इस मुद्दे को स्थानीय अधिकारियों के सामने उठाने के लिए कई पड़ोसी एकजुट हुए हैं। मैं यह सुनिश्चित करने के लिए आवश्यक कार्रवाई का अनुरोध करता हूं कि शोर के स्तर को नियंत्रण में लाया जाए। कृपया निवासियों की भलाई के लिए इस मामले पर जल्द से जल्द ध्यान दें।",अन्य
"एक व्यक्ति, जिसकी पहचान मेरे पूर्व-साथी के रूप में की गई है, 2 अगस्त से मेरा पीछा कर रहा है। मेरी शाम की सैर के दौरान वे मेरे कॉलेज के गेट के पास खड़े होकर मुझे देखते दिखे। मेरे कई बार मना करने के बाद भी वे बार-बार मुझसे बात करने की कोशिश करते हैं। मेरे दोस्तों ने भी देखा है कि यह व्यक्ति अलग-अलग दिनों में मेरा पीछा कर रहा है। ऐसा लगता है कि यह व्यक्ति मेरी दिनचर्या जानता है, जो बहुत चिंताजनक है। मुझे डर है कि अगर इसे नहीं रोका गया तो यह और भी खतरनाक रूप ले सकता है। मेरा अनुरोध है कि इस व्यक्ति के खिलाफ तुरंत सख्त कार्रवाई की जाए।' कृपया मेरी सुरक्षा सुनिश्चित करने के लिए अगले कदमों पर मेरा मार्गदर्शन करें।",स्टॉकिंग
"मैं रिपोर्ट करना चाहता हूं कि मेरा पूर्व साथी एक डेटिंग ऐप का उपयोग करके मुझे ब्लैकमेल कर रहा है। 2 अगस्त से इस व्यक्ति ने मेरी निजी तस्वीरें और जानकारी लीक करने की धमकी दी है। वे रुपये की मांग कर रहे हैं. सामग्री को सार्वजनिक न करने के बदले में 35,000 रु. मैंने सभी चैट वार्तालाप और स्क्रीनशॉट को साक्ष्य के रूप में सहेजा है। मैं साइबर अपराध विभाग से जांच करने और सख्त कार्रवाई करने का अनुरोध करता हूं।' मैं यह सुनिश्चित करने के लिए पूरा सहयोग करने को तैयार हूं कि इस व्यक्ति को जवाबदेह ठहराया जाए।",ब्लैकमेल
"मैं कोथरुड में अपने पूर्व साथी से लगातार हो रहे उत्पीड़न की रिपोर्ट करना चाहती हूं। यह 22 जून को शुरू हुआ और तब से बंद नहीं हुआ है। मेरा पूर्व-साथी दूसरों के सामने मेरे बारे में अपमानजनक टिप्पणियाँ करता रहता है। शाम की सैर के दौरान मेरे घर के पास इस शख्स ने फिर मेरे साथ बदसलूकी की. मैंने उनसे विनम्रतापूर्वक रुकने के लिए कहा, लेकिन वे मुझे परेशान करते रहे। इससे मेरी मानसिक शांति प्रभावित हो रही है और मुझे अकेले बाहर निकलने में डर लगता है।' मैं पुलिस से जिम्मेदार व्यक्ति के खिलाफ सख्त कार्रवाई करने का अनुरोध करता हूं।' मैं जांच के लिए आवश्यक कोई भी अतिरिक्त विवरण प्रदान करने के लिए तैयार हूं।",उत्पीड़न
"मैं दादर में अपने पूर्व पति से लगातार मिल रहे उत्पीड़न के बारे में रिपोर्ट करना चाहती हूं। यह इस महीने की 3 तारीख को शुरू हुआ और तब से बंद नहीं हुआ है। मेरे पूर्व पति दूसरों के सामने मेरे बारे में अपमानजनक टिप्पणियाँ करते रहते हैं। शाम की सैर के दौरान मेरे घर के पास इस शख्स ने फिर मेरे साथ बदसलूकी की. मैंने उनसे विनम्रतापूर्वक रुकने के लिए कहा, लेकिन वे मुझे परेशान करते रहे। इससे मेरी मानसिक शांति प्रभावित हो रही है और मुझे अकेले बाहर निकलने में डर लगता है।' मैं पुलिस से जिम्मेदार व्यक्ति के खिलाफ सख्त कार्रवाई करने का अनुरोध करता हूं।' मैं जांच के लिए आवश्यक कोई भी अतिरिक्त विवरण प्रदान करने के लिए तैयार हूं।",उत्पीड़न
"मैं कैंप क्षेत्र में टूटी हुई स्ट्रीट लाइट और क्षतिग्रस्त फुटपाथ की रिपोर्ट करना चाहता हूं, जिससे सुरक्षा संबंधी समस्याएं हो रही हैं। बिना किसी मरम्मत कार्य के यह समस्या 2 अगस्त से बनी हुई है। इस इलाके में बुजुर्गों और बच्चों को सुरक्षित चलने में काफी दिक्कत होती है। बारिश के दौरान इलाके में पानी भर जाता है, जिससे गिरने का खतरा बढ़ जाता है। यहां लोगों के फिसलने और घायल होने की कुछ घटनाएं हो चुकी हैं। मैं अन्य निवासियों के साथ इस सार्वजनिक बुनियादी ढांचे की तत्काल मरम्मत का अनुरोध करता हूं। इससे रोजाना गुजरने वाले राहगीरों और वाहनों को लगातार खतरा बना हुआ है। मैं इस मामले को सुलझाने के लिए नगर निगम अधिकारियों से त्वरित कार्रवाई का अनुरोध करता हूं।",सार्वजनिक सुरक्षा
"मैं नागपुर शहर में टूटी हुई स्ट्रीट लाइट और क्षतिग्रस्त फुटपाथ की रिपोर्ट करना चाहता हूं जिससे सुरक्षा संबंधी समस्याएं पैदा हो रही हैं। बिना किसी मरम्मत कार्य के यह समस्या 15 जुलाई से बनी हुई है। इस इलाके में बुजुर्गों और बच्चों को सुरक्षित चलने में काफी दिक्कत होती है। बारिश के दौरान इलाके में पानी भर जाता है, जिससे गिरने का खतरा बढ़ जाता है। यहां लोगों के फिसलने और घायल होने की कुछ घटनाएं हो चुकी हैं। मैं अन्य निवासियों के साथ इस सार्वजनिक बुनियादी ढांचे की तत्काल मरम्मत का अनुरोध करता हूं। इससे रोजाना गुजरने वाले राहगीरों और वाहनों को लगातार खतरा बना हुआ है। मैं इस मामले को सुलझाने के लिए नगर निगम अधिकारियों से त्वरित कार्रवाई का अनुरोध करता हूं।",सार्वजनिक सुरक्षा
"एक व्यक्ति, जिसकी पहचान मेरे जीजा के रूप में हुई है, पिछले महीने की 10 तारीख से मेरा पीछा कर रहा है। लगभग आधी रात को वे मेरे कॉलेज के गेट के पास खड़े होकर मुझे देखते दिखे। मेरे कई बार मना करने के बाद भी वे बार-बार मुझसे बात करने की कोशिश करते हैं। मेरे दोस्तों ने भी देखा है कि यह व्यक्ति अलग-अलग दिनों में मेरा पीछा कर रहा है। ऐसा लगता है कि यह व्यक्ति मेरी दिनचर्या जानता है, जो बहुत चिंताजनक है। मुझे डर है कि अगर इसे नहीं रोका गया तो यह और भी खतरनाक रूप ले सकता है। मेरा अनुरोध है कि इस व्यक्ति के खिलाफ तुरंत सख्त कार्रवाई की जाए।' कृपया मेरी सुरक्षा सुनिश्चित करने के लिए अगले कदमों पर मेरा मार्गदर्शन करें।",स्टॉकिंग
"मैं बोरीवली में रहने वाले एक अज्ञात व्यक्ति द्वारा मुझे दी गई धमकियों के संबंध में शिकायत दर्ज करा रहा हूं। धमकियां 15 जुलाई को हमारे बीच मामूली विवाद के बाद शुरू हुईं। उन्होंने मुझे बोलने पर हमला करने और मेरी संपत्ति को नुकसान पहुंचाने की धमकी दी है। इससे मेरे और मेरे परिवार के सदस्यों में काफी डर और चिंता पैदा हो गई है। मैंने किसी भी टकराव से परहेज किया है, लेकिन धमकियां इसकी परवाह किए बिना जारी हैं। इलाके के पड़ोसियों को भी तनाव की जानकारी है और वे इसकी पुष्टि कर सकते हैं. मेरा अनुरोध है कि मेरी सुरक्षा सुनिश्चित करने के लिए उचित कानूनी कार्रवाई की जाए। धमकियों की गंभीर प्रकृति को देखते हुए कृपया इस मामले पर तत्परता से विचार करें।",धमकी
"मैं सदर बाज़ार में देखी गई एक संदिग्ध गतिविधि की रिपोर्ट करना चाहता हूँ। पिछले दो सप्ताह से, अज्ञात व्यक्ति अजीब समय पर परित्यक्त इमारत के पास इकट्ठा हो रहे हैं। निवासियों को संदेह है कि रात में वहां कुछ अवैध गतिविधि हो सकती है। उस स्थान से तेज़ आवाज़ें और कभी-कभार बहसें सुनाई देती रही हैं। इससे आसपास रहने वाले परिवारों में सुरक्षा संबंधी चिंताएं बढ़ गई हैं। स्थानीय वार्ड कार्यालय को सूचित करने के बावजूद कोई आधिकारिक कार्रवाई नहीं की गई है। मैं अधिकारियों से इस मामले की जांच करने और निवासियों की सुरक्षा सुनिश्चित करने का अनुरोध करता हूं। यदि आवश्यक हुआ तो मैं अधिक विवरण प्रदान करने या अधिकारियों के साथ जाने को तैयार हूं।",अन्य
"मैं कोथरुड में टूटी हुई स्ट्रीट लाइट और क्षतिग्रस्त फुटपाथ की रिपोर्ट करना चाहता हूं जिससे सुरक्षा संबंधी समस्याएं पैदा हो रही हैं। यह समस्या कुछ दिनों से बिना किसी मरम्मत कार्य के बनी हुई है। इस इलाके में बुजुर्गों और बच्चों को सुरक्षित चलने में काफी दिक्कत होती है। बारिश के दौरान इलाके में पानी भर जाता है, जिससे गिरने का खतरा बढ़ जाता है। यहां लोगों के फिसलने और घायल होने की कुछ घटनाएं हो चुकी हैं। मैं अन्य निवासियों के साथ इस सार्वजनिक बुनियादी ढांचे की तत्काल मरम्मत का अनुरोध करता हूं। इससे रोजाना गुजरने वाले राहगीरों और वाहनों को लगातार खतरा बना हुआ है। मैं इस मामले को सुलझाने के लिए नगर निगम अधिकारियों से त्वरित कार्रवाई का अनुरोध करता हूं।",सार्वजनिक सुरक्षा
"एक व्यक्ति, जिसकी पहचान मेरे पूर्व-साथी के रूप में की गई है, पिछले महीने की 10 तारीख से मेरा पीछा कर रहा है। पिछले हफ्ते, वे मेरे कॉलेज के गेट के पास खड़े होकर मुझे देखते हुए देखे गए थे। मेरे कई बार मना करने के बाद भी वे बार-बार मुझसे बात करने की कोशिश करते हैं। मेरे दोस्तों ने भी देखा है कि यह व्यक्ति अलग-अलग दिनों में मेरा पीछा कर रहा है। ऐसा लगता है कि यह व्यक्ति मेरी दिनचर्या जानता है, जो बहुत चिंताजनक है। मुझे डर है कि अगर इसे नहीं रोका गया तो यह और भी खतरनाक रूप ले सकता है। मेरा अनुरोध है कि इस व्यक्ति के खिलाफ तुरंत सख्त कार्रवाई की जाए।' कृपया मेरी सुरक्षा सुनिश्चित करने के लिए अगले कदमों पर मेरा मार्गदर्शन करें।",स्टॉकिंग
"मैं अपने दोपहिया वाहन की खराड़ी में हुई चोरी की रिपोर्ट दर्ज कराना चाहता हूं। यह घटना आज सुबह मुख्य बाजार क्षेत्र के पास हुई। जब मुझे एहसास हुआ कि यह गायब है, तो मैंने तुरंत आसपास की जाँच की लेकिन कुछ नहीं मिला। मुझे संदेह है कि इसे किसी ऐसे व्यक्ति ने चुराया है जो कुछ समय से मेरा पीछा कर रहा था। चोरी गए सामान की अनुमानित कीमत करीब तीन लाख रुपये है। 12,000. मैंने स्थानीय दुकानदारों को पहले ही सूचित कर दिया है कि उन्हें कुछ भी असामान्य दिखे। मैं पुलिस से मामले की जांच करने और मेरा सामान बरामद करने में मदद करने का अनुरोध करता हूं। यदि उपलब्ध हो तो मैं कोई भी अतिरिक्त विवरण या सीसीटीवी फुटेज स्थान प्रदान करने के लिए तैयार हूं।",चोरी
"मैं ठाणे में देखी गई एक संदिग्ध गतिविधि की रिपोर्ट करना चाहता हूं। 18 तारीख के बाद से, अज्ञात व्यक्ति अजीब समय पर परित्यक्त इमारत के पास इकट्ठा हो रहे हैं। निवासियों को संदेह है कि रात में वहां कुछ अवैध गतिविधि हो सकती है। उस स्थान से तेज़ आवाज़ें और कभी-कभार बहसें सुनाई देती रही हैं। इससे आसपास रहने वाले परिवारों में सुरक्षा संबंधी चिंताएं बढ़ गई हैं। स्थानीय वार्ड कार्यालय को सूचित करने के बावजूद कोई आधिकारिक कार्रवाई नहीं की गई है। मैं अधिकारियों से इस मामले की जांच करने और निवासियों की सुरक्षा सुनिश्चित करने का अनुरोध करता हूं। यदि आवश्यक हुआ तो मैं अधिक विवरण प्रदान करने या अधिकारियों के साथ जाने को तैयार हूं।",अन्य
"मैं खराडी में शोर और उपद्रव के संबंध में एक सामान्य सुरक्षा शिकायत दर्ज करना चाहता हूं। 15 जुलाई से, पास का एक प्रतिष्ठान अनुमत समय से अधिक जोर-शोर से काम कर रहा है। इससे आस-पड़ोस की शांति भंग हो गई है, विशेषकर बुजुर्ग निवासियों और बच्चों के लिए। मालिकों से शोर कम करने के बार-बार अनुरोध को नजरअंदाज कर दिया गया है। सप्ताहांत पर स्थिति और भी गंभीर हो जाती है जब अशांति देर रात तक जारी रहती है। इस मुद्दे को स्थानीय अधिकारियों के सामने उठाने के लिए कई पड़ोसी एकजुट हुए हैं। मैं यह सुनिश्चित करने के लिए आवश्यक कार्रवाई का अनुरोध करता हूं कि शोर के स्तर को नियंत्रण में लाया जाए। कृपया निवासियों की भलाई के लिए इस मामले पर जल्द से जल्द ध्यान दें।",अन्य
"मैं रिपोर्ट करना चाहता हूं कि मेरा पड़ोसी एक अज्ञात फोन नंबर का उपयोग करके मुझे ब्लैकमेल कर रहा है। पिछले शुक्रवार से इस व्यक्ति ने मेरी निजी तस्वीरें और जानकारी लीक करने की धमकी दी है। वे रुपये की मांग कर रहे हैं. सामग्री को सार्वजनिक न करने के बदले में 12,000 रु. मैंने पैसे देने से इनकार कर दिया है, जिसके बाद धमकियां और भी बढ़ गई हैं. इस ब्लैकमेल से मुझे गंभीर मानसिक तनाव और सामाजिक शर्मिंदगी का डर सता रहा है। मैंने सभी चैट वार्तालाप और स्क्रीनशॉट को साक्ष्य के रूप में सहेजा है। मैं साइबर अपराध विभाग से जांच करने और सख्त कार्रवाई करने का अनुरोध करता हूं।' मैं यह सुनिश्चित करने के लिए पूरा सहयोग करने को तैयार हूं कि इस व्यक्ति को जवाबदेह ठहराया जाए।",ब्लैकमेल
"मैं बोरीवली में रहने वाले अपने पति द्वारा मुझे दी गई धमकियों के संबंध में शिकायत दर्ज करा रही हूं। पिछले महीने की 10 तारीख को हमारे बीच मामूली विवाद के बाद धमकियां मिलनी शुरू हुईं। उन्होंने मुझे बोलने पर हमला करने और मेरी संपत्ति को नुकसान पहुंचाने की धमकी दी है। इससे मेरे और मेरे परिवार के सदस्यों में काफी डर और चिंता पैदा हो गई है। मैंने किसी भी टकराव से परहेज किया है, लेकिन धमकियां इसकी परवाह किए बिना जारी हैं। इलाके के पड़ोसियों को भी तनाव की जानकारी है और वे इसकी पुष्टि कर सकते हैं. मेरा अनुरोध है कि मेरी सुरक्षा सुनिश्चित करने के लिए उचित कानूनी कार्रवाई की जाए। धमकियों की गंभीर प्रकृति को देखते हुए कृपया इस मामले पर तत्परता से विचार करें।",धमकी
"एक व्यक्ति, जिसकी पहचान मेरे जीजा के रूप में हुई है, कुछ दिनों से मेरा पीछा कर रहा है। कॉलेज जाते समय वे मेरे कॉलेज के गेट के पास खड़े होकर मुझे देखते दिखे। मेरे कई बार मना करने के बाद भी वे बार-बार मुझसे बात करने की कोशिश करते हैं। मेरे दोस्तों ने भी देखा है कि यह व्यक्ति अलग-अलग दिनों में मेरा पीछा कर रहा है। ऐसा लगता है कि यह व्यक्ति मेरी दिनचर्या जानता है, जो बहुत चिंताजनक है। मुझे डर है कि अगर इसे नहीं रोका गया तो यह और भी खतरनाक रूप ले सकता है। मेरा अनुरोध है कि इस व्यक्ति के खिलाफ तुरंत सख्त कार्रवाई की जाए।' कृपया मेरी सुरक्षा सुनिश्चित करने के लिए अगले कदमों पर मेरा मार्गदर्शन करें।",स्टॉकिंग
"यह वकाड इलाके में महत्वपूर्ण दस्तावेजों और मेरे बटुए से जुड़ी एक चोरी की घटना की रिपोर्ट करने के लिए है। यह आधी रात के आसपास हुआ, जब मैं थोड़ी देर के लिए वहां से हट गया था। वापस लौटने पर मुझे पता चला कि मेरा सामान कोई अज्ञात व्यक्ति ले गया है। अनुमानित नुकसान लगभग रु. 2,50,000, जो मेरे लिए एक महत्वपूर्ण राशि है। आसपास कुछ लोग भी थे, लेकिन किसी को चोरी होने का पता नहीं चला। मैंने आस-पास की दुकानों और निवासियों से जांच की है, लेकिन अभी तक कोई सुराग नहीं मिला है। मेरा अनुरोध है कि जल्द से जल्द मामला दर्ज किया जाए और जांच की जाए।' मैं जांच प्रक्रिया में पूरा सहयोग करने को तैयार हूं।'",चोरी
"मैं पिंपरी में रहने वाले अपने जीजा द्वारा मुझे दी गई धमकियों के संबंध में शिकायत दर्ज करा रही हूं। धमकियां 22 जून को हमारे बीच एक मामूली विवाद के बाद शुरू हुईं। उन्होंने मुझे बोलने पर हमला करने और मेरी संपत्ति को नुकसान पहुंचाने की धमकी दी है। इससे मेरे और मेरे परिवार के सदस्यों में काफी डर और चिंता पैदा हो गई है। मैंने किसी भी टकराव से परहेज किया है, लेकिन धमकियां इसकी परवाह किए बिना जारी हैं। इलाके के पड़ोसियों को भी तनाव की जानकारी है और वे इसकी पुष्टि कर सकते हैं. मेरा अनुरोध है कि मेरी सुरक्षा सुनिश्चित करने के लिए उचित कानूनी कार्रवाई की जाए। धमकियों की गंभीर प्रकृति को देखते हुए कृपया इस मामले पर तत्परता से विचार करें।",धमकी
मैं विले पार्ले में हुई छेड़छाड़ की एक घटना की रिपोर्ट करना चाहता हूं। दो दिन पहले जब मैं पैदल जा रही थी तो बाइक पर सवार दो लोगों ने मुझ पर अश्लील कमेंट किए। उन्होंने सीटियां भी बजाईं और मेरे और मेरे दोस्त की ओर अनुचित इशारे भी किए। जब मैंने उन्हें नज़रअंदाज कर दूर जाने की कोशिश की तो उन्होंने कुछ दूर तक पीछा किया। इस तरह के व्यवहार से मुझे अकेले यात्रा करते समय असुरक्षित महसूस होने लगा है। क्षेत्र की अन्य महिलाओं को भी उसी स्थान पर इसी तरह के उत्पीड़न का सामना करना पड़ा है। मैं ऐसी घटनाओं को रोकने के लिए इस क्षेत्र में पुलिस गश्त बढ़ाने का अनुरोध करता हूं। यदि लाइन-अप या सीसीटीवी समीक्षा की व्यवस्था की जाती है तो मैं व्यक्तियों की पहचान करने के लिए तैयार हूं।,ईव टीज़िंग
"मैं अंधेरी में देखी गई एक संदिग्ध गतिविधि की रिपोर्ट करना चाहता हूं। पिछले महीने की 10 तारीख से, अज्ञात व्यक्ति अजीब समय पर परित्यक्त इमारत के पास इकट्ठा हो रहे हैं। निवासियों को संदेह है कि रात में वहां कुछ अवैध गतिविधि हो सकती है। उस स्थान से तेज़ आवाज़ें और कभी-कभार बहसें सुनाई देती रही हैं। इससे आसपास रहने वाले परिवारों में सुरक्षा संबंधी चिंताएं बढ़ गई हैं। स्थानीय वार्ड कार्यालय को सूचित करने के बावजूद कोई आधिकारिक कार्रवाई नहीं की गई है। मैं अधिकारियों से इस मामले की जांच करने और निवासियों की सुरक्षा सुनिश्चित करने का अनुरोध करता हूं। यदि आवश्यक हुआ तो मैं अधिक विवरण प्रदान करने या अधिकारियों के साथ जाने को तैयार हूं।",अन्य
मैं नागपुर शहर में पास के एक दुकानदार द्वारा पीछा किए जाने के संबंध में शिकायत दर्ज करना चाहता हूं। इस महीने की 3 तारीख से यह व्यक्ति लगभग हर दिन मेरा पीछा कर रहा है। दो दिन पहले मैंने देखा कि वही व्यक्ति मेरे घर के बाहर फिर इंतज़ार कर रहा है। वे भी मेरे पीछे-पीछे मेरे कार्यस्थल तक आते हैं और गेट के पास इंतजार करते हैं। मैंने देखा है कि एक ही वाहन कई बार मेरे ऑटो-रिक्शा का पीछा कर रहा है। इस निरंतर अनुसरण ने मुझे अपनी सुरक्षा के लिए अत्यधिक चिंतित और भयभीत कर दिया है। मैं पुलिस से जांच करने और इस व्यक्ति को मेरा पीछा करने से रोकने का अनुरोध करता हूं। मैं उस व्यक्ति की पहचान करने और जरूरत पड़ने पर और विवरण प्रदान करने को तैयार हूं।,स्टॉकिंग
"मैं कल्याण में शोर और उपद्रव के संबंध में एक सामान्य सुरक्षा शिकायत दर्ज करना चाहता हूं। कुछ दिन पहले से, पास का एक प्रतिष्ठान अनुमत समय से अधिक जोर-शोर से काम कर रहा है। इससे आस-पड़ोस की शांति भंग हो गई है, विशेषकर बुजुर्ग निवासियों और बच्चों के लिए। मालिकों से शोर कम करने के बार-बार अनुरोध को नजरअंदाज कर दिया गया है। सप्ताहांत पर स्थिति और भी गंभीर हो जाती है जब अशांति देर रात तक जारी रहती है। इस मुद्दे को स्थानीय अधिकारियों के सामने उठाने के लिए कई पड़ोसी एकजुट हुए हैं। मैं यह सुनिश्चित करने के लिए आवश्यक कार्रवाई का अनुरोध करता हूं कि शोर के स्तर को नियंत्रण में लाया जाए। कृपया निवासियों की भलाई के लिए इस मामले पर जल्द से जल्द ध्यान दें।",अन्य
"मैं वाशी में रहने वाले अपने सहकर्मी द्वारा मुझे दी गई धमकियों के संबंध में शिकायत दर्ज करा रहा हूं। हमारे बीच मामूली विवाद के बाद पिछले दो सप्ताह से धमकियां मिलनी शुरू हो गईं। उन्होंने मुझे बोलने पर हमला करने और मेरी संपत्ति को नुकसान पहुंचाने की धमकी दी है। इससे मेरे और मेरे परिवार के सदस्यों में काफी डर और चिंता पैदा हो गई है। मैंने किसी भी टकराव से परहेज किया है, लेकिन धमकियां इसकी परवाह किए बिना जारी हैं। इलाके के पड़ोसियों को भी तनाव की जानकारी है और वे इसकी पुष्टि कर सकते हैं. मेरा अनुरोध है कि मेरी सुरक्षा सुनिश्चित करने के लिए उचित कानूनी कार्रवाई की जाए। धमकियों की गंभीर प्रकृति को देखते हुए कृपया इस मामले पर तत्परता से विचार करें।",धमकी
"मैं कल्याण में सड़कों की स्थिति के संबंध में सार्वजनिक सुरक्षा चिंता उठाना चाहता हूं। मुख्य सड़क के पास एक खुला मैनहोल है जो पिछले एक महीने से खुला पड़ा है। इस स्थान पर पहले भी कई दोपहिया वाहन चालक छोटी-मोटी दुर्घटना का शिकार हो चुके हैं। खतरनाक क्षेत्र के आसपास कोई चेतावनी संकेत या बैरिकेड्स नहीं लगाए गए हैं। रात के समय खराब स्ट्रीट लाइट के कारण हादसों का खतरा और भी बढ़ जाता है। स्थानीय निवासी पहले भी यह मुद्दा उठा चुके हैं, लेकिन कोई कार्रवाई नहीं हुई। मैं संबंधित अधिकारियों से मैनहोल की मरम्मत करने और उचित रोशनी सुनिश्चित करने का अनुरोध करता हूं। यह एक गंभीर सार्वजनिक सुरक्षा ख़तरा है जिस पर तत्काल ध्यान देने की आवश्यकता है।",सार्वजनिक सुरक्षा
"मैं कोथरुड में सड़कों की स्थिति के संबंध में सार्वजनिक सुरक्षा चिंता उठाना चाहता हूं। मुख्य सड़क के पास एक खुला मैनहोल है जिसे पिछले शुक्रवार से खोल दिया गया है। इस स्थान पर पहले भी कई दोपहिया वाहन चालक छोटी-मोटी दुर्घटना का शिकार हो चुके हैं। खतरनाक क्षेत्र के आसपास कोई चेतावनी संकेत या बैरिकेड्स नहीं लगाए गए हैं। रात के समय खराब स्ट्रीट लाइट के कारण हादसों का खतरा और भी बढ़ जाता है। स्थानीय निवासी पहले भी यह मुद्दा उठा चुके हैं, लेकिन कोई कार्रवाई नहीं हुई। मैं संबंधित अधिकारियों से मैनहोल की मरम्मत करने और उचित रोशनी सुनिश्चित करने का अनुरोध करता हूं। यह एक गंभीर सार्वजनिक सुरक्षा ख़तरा है जिस पर तत्काल ध्यान देने की आवश्यकता है।",सार्वजनिक सुरक्षा
"मैं रिपोर्ट करना चाहता हूं कि मेरे समाज का एक व्यक्ति फर्जी ईमेल आईडी का उपयोग करके मुझे ब्लैकमेल कर रहा है। कुछ दिन पहले से इस शख्स ने मेरी निजी तस्वीरें और जानकारी लीक करने की धमकी दी है. वे रुपये की मांग कर रहे हैं. सामग्री को सार्वजनिक न करने के बदले में 8,000 रु. मैंने पैसे देने से इनकार कर दिया है, जिसके बाद धमकियां और भी बढ़ गई हैं. इस ब्लैकमेल से मुझे गंभीर मानसिक तनाव और सामाजिक शर्मिंदगी का डर सता रहा है। मैंने सभी चैट वार्तालाप और स्क्रीनशॉट को साक्ष्य के रूप में सहेजा है। मैं साइबर अपराध विभाग से जांच करने और सख्त कार्रवाई करने का अनुरोध करता हूं।' मैं यह सुनिश्चित करने के लिए पूरा सहयोग करने को तैयार हूं कि इस व्यक्ति को जवाबदेह ठहराया जाए।",ब्लैकमेल
मैं घर में लगातार घरेलू दुर्व्यवहार के लिए अपने पति के खिलाफ यह शिकायत दर्ज करा रही हूं। इस महीने की 3 तारीख से मुझे शारीरिक उत्पीड़न और उत्पीड़न का शिकार होना पड़ रहा है। मुझे बुनियादी ज़रूरतों से भी वंचित कर दिया जाता है और बिना कारण घर तक सीमित कर दिया जाता है। जब भी मैं बोलने की कोशिश करता हूं तो बार-बार हिंसा की धमकियां मिलती रहती हैं। मेरे रिश्तेदार स्थिति से अवगत हैं और दुर्व्यवहार की गवाही दे सकते हैं। मुझे अपनी सुरक्षा और मेरे साथ रहने वाले मेरे बच्चों की सुरक्षा का डर है। मैं कानून के तहत तत्काल सुरक्षा और उचित कानूनी कार्रवाई का अनुरोध करता हूं। कृपया मेरी स्थिति के लिए उपलब्ध आश्रय और कानूनी सहायता के संबंध में मेरा मार्गदर्शन करें।,घरेलू हिंसा
"मैं खराड़ी में टूटी हुई स्ट्रीट लाइट और क्षतिग्रस्त फुटपाथ की रिपोर्ट करना चाहता हूं जिससे सुरक्षा संबंधी समस्याएं पैदा हो रही हैं। यह समस्या 18 तारीख तक बिना किसी मरम्मत कार्य के बनी रही। इस इलाके में बुजुर्गों और बच्चों को सुरक्षित चलने में काफी दिक्कत होती है। बारिश के दौरान इलाके में पानी भर जाता है, जिससे गिरने का खतरा बढ़ जाता है। यहां लोगों के फिसलने और घायल होने की कुछ घटनाएं हो चुकी हैं। मैं अन्य निवासियों के साथ इस सार्वजनिक बुनियादी ढांचे की तत्काल मरम्मत का अनुरोध करता हूं। इससे रोजाना गुजरने वाले राहगीरों और वाहनों को लगातार खतरा बना हुआ है। मैं इस मामले को सुलझाने के लिए नगर निगम अधिकारियों से त्वरित कार्रवाई का अनुरोध करता हूं।",सार्वजनिक सुरक्षा
"यह अंधेरी इलाके में महत्वपूर्ण दस्तावेजों और मेरे बटुए से जुड़ी एक चोरी की घटना की रिपोर्ट करने के लिए है। यह कल रात लगभग 9 बजे हुआ, जब मैं थोड़ी देर के लिए घटनास्थल से हट गया था। वापस लौटने पर मुझे पता चला कि मेरा सामान कोई अज्ञात व्यक्ति ले गया है। अनुमानित नुकसान लगभग रु. 75,000, जो मेरे लिए एक महत्वपूर्ण राशि है। आसपास कुछ लोग भी थे, लेकिन किसी को चोरी होने का पता नहीं चला। मैंने आस-पास की दुकानों और निवासियों से जांच की है, लेकिन अभी तक कोई सुराग नहीं मिला है। मेरा अनुरोध है कि जल्द से जल्द मामला दर्ज किया जाए और जांच की जाए।' मैं जांच प्रक्रिया में पूरा सहयोग करने को तैयार हूं।'",चोरी
"मैं रिपोर्ट करना चाहती हूं कि मुझे औंध में मेरे पूर्व-प्रेमी से गंभीर धमकियां मिली हैं। इस महीने की 3 तारीख से यह व्यक्ति मुझे और मेरे परिवार को नुकसान पहुंचाने की धमकी दे रहा है. अगर मैंने उनकी मांगें नहीं मानी तो उन्होंने मुझे गंभीर परिणाम भुगतने की चेतावनी दी है। धमकियाँ व्यक्तिगत रूप से और फोन कॉल दोनों पर दी गई हैं। मैं इन धमकियों के कारण अपने परिवार की सुरक्षा को लेकर बेहद चिंतित हूं।' मैंने उनकी किसी भी मांग का जवाब नहीं दिया, जिससे उनका गुस्सा और बढ़ गया है.' मैं पुलिस सुरक्षा और मुझे धमकी देने वाले व्यक्ति के खिलाफ तत्काल कार्रवाई का अनुरोध करता हूं। मैं इस शिकायत के समर्थन में कॉल रिकॉर्डिंग और गवाह विवरण प्रदान कर सकता हूं।",धमकी
मुझे और मेरे परिवार को अंधेरी में रहने वाले मेरे सहपाठी द्वारा परेशान किया जा रहा है। 18 तारीख से अब तक उत्पीड़न जारी है। जब भी वे मुझे देखते हैं तो भद्दे कमेंट करते हैं और परेशानी पैदा करने की कोशिश करते हैं। आज सुबह करीब 8 बजे स्थिति तब और खराब हो गई जब वे मुझसे सीधे भिड़ गए। इस लगातार उत्पीड़न के कारण मैं काम पर जाने में असुरक्षित महसूस करती हूं। मेरे परिवार के सदस्यों ने भी कई मौकों पर इस व्यवहार को देखा है। मैं तत्काल हस्तक्षेप का अनुरोध करता हूं ताकि यह उत्पीड़न स्थायी रूप से बंद हो जाए। कृपया मेरी शिकायत दर्ज कर आवश्यक कानूनी कार्रवाई करें।,उत्पीड़न
"मैं रिपोर्ट करना चाहती हूं कि इंस्टाग्राम के जरिए मुझे ऑनलाइन परेशान किया जा रहा है। एक अज्ञात उपयोगकर्ता 18 तारीख से मुझे अपमानजनक और धमकी भरे संदेश भेज रहा है। उन्होंने मेरी सहमति के बिना मेरी तस्वीरों का उपयोग करके एक फर्जी प्रोफ़ाइल भी बनाई है। यह व्यक्ति मेरे दोस्तों और रिश्तेदारों को मेरे बारे में आपत्तिजनक सामग्री वाले संदेश भेज रहा है। मैंने खाते को ब्लॉक करने का प्रयास किया है, लेकिन नए नकली खाते सामने आते रहते हैं। इस ऑनलाइन उत्पीड़न के कारण मुझे बहुत तनाव और शर्मिंदगी उठानी पड़ रही है। मैं साइबर क्राइम सेल से अनुरोध करता हूं कि खाते का पता लगाया जाए और सख्त कार्रवाई की जाए। मैं उत्पीड़न के सबूत के रूप में स्क्रीनशॉट और चैट इतिहास साझा कर सकता हूं।",साइबर उत्पीड़न
"मैं कोथरुड बस स्टॉप के पास हुई एक छेड़छाड़ की घटना की रिपोर्ट कर रहा हूं। पिछले हफ्ते, एक बाइक पर दो लोगों ने मुझे छेड़ना शुरू कर दिया और भद्दी टिप्पणियाँ करने लगे। उन्होंने मेरी अनुमति के बिना मेरी तस्वीरें खींचने की भी कोशिश की. मैंने उनका विरोध किया, लेकिन उन्होंने इसे हंसी में उड़ा दिया और अपना व्यवहार जारी रखा। यह पहली बार नहीं है जब इस स्थान पर ऐसी घटनाएं हुई हैं। इसी ग्रुप के बारे में कई अन्य लड़कियों ने अनौपचारिक रूप से शिकायत की है. मैं महिलाओं की सुरक्षा सुनिश्चित करने के लिए सख्त कार्रवाई और नियमित पुलिस उपस्थिति का अनुरोध करता हूं। यदि व्यक्तियों का पता लगाया जाता है तो मैं पहचान में सहायता करने को तैयार हूं।",ईव टीज़िंग
मैं कोथरुड में अपने समाज के एक व्यक्ति द्वारा पीछा किए जाने के संबंध में शिकायत दर्ज करना चाहती हूं। पिछले शुक्रवार से यह व्यक्ति लगभग हर दिन मेरा पीछा कर रहा है। जब मैं बाज़ार से वापस आ रहा था तो मैंने देखा कि वही व्यक्ति फिर से मेरे घर के बाहर इंतज़ार कर रहा था। वे भी मेरे पीछे-पीछे मेरे कार्यस्थल तक आते हैं और गेट के पास इंतजार करते हैं। मैंने देखा है कि एक ही वाहन कई बार मेरे ऑटो-रिक्शा का पीछा कर रहा है। इस निरंतर अनुसरण ने मुझे अपनी सुरक्षा के लिए अत्यधिक चिंतित और भयभीत कर दिया है। मैं पुलिस से जांच करने और इस व्यक्ति को मेरा पीछा करने से रोकने का अनुरोध करता हूं। मैं उस व्यक्ति की पहचान करने और जरूरत पड़ने पर और विवरण प्रदान करने को तैयार हूं।,स्टॉकिंग
"मैं रिपोर्ट करना चाहता हूं कि मुझे एक फर्जी ईमेल आईडी के जरिए ऑनलाइन परेशान किया जा रहा है। एक अज्ञात उपयोगकर्ता पिछले शुक्रवार से मुझे अपमानजनक और धमकी भरे संदेश भेज रहा है। उन्होंने मेरी सहमति के बिना मेरी तस्वीरों का उपयोग करके एक फर्जी प्रोफ़ाइल भी बनाई है। यह व्यक्ति मेरे दोस्तों और रिश्तेदारों को मेरे बारे में आपत्तिजनक सामग्री वाले संदेश भेज रहा है। मैंने खाते को ब्लॉक करने का प्रयास किया है, लेकिन नए नकली खाते सामने आते रहते हैं। इस ऑनलाइन उत्पीड़न के कारण मुझे बहुत तनाव और शर्मिंदगी उठानी पड़ रही है। मैं साइबर क्राइम सेल से अनुरोध करता हूं कि खाते का पता लगाया जाए और सख्त कार्रवाई की जाए। मैं उत्पीड़न के सबूत के रूप में स्क्रीनशॉट और चैट इतिहास साझा कर सकता हूं।",साइबर उत्पीड़न
"मैं खराड़ी में रहने वाले अपने सहपाठी द्वारा मुझे दी गई धमकियों के संबंध में शिकायत दर्ज करा रहा हूं। धमकियां 15 जुलाई को हमारे बीच मामूली विवाद के बाद शुरू हुईं। उन्होंने मुझे बोलने पर हमला करने और मेरी संपत्ति को नुकसान पहुंचाने की धमकी दी है। इससे मेरे और मेरे परिवार के सदस्यों में काफी डर और चिंता पैदा हो गई है। मैंने किसी भी टकराव से परहेज किया है, लेकिन धमकियां इसकी परवाह किए बिना जारी हैं। इलाके के पड़ोसियों को भी तनाव की जानकारी है और वे इसकी पुष्टि कर सकते हैं. मेरा अनुरोध है कि मेरी सुरक्षा सुनिश्चित करने के लिए उचित कानूनी कार्रवाई की जाए। धमकियों की गंभीर प्रकृति को देखते हुए कृपया इस मामले पर तत्परता से विचार करें।",धमकी
सदर बाजार में रहने वाले मेरे समाज के एक व्यक्ति द्वारा मुझे और मेरे परिवार को परेशान किया जा रहा है। उत्पीड़न पिछले शुक्रवार से जारी है। जब भी वे मुझे देखते हैं तो भद्दे कमेंट करते हैं और परेशानी पैदा करने की कोशिश करते हैं। आधी रात के आसपास स्थिति तब और खराब हो गई जब वे मुझसे सीधे भिड़ गए। इस लगातार उत्पीड़न के कारण मैं काम पर जाने में असुरक्षित महसूस करती हूं। मेरे परिवार के सदस्यों ने भी कई मौकों पर इस व्यवहार को देखा है। मैं तत्काल हस्तक्षेप का अनुरोध करता हूं ताकि यह उत्पीड़न स्थायी रूप से बंद हो जाए। कृपया मेरी शिकायत दर्ज कर आवश्यक कानूनी कार्रवाई करें।,उत्पीड़न
"मैं खराड़ी में देखी गई एक संदिग्ध गतिविधि की रिपोर्ट करना चाहता हूं। पिछले शुक्रवार से, अज्ञात व्यक्ति विषम समय में परित्यक्त इमारत के पास इकट्ठा हो रहे हैं। निवासियों को संदेह है कि रात में वहां कुछ अवैध गतिविधि हो सकती है। उस स्थान से तेज़ आवाज़ें और कभी-कभार बहसें सुनाई देती रही हैं। इससे आसपास रहने वाले परिवारों में सुरक्षा संबंधी चिंताएं बढ़ गई हैं। स्थानीय वार्ड कार्यालय को सूचित करने के बावजूद कोई आधिकारिक कार्रवाई नहीं की गई है। मैं अधिकारियों से इस मामले की जांच करने और निवासियों की सुरक्षा सुनिश्चित करने का अनुरोध करता हूं। यदि आवश्यक हुआ तो मैं अधिक विवरण प्रदान करने या अधिकारियों के साथ जाने को तैयार हूं।",अन्य
मुझे और मेरे परिवार को कल्याण में रहने वाले एक अज्ञात व्यक्ति द्वारा परेशान किया जा रहा है। 22 जून से उत्पीड़न जारी है। जब भी वे मुझे देखते हैं तो भद्दे कमेंट करते हैं और परेशानी पैदा करने की कोशिश करते हैं। आधी रात के आसपास स्थिति तब और खराब हो गई जब वे मुझसे सीधे भिड़ गए। इस लगातार उत्पीड़न के कारण मैं काम पर जाने में असुरक्षित महसूस करती हूं। मेरे परिवार के सदस्यों ने भी कई मौकों पर इस व्यवहार को देखा है। मैं तत्काल हस्तक्षेप का अनुरोध करता हूं ताकि यह उत्पीड़न स्थायी रूप से बंद हो जाए। कृपया मेरी शिकायत दर्ज कर आवश्यक कानूनी कार्रवाई करें।,उत्पीड़न
"मैं खराड़ी में देखी गई एक संदिग्ध गतिविधि की रिपोर्ट करना चाहता हूं। पिछले दो सप्ताह से, अज्ञात व्यक्ति अजीब समय पर परित्यक्त इमारत के पास इकट्ठा हो रहे हैं। निवासियों को संदेह है कि रात में वहां कुछ अवैध गतिविधि हो सकती है। उस स्थान से तेज़ आवाज़ें और कभी-कभार बहसें सुनाई देती रही हैं। इससे आसपास रहने वाले परिवारों में सुरक्षा संबंधी चिंताएं बढ़ गई हैं। स्थानीय वार्ड कार्यालय को सूचित करने के बावजूद कोई आधिकारिक कार्रवाई नहीं की गई है। मैं अधिकारियों से इस मामले की जांच करने और निवासियों की सुरक्षा सुनिश्चित करने का अनुरोध करता हूं। यदि आवश्यक हुआ तो मैं अधिक विवरण प्रदान करने या अधिकारियों के साथ जाने को तैयार हूं।",अन्य
"मैं खरादी में हुई छेड़छाड़ की एक घटना की रिपोर्ट करना चाहता हूं। जब मैं काम से लौट रही थी, तो चलते समय लड़कों के एक समूह ने मुझ पर अश्लील टिप्पणियाँ कीं। उन्होंने सीटियां भी बजाईं और मेरे और मेरे दोस्त की ओर अनुचित इशारे भी किए। जब मैंने उन्हें नज़रअंदाज कर दूर जाने की कोशिश की तो उन्होंने कुछ दूर तक पीछा किया। इस तरह के व्यवहार से मुझे अकेले यात्रा करते समय असुरक्षित महसूस होने लगा है। क्षेत्र की अन्य महिलाओं को भी उसी स्थान पर इसी तरह के उत्पीड़न का सामना करना पड़ा है। मैं ऐसी घटनाओं को रोकने के लिए इस क्षेत्र में पुलिस गश्त बढ़ाने का अनुरोध करता हूं। यदि लाइन-अप या सीसीटीवी समीक्षा की व्यवस्था की जाती है तो मैं व्यक्तियों की पहचान करने के लिए तैयार हूं।",ईव टीज़िंग
"मैं शिवाजी नगर में एक अज्ञात व्यक्ति द्वारा लगातार मेरे साथ हो रहे उत्पीड़न की रिपोर्ट करना चाहती हूं। यह पिछले शुक्रवार को शुरू हुआ और तब से रुका नहीं है। एक अज्ञात व्यक्ति दूसरों के सामने मेरे बारे में अपमानजनक टिप्पणियाँ करता रहता है। दो दिन पहले इस व्यक्ति ने मेरे घर के पास फिर मेरे साथ गलत हरकत की. मैंने उनसे विनम्रतापूर्वक रुकने के लिए कहा, लेकिन वे मुझे परेशान करते रहे। इससे मेरी मानसिक शांति प्रभावित हो रही है और मुझे अकेले बाहर निकलने में डर लगता है।' मैं पुलिस से जिम्मेदार व्यक्ति के खिलाफ सख्त कार्रवाई करने का अनुरोध करता हूं।' मैं जांच के लिए आवश्यक कोई भी अतिरिक्त विवरण प्रदान करने के लिए तैयार हूं।",उत्पीड़न
"मुझे मेरा पूर्व-प्रेमी ब्लैकमेल कर रहा है जो मेरे बारे में निजी जानकारी उजागर करने की धमकी दे रहा है। कुछ दिन पहले फेसबुक पर मैसेज के जरिए ब्लैकमेल की कोशिशें शुरू हुईं। वे रुपये मांग रहे हैं. 1,00,000 न देने पर वे मुझे सार्वजनिक रूप से बदनाम करने की धमकी देते हैं। मैंने अब तक उनकी कोई भी मांग नहीं मानी है।' लगातार मिल रही इन धमकियों से मानसिक दबाव असहनीय होता जा रहा है। मैंने इस मामले से जुड़े सभी मैसेज और कॉल का रिकॉर्ड रखा है.' मैं इस ब्लैकमेल को रोकने और मेरी गोपनीयता की रक्षा के लिए तत्काल कार्रवाई का अनुरोध करता हूं। कृपया सलाह दें कि मैं इस व्यक्ति के खिलाफ क्या कानूनी कदम उठा सकता हूं।",ब्लैकमेल
"मुझे लड़कों के एक समूह द्वारा ब्लैकमेल किया जा रहा है जो मेरे बारे में निजी जानकारी उजागर करने की धमकी दे रहा है। कुछ दिन पहले इंस्टाग्राम पर मैसेज के जरिए ब्लैकमेल की कोशिशें शुरू हुईं। वे रुपये मांग रहे हैं. 35,000 न देने पर वे मुझे सार्वजनिक रूप से बदनाम करने की धमकी देते हैं। मैंने अब तक उनकी कोई भी मांग नहीं मानी है।' लगातार मिल रही इन धमकियों से मानसिक दबाव असहनीय होता जा रहा है। मैंने इस मामले से जुड़े सभी मैसेज और कॉल का रिकॉर्ड रखा है.' मैं इस ब्लैकमेल को रोकने और मेरी गोपनीयता की रक्षा के लिए तत्काल कार्रवाई का अनुरोध करता हूं। कृपया सलाह दें कि मैं इस व्यक्ति के खिलाफ क्या कानूनी कदम उठा सकता हूं।",ब्लैकमेल
मैं नासिक रोड पर हुई छेड़छाड़ की एक घटना की रिपोर्ट करना चाहता हूं। जब मैं काम से लौट रही थी तो बस स्टॉप पर एक आदमी ने चलते समय मुझ पर अश्लील टिप्पणी की। उन्होंने सीटियां भी बजाईं और मेरे और मेरे दोस्त की ओर अनुचित इशारे भी किए। जब मैंने उन्हें नज़रअंदाज कर दूर जाने की कोशिश की तो उन्होंने कुछ दूर तक पीछा किया। इस तरह के व्यवहार से मुझे अकेले यात्रा करते समय असुरक्षित महसूस होने लगा है। क्षेत्र की अन्य महिलाओं को भी उसी स्थान पर इसी तरह के उत्पीड़न का सामना करना पड़ा है। मैं ऐसी घटनाओं को रोकने के लिए इस क्षेत्र में पुलिस गश्त बढ़ाने का अनुरोध करता हूं। यदि लाइन-अप या सीसीटीवी समीक्षा की व्यवस्था की जाती है तो मैं व्यक्तियों की पहचान करने के लिए तैयार हूं।,ईव टीज़िंग
"मैं विले पार्ले में शोर और उपद्रव के संबंध में एक सामान्य सुरक्षा शिकायत दर्ज करना चाहता हूं। 15 जुलाई से, पास का एक प्रतिष्ठान अनुमत समय से अधिक जोर-शोर से काम कर रहा है। इससे आस-पड़ोस की शांति भंग हो गई है, विशेषकर बुजुर्ग निवासियों और बच्चों के लिए। मालिकों से शोर कम करने के बार-बार अनुरोध को नजरअंदाज कर दिया गया है। सप्ताहांत पर स्थिति और भी गंभीर हो जाती है जब अशांति देर रात तक जारी रहती है। इस मुद्दे को स्थानीय अधिकारियों के सामने उठाने के लिए कई पड़ोसी एकजुट हुए हैं। मैं यह सुनिश्चित करने के लिए आवश्यक कार्रवाई का अनुरोध करता हूं कि शोर के स्तर को नियंत्रण में लाया जाए। कृपया निवासियों की भलाई के लिए इस मामले पर जल्द से जल्द ध्यान दें।",अन्य
"मैं बानेर में अपने निवास पर अपने ससुराल वालों द्वारा झेली जा रही घरेलू हिंसा की रिपोर्ट करना चाहती हूं। पिछले दो सप्ताह से शारीरिक और मानसिक शोषण जारी है। छोटी-छोटी घरेलू बातों पर अक्सर मुझे पीटा जाता है और गाली-गलौज की जाती है। उन्होंने मुझे बिना किसी सहारे के घर से बाहर निकाल देने की धमकी भी दी है. मेरे बच्चों ने ये घटनाएं देखी हैं, जिसका उन पर बुरा असर पड़ा है.' मैंने इसे शांतिपूर्ण तरीके से सुलझाने की कोशिश की है, लेकिन दुर्व्यवहार बढ़ता ही जा रहा है। मैं इस दुरुपयोग के लिए जिम्मेदार लोगों के खिलाफ सुरक्षा और कानूनी कार्रवाई का अनुरोध करता हूं। यदि आवश्यक हुआ तो मैं मेडिकल रिकॉर्ड और गवाहों के बयान उपलब्ध कराने के लिए तैयार हूं।",घरेलू हिंसा
"मैं रिपोर्ट करना चाहती हूं कि एक डेटिंग ऐप के जरिए मुझे ऑनलाइन परेशान किया जा रहा है। एक अज्ञात यूजर 22 जून से मुझे अपमानजनक और धमकी भरे संदेश भेज रहा है। उन्होंने मेरी सहमति के बिना मेरी तस्वीरों का उपयोग करके एक फर्जी प्रोफ़ाइल भी बनाई है। यह व्यक्ति मेरे दोस्तों और रिश्तेदारों को मेरे बारे में आपत्तिजनक सामग्री वाले संदेश भेज रहा है। मैंने खाते को ब्लॉक करने का प्रयास किया है, लेकिन नए नकली खाते सामने आते रहते हैं। इस ऑनलाइन उत्पीड़न के कारण मुझे बहुत तनाव और शर्मिंदगी उठानी पड़ रही है। मैं साइबर क्राइम सेल से अनुरोध करता हूं कि खाते का पता लगाया जाए और सख्त कार्रवाई की जाए। मैं उत्पीड़न के सबूत के रूप में स्क्रीनशॉट और चैट इतिहास साझा कर सकता हूं।",साइबर उत्पीड़न
"मैं कल्याण में शोर और उपद्रव के संबंध में एक सामान्य सुरक्षा शिकायत दर्ज करना चाहता हूं। पिछले दो सप्ताह से, पास का एक प्रतिष्ठान अनुमत घंटों से अधिक जोर-शोर से काम कर रहा है। इससे आस-पड़ोस की शांति भंग हो गई है, विशेषकर बुजुर्ग निवासियों और बच्चों के लिए। मालिकों से शोर कम करने के बार-बार अनुरोध को नजरअंदाज कर दिया गया है। सप्ताहांत पर स्थिति और भी गंभीर हो जाती है जब अशांति देर रात तक जारी रहती है। इस मुद्दे को स्थानीय अधिकारियों के सामने उठाने के लिए कई पड़ोसी एकजुट हुए हैं। मैं यह सुनिश्चित करने के लिए आवश्यक कार्रवाई का अनुरोध करता हूं कि शोर के स्तर को नियंत्रण में लाया जाए। कृपया निवासियों की भलाई के लिए इस मामले पर जल्द से जल्द ध्यान दें।",अन्य
"यह लगभग रु. की नकदी से संबंधित चोरी की घटना की रिपोर्ट है। कल्याण इलाके में 15,000। यह तब हुआ जब मैं बाजार से वापस आ रहा था, जब मैं थोड़ी देर के लिए वहां से हट गया था। वापस लौटने पर मुझे पता चला कि मेरा सामान कोई अज्ञात व्यक्ति ले गया है। अनुमानित नुकसान लगभग रु. 20,000, जो मेरे लिए एक महत्वपूर्ण राशि है। आसपास कुछ लोग भी थे, लेकिन किसी को चोरी होने का पता नहीं चला। मैंने आस-पास की दुकानों और निवासियों से जांच की है, लेकिन अभी तक कोई सुराग नहीं मिला है। मेरा अनुरोध है कि जल्द से जल्द मामला दर्ज किया जाए और जांच की जाए।' मैं जांच प्रक्रिया में पूरा सहयोग करने को तैयार हूं।'",चोरी
"मैं सदर बाजार में हुई मेरे नकदी और कार्ड वाले पर्स की चोरी की रिपोर्ट करना चाहता हूं। घटना दो दिन पहले मुख्य बाजार इलाके के पास हुई. जब मुझे एहसास हुआ कि यह गायब है, तो मैंने तुरंत आसपास की जाँच की लेकिन कुछ नहीं मिला। मुझे संदेह है कि इसे किसी ऐसे व्यक्ति ने चुराया है जो कुछ समय से मेरा पीछा कर रहा था। चोरी गए सामान की अनुमानित कीमत करीब तीन लाख रुपये है। 8,000. मैंने स्थानीय दुकानदारों को पहले ही सूचित कर दिया है कि उन्हें कुछ भी असामान्य दिखे। मैं पुलिस से मामले की जांच करने और मेरा सामान बरामद करने में मदद करने का अनुरोध करता हूं। यदि उपलब्ध हो तो मैं कोई भी अतिरिक्त विवरण या सीसीटीवी फुटेज स्थान प्रदान करने के लिए तैयार हूं।",चोरी
"एक व्यक्ति, जिसकी पहचान एक अज्ञात व्यक्ति के रूप में की गई है, कुछ दिनों से मेरा पीछा कर रहा है। आज सुबह-सुबह वे मेरे कॉलेज के गेट के पास खड़े होकर मुझे देखते दिखे। मेरे कई बार मना करने के बाद भी वे बार-बार मुझसे बात करने की कोशिश करते हैं। मेरे दोस्तों ने भी देखा है कि यह व्यक्ति अलग-अलग दिनों में मेरा पीछा कर रहा है। ऐसा लगता है कि यह व्यक्ति मेरी दिनचर्या जानता है, जो बहुत चिंताजनक है। मुझे डर है कि अगर इसे नहीं रोका गया तो यह और भी खतरनाक रूप ले सकता है। मेरा अनुरोध है कि इस व्यक्ति के खिलाफ तुरंत सख्त कार्रवाई की जाए।' कृपया मेरी सुरक्षा सुनिश्चित करने के लिए अगले कदमों पर मेरा मार्गदर्शन करें।",स्टॉकिंग
मैं घर में लगातार घरेलू दुर्व्यवहार के लिए अपनी सास के खिलाफ यह शिकायत दर्ज करा रही हूं। पिछले शुक्रवार से मुझ पर शारीरिक हमला और उत्पीड़न किया जा रहा है। मुझे बुनियादी ज़रूरतों से भी वंचित कर दिया जाता है और बिना कारण घर तक सीमित कर दिया जाता है। जब भी मैं बोलने की कोशिश करता हूं तो बार-बार हिंसा की धमकियां मिलती रहती हैं। मेरे रिश्तेदार स्थिति से अवगत हैं और दुर्व्यवहार की गवाही दे सकते हैं। मुझे अपनी सुरक्षा और मेरे साथ रहने वाले मेरे बच्चों की सुरक्षा का डर है। मैं कानून के तहत तत्काल सुरक्षा और उचित कानूनी कार्रवाई का अनुरोध करता हूं। कृपया मेरी स्थिति के लिए उपलब्ध आश्रय और कानूनी सहायता के संबंध में मेरा मार्गदर्शन करें।,घरेलू हिंसा
"मैं ठाणे में हुई अपने दोपहिया वाहन की चोरी की रिपोर्ट करना चाहता हूं। यह घटना तब हुई जब मैं बाजार से वापस आ रहा था, मुख्य बाजार क्षेत्र के पास। जब मुझे एहसास हुआ कि यह गायब है, तो मैंने तुरंत आसपास की जाँच की लेकिन कुछ नहीं मिला। मुझे संदेह है कि इसे किसी ऐसे व्यक्ति ने चुराया है जो कुछ समय से मेरा पीछा कर रहा था। चोरी गए सामान की अनुमानित कीमत करीब तीन लाख रुपये है। 20,000. मैंने स्थानीय दुकानदारों को पहले ही सूचित कर दिया है कि उन्हें कुछ भी असामान्य दिखे। मैं पुलिस से मामले की जांच करने और मेरा सामान बरामद करने में मदद करने का अनुरोध करता हूं। यदि उपलब्ध हो तो मैं कोई भी अतिरिक्त विवरण या सीसीटीवी फुटेज स्थान प्रदान करने के लिए तैयार हूं।",चोरी
"मैं दादर में हुई अपने लैपटॉप बैग की चोरी की रिपोर्ट दर्ज कराना चाहता हूं। घटना आज सुबह करीब 8 बजे मुख्य बाजार इलाके के पास हुई. जब मुझे एहसास हुआ कि यह गायब है, तो मैंने तुरंत आसपास की जाँच की लेकिन कुछ नहीं मिला। मुझे संदेह है कि इसे किसी ऐसे व्यक्ति ने चुराया है जो कुछ समय से मेरा पीछा कर रहा था। चोरी गए सामान की अनुमानित कीमत करीब तीन लाख रुपये है। 12,000. मैंने स्थानीय दुकानदारों को पहले ही सूचित कर दिया है कि उन्हें कुछ भी असामान्य दिखे। मैं पुलिस से मामले की जांच करने और मेरा सामान बरामद करने में मदद करने का अनुरोध करता हूं। यदि उपलब्ध हो तो मैं कोई भी अतिरिक्त विवरण या सीसीटीवी फुटेज स्थान प्रदान करने के लिए तैयार हूं।",चोरी
"मैं वाशी में हुई छेड़छाड़ की एक घटना की रिपोर्ट करना चाहता हूं। पिछले हफ्ते, जब मैं पैदल जा रही थी तो बस स्टॉप पर एक आदमी ने मुझ पर अश्लील टिप्पणियाँ कीं। उन्होंने सीटियां भी बजाईं और मेरे और मेरे दोस्त की ओर अनुचित इशारे भी किए। जब मैंने उन्हें नज़रअंदाज कर दूर जाने की कोशिश की तो उन्होंने कुछ दूर तक पीछा किया। इस तरह के व्यवहार से मुझे अकेले यात्रा करते समय असुरक्षित महसूस होने लगा है। क्षेत्र की अन्य महिलाओं को भी उसी स्थान पर इसी तरह के उत्पीड़न का सामना करना पड़ा है। मैं ऐसी घटनाओं को रोकने के लिए इस क्षेत्र में पुलिस गश्त बढ़ाने का अनुरोध करता हूं। यदि लाइन-अप या सीसीटीवी समीक्षा की व्यवस्था की जाती है तो मैं व्यक्तियों की पहचान करने के लिए तैयार हूं।",ईव टीज़िंग
"मैं नासिक रोड में रहने वाले एक अजनबी द्वारा मुझे दी गई धमकियों के संबंध में शिकायत दर्ज कर रही हूं। हमारे बीच मामूली विवाद के बाद पिछले दो सप्ताह से धमकियां मिलनी शुरू हो गईं। उन्होंने मुझे बोलने पर हमला करने और मेरी संपत्ति को नुकसान पहुंचाने की धमकी दी है। इससे मेरे और मेरे परिवार के सदस्यों में काफी डर और चिंता पैदा हो गई है। मैंने किसी भी टकराव से परहेज किया है, लेकिन धमकियां इसकी परवाह किए बिना जारी हैं। इलाके के पड़ोसियों को भी तनाव की जानकारी है और वे इसकी पुष्टि कर सकते हैं. मेरा अनुरोध है कि मेरी सुरक्षा सुनिश्चित करने के लिए उचित कानूनी कार्रवाई की जाए। धमकियों की गंभीर प्रकृति को देखते हुए कृपया इस मामले पर तत्परता से विचार करें।",धमकी
"मैं पिंपरी में शोर और उपद्रव के संबंध में एक सामान्य सुरक्षा शिकायत दर्ज करना चाहता हूं। 22 जून से, पास का एक प्रतिष्ठान अनुमत समय से अधिक जोर-शोर से काम कर रहा है। इससे आस-पड़ोस की शांति भंग हो गई है, विशेषकर बुजुर्ग निवासियों और बच्चों के लिए। मालिकों से शोर कम करने के बार-बार अनुरोध को नजरअंदाज कर दिया गया है। सप्ताहांत पर स्थिति और भी गंभीर हो जाती है जब अशांति देर रात तक जारी रहती है। इस मुद्दे को स्थानीय अधिकारियों के सामने उठाने के लिए कई पड़ोसी एकजुट हुए हैं। मैं यह सुनिश्चित करने के लिए आवश्यक कार्रवाई का अनुरोध करता हूं कि शोर के स्तर को नियंत्रण में लाया जाए। कृपया निवासियों की भलाई के लिए इस मामले पर जल्द से जल्द ध्यान दें।",अन्य
मैं घर में लगातार घरेलू दुर्व्यवहार के लिए अपनी सास के खिलाफ यह शिकायत दर्ज करा रही हूं। 15 जुलाई से मुझे शारीरिक उत्पीड़न और उत्पीड़न का शिकार होना पड़ रहा है। मुझे बुनियादी ज़रूरतों से भी वंचित कर दिया जाता है और बिना कारण घर तक सीमित कर दिया जाता है। जब भी मैं बोलने की कोशिश करता हूं तो बार-बार हिंसा की धमकियां मिलती रहती हैं। मेरे रिश्तेदार स्थिति से अवगत हैं और दुर्व्यवहार की गवाही दे सकते हैं। मुझे अपनी सुरक्षा और मेरे साथ रहने वाले मेरे बच्चों की सुरक्षा का डर है। मैं कानून के तहत तत्काल सुरक्षा और उचित कानूनी कार्रवाई का अनुरोध करता हूं। कृपया मेरी स्थिति के लिए उपलब्ध आश्रय और कानूनी सहायता के संबंध में मेरा मार्गदर्शन करें।,घरेलू हिंसा
"एक व्यक्ति, जिसकी पहचान लड़कों के एक समूह के रूप में की गई है, कुछ दिनों से मेरा पीछा कर रहा है। मेरी शाम की सैर के दौरान वे मेरे कॉलेज के गेट के पास खड़े होकर मुझे देखते दिखे। मेरे कई बार मना करने के बाद भी वे बार-बार मुझसे बात करने की कोशिश करते हैं। मेरे दोस्तों ने भी देखा है कि यह व्यक्ति अलग-अलग दिनों में मेरा पीछा कर रहा है। ऐसा लगता है कि यह व्यक्ति मेरी दिनचर्या जानता है, जो बहुत चिंताजनक है। मुझे डर है कि अगर इसे नहीं रोका गया तो यह और भी खतरनाक रूप ले सकता है। मेरा अनुरोध है कि इस व्यक्ति के खिलाफ तुरंत सख्त कार्रवाई की जाए।' कृपया मेरी सुरक्षा सुनिश्चित करने के लिए अगले कदमों पर मेरा मार्गदर्शन करें।",स्टॉकिंग
"किसी अज्ञात फ़ोन नंबर पर कोई मुझे बार-बार अनुचित संदेश और टिप्पणियाँ भेज रहा है। यह उत्पीड़न पिछले एक महीने से शुरू हुआ और हाल ही में इसकी आवृत्ति में वृद्धि हुई है। उस व्यक्ति ने मेरे सार्वजनिक पोस्ट पर भी अश्लील टिप्पणी की है.' मैंने उन्हें समझाने की कोशिश की, लेकिन उन्होंने और भी अश्लील संदेश जारी रखे। उन्होंने मेरे दोस्तों और परिवार को भी शर्मनाक और झूठे पोस्ट में टैग किया। मैं बेहद परेशान हूं और अब शांति से सोशल मीडिया का इस्तेमाल नहीं कर पा रहा हूं।' मेरा अनुरोध है कि खाते का पता लगाया जाए और उचित कार्रवाई की जाए। मैं अपनी शिकायत के समर्थन में आवश्यक स्क्रीनशॉट संलग्न कर रहा हूं।",साइबर उत्पीड़न
"मैं वकाड में अपने निवास पर अपने ससुराल वालों द्वारा झेली जा रही घरेलू हिंसा की रिपोर्ट करना चाहती हूं। 22 जून से लगातार शारीरिक और मानसिक शोषण जारी है। छोटी-छोटी घरेलू बातों पर अक्सर मुझे पीटा जाता है और गाली-गलौज की जाती है। उन्होंने मुझे बिना किसी सहारे के घर से बाहर निकाल देने की धमकी भी दी है. मेरे बच्चों ने ये घटनाएं देखी हैं, जिसका उन पर बुरा असर पड़ा है.' मैंने इसे शांतिपूर्ण तरीके से सुलझाने की कोशिश की है, लेकिन दुर्व्यवहार बढ़ता ही जा रहा है। मैं इस दुरुपयोग के लिए जिम्मेदार लोगों के खिलाफ सुरक्षा और कानूनी कार्रवाई का अनुरोध करता हूं। यदि आवश्यक हुआ तो मैं मेडिकल रिकॉर्ड और गवाहों के बयान उपलब्ध कराने के लिए तैयार हूं।",घरेलू हिंसा
"मुझे मेरे जीजा द्वारा ब्लैकमेल किया जा रहा है जो मेरे बारे में निजी जानकारी उजागर करने की धमकी दे रहा है। इस महीने की 3 तारीख को फेसबुक पर संदेशों के जरिए ब्लैकमेल की कोशिशें शुरू हुईं। वे रुपये मांग रहे हैं. 2,50,000 न देने पर वे मुझे सार्वजनिक रूप से बदनाम करने की धमकी देते हैं। मैंने अब तक उनकी कोई भी मांग नहीं मानी है।' लगातार मिल रही इन धमकियों से मानसिक दबाव असहनीय होता जा रहा है। मैंने इस मामले से जुड़े सभी मैसेज और कॉल का रिकॉर्ड रखा है.' मैं इस ब्लैकमेल को रोकने और मेरी गोपनीयता की रक्षा के लिए तत्काल कार्रवाई का अनुरोध करता हूं। कृपया सलाह दें कि मैं इस व्यक्ति के खिलाफ क्या कानूनी कदम उठा सकता हूं।",ब्लैकमेल
"यह वाशी इलाके में घरेलू इलेक्ट्रॉनिक्स से जुड़ी एक चोरी की घटना की रिपोर्ट करने के लिए है। यह मेरी शाम की सैर के दौरान हुआ, जब मैं थोड़ी देर के लिए उस स्थान से हट गया था। वापस लौटने पर मुझे पता चला कि मेरा सामान कोई अज्ञात व्यक्ति ले गया है। अनुमानित नुकसान लगभग रु. 50,000, जो मेरे लिए एक महत्वपूर्ण राशि है। आसपास कुछ लोग भी थे, लेकिन किसी को चोरी होने का पता नहीं चला। मैंने आस-पास की दुकानों और निवासियों से जांच की है, लेकिन अभी तक कोई सुराग नहीं मिला है। मेरा अनुरोध है कि जल्द से जल्द मामला दर्ज किया जाए और जांच की जाए।' मैं जांच प्रक्रिया में पूरा सहयोग करने को तैयार हूं।'",चोरी
"मैं कैंप क्षेत्र में हुई घरेलू इलेक्ट्रॉनिक्स की चोरी की रिपोर्ट करना चाहता हूं। यह घटना आधी रात के आसपास मुख्य बाजार क्षेत्र के पास हुई। जब मुझे एहसास हुआ कि यह गायब है, तो मैंने तुरंत आसपास की जाँच की लेकिन कुछ नहीं मिला। मुझे संदेह है कि इसे किसी ऐसे व्यक्ति ने चुराया है जो कुछ समय से मेरा पीछा कर रहा था। चोरी गए सामान की अनुमानित कीमत करीब तीन लाख रुपये है। 35,000. मैंने स्थानीय दुकानदारों को पहले ही सूचित कर दिया है कि उन्हें कुछ भी असामान्य दिखे। मैं पुलिस से मामले की जांच करने और मेरा सामान बरामद करने में मदद करने का अनुरोध करता हूं। यदि उपलब्ध हो तो मैं कोई भी अतिरिक्त विवरण या सीसीटीवी फुटेज स्थान प्रदान करने के लिए तैयार हूं।",चोरी
"मैं रिपोर्ट करना चाहता हूं कि मुझे पिंपरी में लड़कों के एक समूह से गंभीर धमकियां मिली हैं। पिछले एक महीने से यह व्यक्ति मुझे और मेरे परिवार को नुकसान पहुंचाने की धमकी दे रहा है। अगर मैंने उनकी मांगें नहीं मानी तो उन्होंने मुझे गंभीर परिणाम भुगतने की चेतावनी दी है। धमकियाँ व्यक्तिगत रूप से और फोन कॉल दोनों पर दी गई हैं। मैं इन धमकियों के कारण अपने परिवार की सुरक्षा को लेकर बेहद चिंतित हूं।' मैंने उनकी किसी भी मांग का जवाब नहीं दिया, जिससे उनका गुस्सा और बढ़ गया है.' मैं पुलिस सुरक्षा और मुझे धमकी देने वाले व्यक्ति के खिलाफ तत्काल कार्रवाई का अनुरोध करता हूं। मैं इस शिकायत के समर्थन में कॉल रिकॉर्डिंग और गवाह विवरण प्रदान कर सकता हूं।",धमकी
